codigo,producto,descripcion,marca,categoria,subcategoria,unidad_medida,precio,precio_mayoreo,precio_menudeo
MAP-00001,Azulejos Holcim Modelo 1,Producto de alta calidad de la marca Holcim para uso en acabados,Holcim,Acabados,Azulejos,Barra,7020.55,5911.63,8237.21
MAP-00002,Pisos Ternium Modelo 2,Producto de alta calidad de la marca Ternium para uso en acabados,Ternium,Acabados,Pisos,Litro,1364.51,1038.07,1542.65
MAP-00003,Blocks Cemex Modelo 3,Producto de alta calidad de la marca Cemex para uso en materiales básicos,Cemex,Materiales Básicos,Blocks,Galón,773.82,691.4,854.56
MAP-00004,Pisos DeAcero Modelo 4,Producto de alta calidad de la marca DeAcero para uso en acabados,DeAcero,Acabados,Pisos,Metro,2050.75,1674.01,2281.37
MAP-00005,Tepetate Ternium Modelo 5,Producto de alta calidad de la marca Ternium para uso en agregados,Ternium,Agregados,Tepetate,Litro,2030.71,1570.72,2349.94
MAP-00006,Pintura DeAcero Modelo 6,Producto de alta calidad de la marca DeAcero para uso en acabados,DeAcero,Acabados,Pintura,Metro,3488.48,2912.62,3737.73
MAP-00007,Tepetate Cruz Azul Modelo 7,Producto de alta calidad de la marca Cruz Azul para uso en agregados,Cruz Azul,Agregados,Tepetate,Kg,6995.19,5593.79,8726.83
MAP-00008,Pintura DeAcero Modelo 8,Producto de alta calidad de la marca DeAcero para uso en acabados,DeAcero,Acabados,Pintura,Caja,5904.52,4845.23,6559.81
MAP-00009,Arena Holcim Modelo 9,Producto de alta calidad de la marca Holcim para uso en agregados,Holcim,Agregados,Arena,Galón,7221.5,5968.08,8598.24
MAP-00010,Pintura Cruz Azul Modelo 10,Producto de alta calidad de la marca Cruz Azul para uso en acabados,Cruz Azul,Acabados,Pintura,Galón,5340.41,4065.22,6555.03
MAP-00011,Grava Holcim Modelo 11,Producto de alta calidad de la marca Holcim para uso en agregados,Holcim,Agregados,Grava,Metro,3476.38,2895.86,4067.64
MAP-00012,Cementos DeAcero Modelo 12,Producto de alta calidad de la marca DeAcero para uso en materiales básicos,DeAcero,Materiales Básicos,Cementos,Litro,2609.4,2338.39,3149.09
MAP-00013,Pisos Holcim Modelo 13,Producto de alta calidad de la marca Holcim para uso en acabados,Holcim,Acabados,Pisos,Galón,6404.49,5511.85,6907.83
MAP-00014,Tepetate Holcim Modelo 14,Producto de alta calidad de la marca Holcim para uso en agregados,Holcim,Agregados,Tepetate,Galón,6111.9,5232.28,6456.63
MAP-00015,Arena Holcim Modelo 15,Producto de alta calidad de la marca Holcim para uso en agregados,Holcim,Agregados,Arena,Galón,2381.58,2047.65,2507.51
MAP-00016,Blocks Ternium Modelo 16,Producto de alta calidad de la marca Ternium para uso en materiales básicos,Ternium,Materiales Básicos,Blocks,Saco,1482.58,1219.95,1785.34
MAP-00017,Blocks Ternium Modelo 17,Producto de alta calidad de la marca Ternium para uso en materiales básicos,Ternium,Materiales Básicos,Blocks,m3,3512.57,3080.47,4260.67
MAP-00018,Grava Holcim Modelo 18,Producto de alta calidad de la marca Holcim para uso en agregados,Holcim,Agregados,Grava,Kg,6231.1,5186.89,6769.57
MAP-00019,Grava Cruz Azul Modelo 19,Producto de alta calidad de la marca Cruz Azul para uso en agregados,Cruz Azul,Agregados,Grava,Barra,4479.67,3608.54,5256.62
MAP-00020,Arena Ternium Modelo 20,Producto de alta calidad de la marca Ternium para uso en agregados,Ternium,Agregados,Arena,Saco,5664.7,4960.09,6559.79
MAP-00021,Azulejos Holcim Modelo 21,Producto de alta calidad de la marca Holcim para uso en acabados,Holcim,Acabados,Azulejos,Litro,740.97,630.4,859.03
MAP-00022,Grava Holcim Modelo 22,Producto de alta calidad de la marca Holcim para uso en agregados,Holcim,Agregados,Grava,Caja,537.57,463.68,645.28
MAP-00023,Varillas Ternium Modelo 23,Producto de alta calidad de la marca Ternium para uso en materiales básicos,Ternium,Materiales Básicos,Varillas,Saco,1646.86,1255.63,1733.1
MAP-00024,Tepetate Cemex Modelo 24,Producto de alta calidad de la marca Cemex para uso en agregados,Cemex,Agregados,Tepetate,Litro,2547.5,2124.97,2690.38
MAP-00025,Pintura Ternium Modelo 25,Producto de alta calidad de la marca Ternium para uso en acabados,Ternium,Acabados,Pintura,Saco,7314.67,6161.01,8307.19
MAP-00026,Azulejos Cemex Modelo 26,Producto de alta calidad de la marca Cemex para uso en acabados,Cemex,Acabados,Azulejos,Galón,4661.38,4046.98,5373.15
MAP-00027,Azulejos Cemex Modelo 27,Producto de alta calidad de la marca Cemex para uso en acabados,Cemex,Acabados,Azulejos,Metro,4867.97,3976.56,5336.71
MAP-00028,Tepetate Ternium Modelo 28,Producto de alta calidad de la marca Ternium para uso en agregados,Ternium,Agregados,Tepetate,Saco,3112.93,2572.35,3608.16
MAP-00029,Arena DeAcero Modelo 29,Producto de alta calidad de la marca DeAcero para uso en agregados,DeAcero,Agregados,Arena,Saco,6493.04,5551.46,7442.71
MAP-00030,Azulejos DeAcero Modelo 30,Producto de alta calidad de la marca DeAcero para uso en acabados,DeAcero,Acabados,Azulejos,m2,3439.99,2631.8,3687.02
MAP-00031,Tepetate Holcim Modelo 31,Producto de alta calidad de la marca Holcim para uso en agregados,Holcim,Agregados,Tepetate,Saco,457.84,410.61,513.94
MAP-00032,Pisos Ternium Modelo 32,Producto de alta calidad de la marca Ternium para uso en acabados,Ternium,Acabados,Pisos,Saco,2066.83,1746.31,2398.15
MAP-00033,Tepetate Ternium Modelo 33,Producto de alta calidad de la marca Ternium para uso en agregados,Ternium,Agregados,Tepetate,Metro,2962.26,2556.58,3114.45
MAP-00034,Pintura Holcim Modelo 34,Producto de alta calidad de la marca Holcim para uso en acabados,Holcim,Acabados,Pintura,Kg,4068.37,3188.35,4652.17
MAP-00035,Arena Ternium Modelo 35,Producto de alta calidad de la marca Ternium para uso en agregados,Ternium,Agregados,Arena,Pieza,7832.54,6317.12,9678.26
MAP-00036,Arena Holcim Modelo 36,Producto de alta calidad de la marca Holcim para uso en agregados,Holcim,Agregados,Arena,Litro,6625.73,5353.32,7675.53
MAP-00037,Varillas Cruz Azul Modelo 37,Producto de alta calidad de la marca Cruz Azul para uso en materiales básicos,Cruz Azul,Materiales Básicos,Varillas,Pieza,466.31,366.07,505.7
MAP-00038,Varillas Ternium Modelo 38,Producto de alta calidad de la marca Ternium para uso en materiales básicos,Ternium,Materiales Básicos,Varillas,m2,1601.21,1383.05,1839.45
MAP-00039,Azulejos Holcim Modelo 39,Producto de alta calidad de la marca Holcim para uso en acabados,Holcim,Acabados,Azulejos,Galón,5340.54,4215.02,5989.88
MAP-00040,Tepetate Holcim Modelo 40,Producto de alta calidad de la marca Holcim para uso en agregados,Holcim,Agregados,Tepetate,Galón,2324.49,2028.12,2572.68
MAP-00041,Pintura Holcim Modelo 41,Producto de alta calidad de la marca Holcim para uso en acabados,Holcim,Acabados,Pintura,m2,1960.2,1706.16,2139.02
MAP-00042,Tepetate Cemex Modelo 42,Producto de alta calidad de la marca Cemex para uso en agregados,Cemex,Agregados,Tepetate,Saco,1139.69,862.62,1338.79
MAP-00043,Blocks Cruz Azul Modelo 43,Producto de alta calidad de la marca Cruz Azul para uso en materiales básicos,Cruz Azul,Materiales Básicos,Blocks,Litro,3220.9,2483.76,3577.11
MAP-00044,Tepetate DeAcero Modelo 44,Producto de alta calidad de la marca DeAcero para uso en agregados,DeAcero,Agregados,Tepetate,Metro,513.11,437.2,603.32
MAP-00045,Pisos Cruz Azul Modelo 45,Producto de alta calidad de la marca Cruz Azul para uso en acabados,Cruz Azul,Acabados,Pisos,Kg,967.09,781.49,1205.01
MAP-00046,Blocks DeAcero Modelo 46,Producto de alta calidad de la marca DeAcero para uso en materiales básicos,DeAcero,Materiales Básicos,Blocks,Caja,2919.16,2480.26,3098.03
MAP-00047,Pisos Ternium Modelo 47,Producto de alta calidad de la marca Ternium para uso en acabados,Ternium,Acabados,Pisos,Metro,5786.35,5051.09,6319.8
MAP-00048,Azulejos Cemex Modelo 48,Producto de alta calidad de la marca Cemex para uso en acabados,Cemex,Acabados,Azulejos,Galón,251.78,211.09,295.18
MAP-00049,Arena Holcim Modelo 49,Producto de alta calidad de la marca Holcim para uso en agregados,Holcim,Agregados,Arena,m3,900.52,747.28,1120.98
MAP-00050,Tepetate Cruz Azul Modelo 50,Producto de alta calidad de la marca Cruz Azul para uso en agregados,Cruz Azul,Agregados,Tepetate,Pieza,6285.04,5301.8,7167.8
MAP-00051,Varillas Cemex Modelo 51,Producto de alta calidad de la marca Cemex para uso en materiales básicos,Cemex,Materiales Básicos,Varillas,Metro,1771.25,1445.08,2146.07
MAP-00052,Varillas DeAcero Modelo 52,Producto de alta calidad de la marca DeAcero para uso en materiales básicos,DeAcero,Materiales Básicos,Varillas,Kg,1835.8,1498.01,2114.29
MAP-00053,Pisos Cruz Azul Modelo 53,Producto de alta calidad de la marca Cruz Azul para uso en acabados,Cruz Azul,Acabados,Pisos,Kg,7533.44,5664.14,8813.6
MAP-00054,Pisos DeAcero Modelo 54,Producto de alta calidad de la marca DeAcero para uso en acabados,DeAcero,Acabados,Pisos,Kg,711.51,603.08,846.65
MAP-00055,Pintura Cemex Modelo 55,Producto de alta calidad de la marca Cemex para uso en acabados,Cemex,Acabados,Pintura,Galón,6025.46,4700.49,6450.17
MAP-00056,Grava Holcim Modelo 56,Producto de alta calidad de la marca Holcim para uso en agregados,Holcim,Agregados,Grava,Pieza,4966.3,4420.93,5493.09
MAP-00057,Pisos Ternium Modelo 57,Producto de alta calidad de la marca Ternium para uso en acabados,Ternium,Acabados,Pisos,Kg,6364.9,5097.47,7919.93
MAP-00058,Varillas DeAcero Modelo 58,Producto de alta calidad de la marca DeAcero para uso en materiales básicos,DeAcero,Materiales Básicos,Varillas,Pieza,54.68,44.83,62.15
MAP-00059,Tepetate Cruz Azul Modelo 59,Producto de alta calidad de la marca Cruz Azul para uso en agregados,Cruz Azul,Agregados,Tepetate,Litro,4501.4,3922.7,4910.44
MAP-00060,Blocks Holcim Modelo 60,Producto de alta calidad de la marca Holcim para uso en materiales básicos,Holcim,Materiales Básicos,Blocks,m2,876.36,707.14,1005.33
MAP-00061,Blocks Cemex Modelo 61,Producto de alta calidad de la marca Cemex para uso en materiales básicos,Cemex,Materiales Básicos,Blocks,Litro,3760.16,3054.78,4539.6
MAP-00062,Cementos Cruz Azul Modelo 62,Producto de alta calidad de la marca Cruz Azul para uso en materiales básicos,Cruz Azul,Materiales Básicos,Cementos,Galón,3342.3,2999.0,3557.87
MAP-00063,Azulejos Cruz Azul Modelo 63,Producto de alta calidad de la marca Cruz Azul para uso en acabados,Cruz Azul,Acabados,Azulejos,m3,2255.92,2021.66,2416.21
MAP-00064,Pintura Cemex Modelo 64,Producto de alta calidad de la marca Cemex para uso en acabados,Cemex,Acabados,Pintura,Litro,549.55,444.49,674.25
MAP-00065,Varillas DeAcero Modelo 65,Producto de alta calidad de la marca DeAcero para uso en materiales básicos,DeAcero,Materiales Básicos,Varillas,Saco,3822.54,3367.86,4018.07
MAP-00066,Pisos DeAcero Modelo 66,Producto de alta calidad de la marca DeAcero para uso en acabados,DeAcero,Acabados,Pisos,Pieza,2004.88,1548.89,2171.75
MAP-00067,Blocks Cemex Modelo 67,Producto de alta calidad de la marca Cemex para uso en materiales básicos,Cemex,Materiales Básicos,Blocks,Galón,5646.92,4550.91,6665.58
MAP-00068,Varillas Holcim Modelo 68,Producto de alta calidad de la marca Holcim para uso en materiales básicos,Holcim,Materiales Básicos,Varillas,m3,3010.94,2400.51,3244.81
MAP-00069,Arena Cemex Modelo 69,Producto de alta calidad de la marca Cemex para uso en agregados,Cemex,Agregados,Arena,Kg,3733.01,2825.99,4619.23
MAP-00070,Grava Cemex Modelo 70,Producto de alta calidad de la marca Cemex para uso en agregados,Cemex,Agregados,Grava,m2,985.66,771.37,1118.17
MAP-00071,Blocks Holcim Modelo 71,Producto de alta calidad de la marca Holcim para uso en materiales básicos,Holcim,Materiales Básicos,Blocks,Metro,4780.1,3863.81,5088.16
MAP-00072,Grava Ternium Modelo 72,Producto de alta calidad de la marca Ternium para uso en agregados,Ternium,Agregados,Grava,Kg,4738.05,3809.3,5414.35
MAP-00073,Blocks DeAcero Modelo 73,Producto de alta calidad de la marca DeAcero para uso en materiales básicos,DeAcero,Materiales Básicos,Blocks,m2,1635.3,1378.25,1992.74
MAP-00074,Cementos Cemex Modelo 74,Producto de alta calidad de la marca Cemex para uso en materiales básicos,Cemex,Materiales Básicos,Cementos,Saco,3623.17,3116.27,4120.86
MAP-00075,Varillas DeAcero Modelo 75,Producto de alta calidad de la marca DeAcero para uso en materiales básicos,DeAcero,Materiales Básicos,Varillas,Metro,166.8,139.3,194.57
MAP-00076,Arena DeAcero Modelo 76,Producto de alta calidad de la marca DeAcero para uso en agregados,DeAcero,Agregados,Arena,Caja,737.54,625.9,905.81
MAP-00077,Pintura DeAcero Modelo 77,Producto de alta calidad de la marca DeAcero para uso en acabados,DeAcero,Acabados,Pintura,Metro,6974.85,6005.29,7797.73
MAP-00078,Cementos Cemex Modelo 78,Producto de alta calidad de la marca Cemex para uso en materiales básicos,Cemex,Materiales Básicos,Cementos,Litro,5858.34,5223.97,7249.27
MAP-00079,Grava Ternium Modelo 79,Producto de alta calidad de la marca Ternium para uso en agregados,Ternium,Agregados,Grava,Kg,7920.81,6736.99,8820.07
MAP-00080,Varillas Cruz Azul Modelo 80,Producto de alta calidad de la marca Cruz Azul para uso en materiales básicos,Cruz Azul,Materiales Básicos,Varillas,Galón,3250.3,2553.97,3424.53
MAP-00081,Pintura Ternium Modelo 81,Producto de alta calidad de la marca Ternium para uso en acabados,Ternium,Acabados,Pintura,Barra,4497.58,3948.54,5074.06
MAP-00082,Grava DeAcero Modelo 82,Producto de alta calidad de la marca DeAcero para uso en agregados,DeAcero,Agregados,Grava,Galón,905.77,791.64,1095.85
MAP-00083,Pintura Ternium Modelo 83,Producto de alta calidad de la marca Ternium para uso en acabados,Ternium,Acabados,Pintura,Caja,5090.63,4491.89,5348.55
MAP-00084,Varillas Cruz Azul Modelo 84,Producto de alta calidad de la marca Cruz Azul para uso en materiales básicos,Cruz Azul,Materiales Básicos,Varillas,Saco,2917.04,2618.87,3414.66
MAP-00085,Varillas Holcim Modelo 85,Producto de alta calidad de la marca Holcim para uso en materiales básicos,Holcim,Materiales Básicos,Varillas,m3,4750.04,3754.42,5466.97
MAP-00086,Pisos Cemex Modelo 86,Producto de alta calidad de la marca Cemex para uso en acabados,Cemex,Acabados,Pisos,Litro,7478.12,6425.72,8266.46
MAP-00087,Varillas DeAcero Modelo 87,Producto de alta calidad de la marca DeAcero para uso en materiales básicos,DeAcero,Materiales Básicos,Varillas,Kg,1417.28,1202.81,1526.39
MAP-00088,Blocks Cruz Azul Modelo 88,Producto de alta calidad de la marca Cruz Azul para uso en materiales básicos,Cruz Azul,Materiales Básicos,Blocks,Kg,7511.44,5829.23,8145.53
MAP-00089,Tepetate Cemex Modelo 89,Producto de alta calidad de la marca Cemex para uso en agregados,Cemex,Agregados,Tepetate,Barra,7646.04,6129.2,8148.52
MAP-00090,Pisos Cruz Azul Modelo 90,Producto de alta calidad de la marca Cruz Azul para uso en acabados,Cruz Azul,Acabados,Pisos,Barra,1554.8,1296.96,1707.28
MAP-00091,Grava Ternium Modelo 91,Producto de alta calidad de la marca Ternium para uso en agregados,Ternium,Agregados,Grava,Metro,2449.65,2083.48,3038.02
MAP-00092,Varillas Cemex Modelo 92,Producto de alta calidad de la marca Cemex para uso en materiales básicos,Cemex,Materiales Básicos,Varillas,m2,1535.32,1170.03,1725.81
MAP-00093,Blocks Ternium Modelo 93,Producto de alta calidad de la marca Ternium para uso en materiales básicos,Ternium,Materiales Básicos,Blocks,Pieza,6645.37,5737.86,6989.2
MAP-00094,Azulejos Holcim Modelo 94,Producto de alta calidad de la marca Holcim para uso en acabados,Holcim,Acabados,Azulejos,Saco,2680.83,2350.75,3162.8
MAP-00095,Pintura Holcim Modelo 95,Producto de alta calidad de la marca Holcim para uso en acabados,Holcim,Acabados,Pintura,Metro,5910.62,5031.95,6951.36
MAP-00096,Pisos Ternium Modelo 96,Producto de alta calidad de la marca Ternium para uso en acabados,Ternium,Acabados,Pisos,Caja,1002.18,829.42,1057.67
MAP-00097,Pintura Holcim Modelo 97,Producto de alta calidad de la marca Holcim para uso en acabados,Holcim,Acabados,Pintura,Saco,5718.61,4870.74,6542.46
MAP-00098,Varillas Ternium Modelo 98,Producto de alta calidad de la marca Ternium para uso en materiales básicos,Ternium,Materiales Básicos,Varillas,Caja,7604.73,6596.17,8167.03
MAP-00099,Grava DeAcero Modelo 99,Producto de alta calidad de la marca DeAcero para uso en agregados,DeAcero,Agregados,Grava,Galón,1914.42,1701.46,2215.31
MAP-00100,Blocks Cemex Modelo 100,Producto de alta calidad de la marca Cemex para uso en materiales básicos,Cemex,Materiales Básicos,Blocks,Barra,5506.02,4677.97,6525.54
MAP-00101,Pintura Cemex Modelo 101,Producto de alta calidad de la marca Cemex para uso en acabados,Cemex,Acabados,Pintura,Galón,6574.19,5476.56,7498.29
MAP-00102,Blocks Cemex Modelo 102,Producto de alta calidad de la marca Cemex para uso en materiales básicos,Cemex,Materiales Básicos,Blocks,Saco,1509.59,1337.09,1875.22
MAP-00103,Grava Ternium Modelo 103,Producto de alta calidad de la marca Ternium para uso en agregados,Ternium,Agregados,Grava,Metro,574.96,440.55,665.9
MAP-00104,Blocks Cruz Azul Modelo 104,Producto de alta calidad de la marca Cruz Azul para uso en materiales básicos,Cruz Azul,Materiales Básicos,Blocks,Metro,4530.09,3930.0,5337.29
MAP-00105,Blocks Ternium Modelo 105,Producto de alta calidad de la marca Ternium para uso en materiales básicos,Ternium,Materiales Básicos,Blocks,m3,1463.0,1258.01,1762.86
MAP-00106,Cementos DeAcero Modelo 106,Producto de alta calidad de la marca DeAcero para uso en materiales básicos,DeAcero,Materiales Básicos,Cementos,m3,1103.77,932.74,1172.55
MAP-00107,Cementos Holcim Modelo 107,Producto de alta calidad de la marca Holcim para uso en materiales básicos,Holcim,Materiales Básicos,Cementos,m2,394.46,300.65,486.49
MAP-00108,Tepetate DeAcero Modelo 108,Producto de alta calidad de la marca DeAcero para uso en agregados,DeAcero,Agregados,Tepetate,Galón,606.99,456.08,644.13
MAP-00109,Azulejos Holcim Modelo 109,Producto de alta calidad de la marca Holcim para uso en acabados,Holcim,Acabados,Azulejos,Metro,2967.36,2388.88,3224.67
MAP-00110,Cementos Cemex Modelo 110,Producto de alta calidad de la marca Cemex para uso en materiales básicos,Cemex,Materiales Básicos,Cementos,Metro,6869.97,5251.01,7331.57
MAP-00111,Arena Cemex Modelo 111,Producto de alta calidad de la marca Cemex para uso en agregados,Cemex,Agregados,Arena,m2,4941.82,4359.88,5767.49
MAP-00112,Pintura Ternium Modelo 112,Producto de alta calidad de la marca Ternium para uso en acabados,Ternium,Acabados,Pintura,Barra,5171.16,4104.47,6190.22
MAP-00113,Varillas Cruz Azul Modelo 113,Producto de alta calidad de la marca Cruz Azul para uso en materiales básicos,Cruz Azul,Materiales Básicos,Varillas,m3,3523.87,2997.23,3944.15
MAP-00114,Pintura Cemex Modelo 114,Producto de alta calidad de la marca Cemex para uso en acabados,Cemex,Acabados,Pintura,m3,3588.28,2963.89,4463.8
MAP-00115,Tepetate Cruz Azul Modelo 115,Producto de alta calidad de la marca Cruz Azul para uso en agregados,Cruz Azul,Agregados,Tepetate,m2,4076.23,3552.32,4801.12
MAP-00116,Blocks Ternium Modelo 116,Producto de alta calidad de la marca Ternium para uso en materiales básicos,Ternium,Materiales Básicos,Blocks,Kg,3055.35,2463.35,3544.33
MAP-00117,Azulejos Ternium Modelo 117,Producto de alta calidad de la marca Ternium para uso en acabados,Ternium,Acabados,Azulejos,Barra,2362.66,2125.69,2523.34
MAP-00118,Grava DeAcero Modelo 118,Producto de alta calidad de la marca DeAcero para uso en agregados,DeAcero,Agregados,Grava,Kg,7885.99,6992.23,8498.88
MAP-00119,Arena Holcim Modelo 119,Producto de alta calidad de la marca Holcim para uso en agregados,Holcim,Agregados,Arena,Caja,5235.74,4554.3,6410.78
MAP-00120,Pintura Holcim Modelo 120,Producto de alta calidad de la marca Holcim para uso en acabados,Holcim,Acabados,Pintura,Galón,4223.03,3680.86,5226.74
MAP-00121,Cementos Holcim Modelo 121,Producto de alta calidad de la marca Holcim para uso en materiales básicos,Holcim,Materiales Básicos,Cementos,m3,5876.7,5010.95,6972.94
MAP-00122,Pintura Cruz Azul Modelo 122,Producto de alta calidad de la marca Cruz Azul para uso en acabados,Cruz Azul,Acabados,Pintura,Litro,2052.46,1748.87,2505.94
MAP-00123,Cementos DeAcero Modelo 123,Producto de alta calidad de la marca DeAcero para uso en materiales básicos,DeAcero,Materiales Básicos,Cementos,Pieza,190.9,143.35,225.25
MAP-00124,Grava Cemex Modelo 124,Producto de alta calidad de la marca Cemex para uso en agregados,Cemex,Agregados,Grava,Litro,1417.28,1177.78,1573.93
MAP-00125,Pintura Cemex Modelo 125,Producto de alta calidad de la marca Cemex para uso en acabados,Cemex,Acabados,Pintura,m2,2447.66,1879.81,2988.01
MAP-00126,Azulejos DeAcero Modelo 126,Producto de alta calidad de la marca DeAcero para uso en acabados,DeAcero,Acabados,Azulejos,m2,6737.32,5361.1,7254.24
MAP-00127,Pintura Holcim Modelo 127,Producto de alta calidad de la marca Holcim para uso en acabados,Holcim,Acabados,Pintura,m2,2001.09,1631.61,2364.71
MAP-00128,Pintura Cruz Azul Modelo 128,Producto de alta calidad de la marca Cruz Azul para uso en acabados,Cruz Azul,Acabados,Pintura,Kg,6020.19,4877.15,6359.94
MAP-00129,Pintura Cemex Modelo 129,Producto de alta calidad de la marca Cemex para uso en acabados,Cemex,Acabados,Pintura,Caja,1279.95,1053.34,1403.54
MAP-00130,Pisos Ternium Modelo 130,Producto de alta calidad de la marca Ternium para uso en acabados,Ternium,Acabados,Pisos,Caja,3050.48,2597.38,3532.73
MAP-00131,Pisos Cruz Azul Modelo 131,Producto de alta calidad de la marca Cruz Azul para uso en acabados,Cruz Azul,Acabados,Pisos,Metro,6633.93,5702.19,8187.1
MAP-00132,Pintura DeAcero Modelo 132,Producto de alta calidad de la marca DeAcero para uso en acabados,DeAcero,Acabados,Pintura,Pieza,3719.16,3177.25,4181.1
MAP-00133,Arena Cemex Modelo 133,Producto de alta calidad de la marca Cemex para uso en agregados,Cemex,Agregados,Arena,Litro,921.48,736.17,976.16
MAP-00134,Varillas Holcim Modelo 134,Producto de alta calidad de la marca Holcim para uso en materiales básicos,Holcim,Materiales Básicos,Varillas,Saco,505.93,412.62,617.21
MAP-00135,Pintura DeAcero Modelo 135,Producto de alta calidad de la marca DeAcero para uso en acabados,DeAcero,Acabados,Pintura,Caja,7849.45,6847.58,8880.6
MAP-00136,Azulejos DeAcero Modelo 136,Producto de alta calidad de la marca DeAcero para uso en acabados,DeAcero,Acabados,Azulejos,Kg,1628.82,1460.61,1789.32
MAP-00137,Tepetate Holcim Modelo 137,Producto de alta calidad de la marca Holcim para uso en agregados,Holcim,Agregados,Tepetate,Barra,2087.72,1606.28,2294.51
MAP-00138,Pisos DeAcero Modelo 138,Producto de alta calidad de la marca DeAcero para uso en acabados,DeAcero,Acabados,Pisos,Kg,7805.05,7020.48,8669.16
MAP-00139,Grava Cemex Modelo 139,Producto de alta calidad de la marca Cemex para uso en agregados,Cemex,Agregados,Grava,Pieza,2914.51,2318.14,3428.73
MAP-00140,Cementos Ternium Modelo 140,Producto de alta calidad de la marca Ternium para uso en materiales básicos,Ternium,Materiales Básicos,Cementos,Saco,3782.38,2946.3,4466.98
MAP-00141,Pisos Ternium Modelo 141,Producto de alta calidad de la marca Ternium para uso en acabados,Ternium,Acabados,Pisos,Kg,1790.4,1453.99,2053.11
MAP-00142,Blocks Cemex Modelo 142,Producto de alta calidad de la marca Cemex para uso en materiales básicos,Cemex,Materiales Básicos,Blocks,Galón,2498.54,2222.7,2879.52
MAP-00143,Pintura Cemex Modelo 143,Producto de alta calidad de la marca Cemex para uso en acabados,Cemex,Acabados,Pintura,Barra,886.6,726.42,997.54
MAP-00144,Tepetate Ternium Modelo 144,Producto de alta calidad de la marca Ternium para uso en agregados,Ternium,Agregados,Tepetate,Litro,7301.44,6033.01,8542.05
MAP-00145,Blocks Cruz Azul Modelo 145,Producto de alta calidad de la marca Cruz Azul para uso en materiales básicos,Cruz Azul,Materiales Básicos,Blocks,Litro,4083.23,3392.8,4615.78
MAP-00146,Grava Cruz Azul Modelo 146,Producto de alta calidad de la marca Cruz Azul para uso en agregados,Cruz Azul,Agregados,Grava,Galón,3231.91,2707.25,3658.43
MAP-00147,Pintura Ternium Modelo 147,Producto de alta calidad de la marca Ternium para uso en acabados,Ternium,Acabados,Pintura,Litro,6917.44,5854.23,8620.09
MAP-00148,Cementos DeAcero Modelo 148,Producto de alta calidad de la marca DeAcero para uso en materiales básicos,DeAcero,Materiales Básicos,Cementos,Barra,6911.09,5885.3,8061.51
MAP-00149,Pintura Cruz Azul Modelo 149,Producto de alta calidad de la marca Cruz Azul para uso en acabados,Cruz Azul,Acabados,Pintura,Galón,7980.58,6692.55,9235.39
MAP-00150,Grava Cruz Azul Modelo 150,Producto de alta calidad de la marca Cruz Azul para uso en agregados,Cruz Azul,Agregados,Grava,Metro,5420.88,4545.41,6293.81
MAP-00151,Tepetate DeAcero Modelo 151,Producto de alta calidad de la marca DeAcero para uso en agregados,DeAcero,Agregados,Tepetate,Kg,1964.54,1676.81,2274.32
MAP-00152,Grava Holcim Modelo 152,Producto de alta calidad de la marca Holcim para uso en agregados,Holcim,Agregados,Grava,m2,3303.48,2807.14,4109.38
MAP-00153,Cementos Ternium Modelo 153,Producto de alta calidad de la marca Ternium para uso en materiales básicos,Ternium,Materiales Básicos,Cementos,Pieza,4529.0,3551.02,5536.26
MAP-00154,Varillas Cruz Azul Modelo 154,Producto de alta calidad de la marca Cruz Azul para uso en materiales básicos,Cruz Azul,Materiales Básicos,Varillas,Pieza,6640.61,5100.53,6983.34
MAP-00155,Varillas Ternium Modelo 155,Producto de alta calidad de la marca Ternium para uso en materiales básicos,Ternium,Materiales Básicos,Varillas,Metro,1141.48,1019.4,1204.43
MAP-00156,Varillas Cemex Modelo 156,Producto de alta calidad de la marca Cemex para uso en materiales básicos,Cemex,Materiales Básicos,Varillas,Pieza,1677.15,1301.28,1950.71
MAP-00157,Grava Ternium Modelo 157,Producto de alta calidad de la marca Ternium para uso en agregados,Ternium,Agregados,Grava,Caja,7025.21,5823.01,7732.76
MAP-00158,Tepetate Ternium Modelo 158,Producto de alta calidad de la marca Ternium para uso en agregados,Ternium,Agregados,Tepetate,Litro,5593.17,5025.44,5930.14
MAP-00159,Pintura Holcim Modelo 159,Producto de alta calidad de la marca Holcim para uso en acabados,Holcim,Acabados,Pintura,Saco,4425.49,3592.17,5268.48
MAP-00160,Pisos Holcim Modelo 160,Producto de alta calidad de la marca Holcim para uso en acabados,Holcim,Acabados,Pisos,m2,869.84,765.24,931.82
MAP-00161,Azulejos DeAcero Modelo 161,Producto de alta calidad de la marca DeAcero para uso en acabados,DeAcero,Acabados,Azulejos,m3,6508.19,5136.55,7823.71
MAP-00162,Varillas Holcim Modelo 162,Producto de alta calidad de la marca Holcim para uso en materiales básicos,Holcim,Materiales Básicos,Varillas,Barra,1578.48,1262.8,1857.51
MAP-00163,Grava Ternium Modelo 163,Producto de alta calidad de la marca Ternium para uso en agregados,Ternium,Agregados,Grava,Metro,7784.63,5843.5,8493.51
MAP-00164,Tepetate Cemex Modelo 164,Producto de alta calidad de la marca Cemex para uso en agregados,Cemex,Agregados,Tepetate,Caja,6378.4,4878.9,7823.36
MAP-00165,Varillas DeAcero Modelo 165,Producto de alta calidad de la marca DeAcero para uso en materiales básicos,DeAcero,Materiales Básicos,Varillas,Barra,1004.06,865.66,1165.09
MAP-00166,Blocks Holcim Modelo 166,Producto de alta calidad de la marca Holcim para uso en materiales básicos,Holcim,Materiales Básicos,Blocks,Kg,974.41,840.71,1135.99
MAP-00167,Tepetate DeAcero Modelo 167,Producto de alta calidad de la marca DeAcero para uso en agregados,DeAcero,Agregados,Tepetate,Litro,4016.14,3212.37,4381.76
MAP-00168,Arena Cruz Azul Modelo 168,Producto de alta calidad de la marca Cruz Azul para uso en agregados,Cruz Azul,Agregados,Arena,Galón,4783.57,4045.83,5570.28
MAP-00169,Tepetate Cruz Azul Modelo 169,Producto de alta calidad de la marca Cruz Azul para uso en agregados,Cruz Azul,Agregados,Tepetate,Pieza,1914.68,1626.28,2203.84
MAP-00170,Pintura Cruz Azul Modelo 170,Producto de alta calidad de la marca Cruz Azul para uso en acabados,Cruz Azul,Acabados,Pintura,Caja,5712.05,4448.61,6678.03
MAP-00171,Azulejos DeAcero Modelo 171,Producto de alta calidad de la marca DeAcero para uso en acabados,DeAcero,Acabados,Azulejos,Caja,5015.03,4312.86,5678.56
MAP-00172,Blocks Cemex Modelo 172,Producto de alta calidad de la marca Cemex para uso en materiales básicos,Cemex,Materiales Básicos,Blocks,m3,1680.91,1352.83,1775.65
MAP-00173,Cementos Cruz Azul Modelo 173,Producto de alta calidad de la marca Cruz Azul para uso en materiales básicos,Cruz Azul,Materiales Básicos,Cementos,m2,7426.0,6439.96,8253.11
MAP-00174,Cementos Cruz Azul Modelo 174,Producto de alta calidad de la marca Cruz Azul para uso en materiales básicos,Cruz Azul,Materiales Básicos,Cementos,Saco,7650.16,6839.53,8332.39
MAP-00175,Tepetate Cruz Azul Modelo 175,Producto de alta calidad de la marca Cruz Azul para uso en agregados,Cruz Azul,Agregados,Tepetate,Saco,4819.56,3926.74,5917.03
MAP-00176,Pisos Cemex Modelo 176,Producto de alta calidad de la marca Cemex para uso en acabados,Cemex,Acabados,Pisos,Kg,6686.9,5243.04,7863.14
MAP-00177,Varillas Holcim Modelo 177,Producto de alta calidad de la marca Holcim para uso en materiales básicos,Holcim,Materiales Básicos,Varillas,Galón,7599.36,5754.59,8497.39
MAP-00178,Varillas Cruz Azul Modelo 178,Producto de alta calidad de la marca Cruz Azul para uso en materiales básicos,Cruz Azul,Materiales Básicos,Varillas,Litro,6559.14,5013.37,7577.9
MAP-00179,Varillas Cemex Modelo 179,Producto de alta calidad de la marca Cemex para uso en materiales básicos,Cemex,Materiales Básicos,Varillas,Litro,2967.93,2627.82,3162.27
MAP-00180,Cementos Ternium Modelo 180,Producto de alta calidad de la marca Ternium para uso en materiales básicos,Ternium,Materiales Básicos,Cementos,Kg,666.1,532.72,781.52
MAP-00181,Pintura Cemex Modelo 181,Producto de alta calidad de la marca Cemex para uso en acabados,Cemex,Acabados,Pintura,Barra,1892.7,1431.89,2194.69
MAP-00182,Pintura Holcim Modelo 182,Producto de alta calidad de la marca Holcim para uso en acabados,Holcim,Acabados,Pintura,Caja,7393.03,6450.73,9081.37
MAP-00183,Azulejos Ternium Modelo 183,Producto de alta calidad de la marca Ternium para uso en acabados,Ternium,Acabados,Azulejos,Metro,5141.21,4085.04,6141.27
MAP-00184,Arena Cemex Modelo 184,Producto de alta calidad de la marca Cemex para uso en agregados,Cemex,Agregados,Arena,m3,7357.01,6107.12,8009.27
MAP-00185,Tepetate DeAcero Modelo 185,Producto de alta calidad de la marca DeAcero para uso en agregados,DeAcero,Agregados,Tepetate,Barra,4138.92,3310.3,5136.92
MAP-00186,Arena Holcim Modelo 186,Producto de alta calidad de la marca Holcim para uso en agregados,Holcim,Agregados,Arena,Barra,1623.89,1290.48,1958.94
MAP-00187,Pintura Ternium Modelo 187,Producto de alta calidad de la marca Ternium para uso en acabados,Ternium,Acabados,Pintura,m2,7657.84,6311.88,8074.3
MAP-00188,Cementos Ternium Modelo 188,Producto de alta calidad de la marca Ternium para uso en materiales básicos,Ternium,Materiales Básicos,Cementos,Kg,2799.78,2200.8,3081.17
MAP-00189,Pisos Holcim Modelo 189,Producto de alta calidad de la marca Holcim para uso en acabados,Holcim,Acabados,Pisos,Pieza,2482.32,2115.28,2644.4
MAP-00190,Grava Holcim Modelo 190,Producto de alta calidad de la marca Holcim para uso en agregados,Holcim,Agregados,Grava,Caja,5370.53,4763.35,6411.31
MAP-00191,Arena Ternium Modelo 191,Producto de alta calidad de la marca Ternium para uso en agregados,Ternium,Agregados,Arena,Caja,392.38,351.77,457.8
MAP-00192,Cementos Holcim Modelo 192,Producto de alta calidad de la marca Holcim para uso en materiales básicos,Holcim,Materiales Básicos,Cementos,Kg,2458.47,1979.9,2728.26
MAP-00193,Cementos Ternium Modelo 193,Producto de alta calidad de la marca Ternium para uso en materiales básicos,Ternium,Materiales Básicos,Cementos,Caja,792.96,609.94,874.3
MAP-00194,Varillas Holcim Modelo 194,Producto de alta calidad de la marca Holcim para uso en materiales básicos,Holcim,Materiales Básicos,Varillas,Barra,5292.57,4008.28,5817.25
MAP-00195,Cementos DeAcero Modelo 195,Producto de alta calidad de la marca DeAcero para uso en materiales básicos,DeAcero,Materiales Básicos,Cementos,Metro,198.28,170.64,240.51
MAP-00196,Tepetate DeAcero Modelo 196,Producto de alta calidad de la marca DeAcero para uso en agregados,DeAcero,Agregados,Tepetate,Kg,3846.38,3251.94,4394.52
MAP-00197,Grava DeAcero Modelo 197,Producto de alta calidad de la marca DeAcero para uso en agregados,DeAcero,Agregados,Grava,m3,1888.52,1625.89,2345.72
MAP-00198,Grava Ternium Modelo 198,Producto de alta calidad de la marca Ternium para uso en agregados,Ternium,Agregados,Grava,Pieza,3517.65,2842.28,4078.6
MAP-00199,Blocks Cruz Azul Modelo 199,Producto de alta calidad de la marca Cruz Azul para uso en materiales básicos,Cruz Azul,Materiales Básicos,Blocks,Metro,6098.6,5254.38,7250.76
MAP-00200,Arena Holcim Modelo 200,Producto de alta calidad de la marca Holcim para uso en agregados,Holcim,Agregados,Arena,Saco,6692.28,5496.49,7423.06
MAP-00201,Varillas Ternium Modelo 201,Producto de alta calidad de la marca Ternium para uso en materiales básicos,Ternium,Materiales Básicos,Varillas,m3,2678.83,2134.28,3184.81
MAP-00202,Blocks Cemex Modelo 202,Producto de alta calidad de la marca Cemex para uso en materiales básicos,Cemex,Materiales Básicos,Blocks,m2,6222.24,5526.82,6819.56
MAP-00203,Cementos Cruz Azul Modelo 203,Producto de alta calidad de la marca Cruz Azul para uso en materiales básicos,Cruz Azul,Materiales Básicos,Cementos,Galón,819.0,640.32,967.91
MAP-00204,Arena DeAcero Modelo 204,Producto de alta calidad de la marca DeAcero para uso en agregados,DeAcero,Agregados,Arena,Barra,1819.04,1564.9,2126.98
MAP-00205,Arena DeAcero Modelo 205,Producto de alta calidad de la marca DeAcero para uso en agregados,DeAcero,Agregados,Arena,Caja,4147.29,3549.61,4965.99
MAP-00206,Pintura DeAcero Modelo 206,Producto de alta calidad de la marca DeAcero para uso en acabados,DeAcero,Acabados,Pintura,Metro,1561.35,1320.57,1902.35
MAP-00207,Tepetate DeAcero Modelo 207,Producto de alta calidad de la marca DeAcero para uso en agregados,DeAcero,Agregados,Tepetate,Litro,2853.28,2303.74,3174.77
MAP-00208,Cementos Cruz Azul Modelo 208,Producto de alta calidad de la marca Cruz Azul para uso en materiales básicos,Cruz Azul,Materiales Básicos,Cementos,m3,6723.33,5518.6,7105.31
MAP-00209,Blocks Ternium Modelo 209,Producto de alta calidad de la marca Ternium para uso en materiales básicos,Ternium,Materiales Básicos,Blocks,m3,3566.36,3116.5,4433.43
MAP-00210,Grava Holcim Modelo 210,Producto de alta calidad de la marca Holcim para uso en agregados,Holcim,Agregados,Grava,Barra,2956.46,2410.35,3424.16
MAP-00211,Cementos DeAcero Modelo 211,Producto de alta calidad de la marca DeAcero para uso en materiales básicos,DeAcero,Materiales Básicos,Cementos,Kg,7308.97,6229.78,8085.68
MAP-00212,Varillas Holcim Modelo 212,Producto de alta calidad de la marca Holcim para uso en materiales básicos,Holcim,Materiales Básicos,Varillas,Kg,4942.96,3886.16,5692.05
MAP-00213,Tepetate DeAcero Modelo 213,Producto de alta calidad de la marca DeAcero para uso en agregados,DeAcero,Agregados,Tepetate,Metro,3465.73,2687.03,3684.97
MAP-00214,Cementos Cruz Azul Modelo 214,Producto de alta calidad de la marca Cruz Azul para uso en materiales básicos,Cruz Azul,Materiales Básicos,Cementos,Metro,6927.66,5534.95,7564.48
MAP-00215,Azulejos Ternium Modelo 215,Producto de alta calidad de la marca Ternium para uso en acabados,Ternium,Acabados,Azulejos,Saco,7716.44,6098.95,9495.87
MAP-00216,Arena Cemex Modelo 216,Producto de alta calidad de la marca Cemex para uso en agregados,Cemex,Agregados,Arena,Caja,3487.08,2828.78,3783.99
MAP-00217,Pintura Cruz Azul Modelo 217,Producto de alta calidad de la marca Cruz Azul para uso en acabados,Cruz Azul,Acabados,Pintura,Kg,1145.0,951.59,1431.08
MAP-00218,Tepetate DeAcero Modelo 218,Producto de alta calidad de la marca DeAcero para uso en agregados,DeAcero,Agregados,Tepetate,Caja,4515.66,3855.06,4934.57
MAP-00219,Pisos Ternium Modelo 219,Producto de alta calidad de la marca Ternium para uso en acabados,Ternium,Acabados,Pisos,Metro,3683.19,3284.25,3894.94
MAP-00220,Cementos DeAcero Modelo 220,Producto de alta calidad de la marca DeAcero para uso en materiales básicos,DeAcero,Materiales Básicos,Cementos,Pieza,5500.85,4641.0,5847.43
MAP-00221,Cementos Holcim Modelo 221,Producto de alta calidad de la marca Holcim para uso en materiales básicos,Holcim,Materiales Básicos,Cementos,Caja,2709.83,2434.65,2908.22
MAP-00222,Varillas Cruz Azul Modelo 222,Producto de alta calidad de la marca Cruz Azul para uso en materiales básicos,Cruz Azul,Materiales Básicos,Varillas,Caja,3121.84,2499.65,3498.65
MAP-00223,Grava Cemex Modelo 223,Producto de alta calidad de la marca Cemex para uso en agregados,Cemex,Agregados,Grava,Pieza,1768.34,1590.29,2151.53
MAP-00224,Pintura Holcim Modelo 224,Producto de alta calidad de la marca Holcim para uso en acabados,Holcim,Acabados,Pintura,Pieza,7270.93,5686.42,7851.25
MAP-00225,Cementos Cemex Modelo 225,Producto de alta calidad de la marca Cemex para uso en materiales básicos,Cemex,Materiales Básicos,Cementos,m2,4493.12,3922.22,5020.02
MAP-00226,Pintura Cruz Azul Modelo 226,Producto de alta calidad de la marca Cruz Azul para uso en acabados,Cruz Azul,Acabados,Pintura,Barra,4377.31,3623.99,5345.67
MAP-00227,Grava Holcim Modelo 227,Producto de alta calidad de la marca Holcim para uso en agregados,Holcim,Agregados,Grava,Caja,1910.69,1515.4,2047.53
MAP-00228,Azulejos Cemex Modelo 228,Producto de alta calidad de la marca Cemex para uso en acabados,Cemex,Acabados,Azulejos,Metro,1283.55,1122.53,1409.9
MAP-00229,Arena Ternium Modelo 229,Producto de alta calidad de la marca Ternium para uso en agregados,Ternium,Agregados,Arena,m3,796.6,620.54,872.72
MAP-00230,Varillas Holcim Modelo 230,Producto de alta calidad de la marca Holcim para uso en materiales básicos,Holcim,Materiales Básicos,Varillas,Galón,2911.34,2315.84,3572.94
MAP-00231,Tepetate Holcim Modelo 231,Producto de alta calidad de la marca Holcim para uso en agregados,Holcim,Agregados,Tepetate,Galón,5438.11,4283.09,6100.14
MAP-00232,Blocks DeAcero Modelo 232,Producto de alta calidad de la marca DeAcero para uso en materiales básicos,DeAcero,Materiales Básicos,Blocks,Caja,2826.52,2418.03,3083.8
MAP-00233,Cementos Ternium Modelo 233,Producto de alta calidad de la marca Ternium para uso en materiales básicos,Ternium,Materiales Básicos,Cementos,Kg,7026.68,5751.99,8686.54
MAP-00234,Varillas Ternium Modelo 234,Producto de alta calidad de la marca Ternium para uso en materiales básicos,Ternium,Materiales Básicos,Varillas,m3,5872.02,5175.72,6675.88
MAP-00235,Arena Cemex Modelo 235,Producto de alta calidad de la marca Cemex para uso en agregados,Cemex,Agregados,Arena,m3,6919.74,6199.06,7343.89
MAP-00236,Pintura Cruz Azul Modelo 236,Producto de alta calidad de la marca Cruz Azul para uso en acabados,Cruz Azul,Acabados,Pintura,Pieza,7705.97,6635.78,8174.93
MAP-00237,Grava Ternium Modelo 237,Producto de alta calidad de la marca Ternium para uso en agregados,Ternium,Agregados,Grava,Barra,3844.77,3076.9,4188.03
MAP-00238,Pisos Holcim Modelo 238,Producto de alta calidad de la marca Holcim para uso en acabados,Holcim,Acabados,Pisos,Barra,7600.08,6074.56,8722.21
MAP-00239,Cementos Cemex Modelo 239,Producto de alta calidad de la marca Cemex para uso en materiales básicos,Cemex,Materiales Básicos,Cementos,m2,4646.17,3918.72,5574.37
MAP-00240,Varillas Cemex Modelo 240,Producto de alta calidad de la marca Cemex para uso en materiales básicos,Cemex,Materiales Básicos,Varillas,Metro,2649.82,1987.85,2861.64
MAP-00241,Cementos Holcim Modelo 241,Producto de alta calidad de la marca Holcim para uso en materiales básicos,Holcim,Materiales Básicos,Cementos,Litro,6919.8,6061.19,8010.79
MAP-00242,Azulejos Cruz Azul Modelo 242,Producto de alta calidad de la marca Cruz Azul para uso en acabados,Cruz Azul,Acabados,Azulejos,m3,509.47,393.88,547.37
MAP-00243,Cementos DeAcero Modelo 243,Producto de alta calidad de la marca DeAcero para uso en materiales básicos,DeAcero,Materiales Básicos,Cementos,Saco,2124.43,1665.71,2501.44
MAP-00244,Arena Cemex Modelo 244,Producto de alta calidad de la marca Cemex para uso en agregados,Cemex,Agregados,Arena,Pieza,1424.59,1126.58,1744.68
MAP-00245,Grava Cruz Azul Modelo 245,Producto de alta calidad de la marca Cruz Azul para uso en agregados,Cruz Azul,Agregados,Grava,m3,399.46,299.61,451.62
MAP-00246,Azulejos Ternium Modelo 246,Producto de alta calidad de la marca Ternium para uso en acabados,Ternium,Acabados,Azulejos,Caja,5465.48,4696.24,6041.17
MAP-00247,Varillas Cemex Modelo 247,Producto de alta calidad de la marca Cemex para uso en materiales básicos,Cemex,Materiales Básicos,Varillas,Pieza,3239.19,2845.27,3475.09
MAP-00248,Grava Cemex Modelo 248,Producto de alta calidad de la marca Cemex para uso en agregados,Cemex,Agregados,Grava,m3,1955.02,1637.19,2073.96
MAP-00249,Cementos Holcim Modelo 249,Producto de alta calidad de la marca Holcim para uso en materiales básicos,Holcim,Materiales Básicos,Cementos,Metro,684.88,614.35,731.78
MAP-00250,Varillas Ternium Modelo 250,Producto de alta calidad de la marca Ternium para uso en materiales básicos,Ternium,Materiales Básicos,Varillas,Galón,2080.75,1671.56,2241.86
MAP-00251,Grava Holcim Modelo 251,Producto de alta calidad de la marca Holcim para uso en agregados,Holcim,Agregados,Grava,Kg,6172.61,4690.61,7647.76
MAP-00252,Pintura Ternium Modelo 252,Producto de alta calidad de la marca Ternium para uso en acabados,Ternium,Acabados,Pintura,m3,5770.66,5002.19,6230.12
MAP-00253,Varillas Cemex Modelo 253,Producto de alta calidad de la marca Cemex para uso en materiales básicos,Cemex,Materiales Básicos,Varillas,m2,4630.53,4071.92,5570.37
MAP-00254,Azulejos Holcim Modelo 254,Producto de alta calidad de la marca Holcim para uso en acabados,Holcim,Acabados,Azulejos,Caja,7742.68,6522.67,9026.85
MAP-00255,Pintura Cemex Modelo 255,Producto de alta calidad de la marca Cemex para uso en acabados,Cemex,Acabados,Pintura,m3,2727.49,2157.33,3162.72
MAP-00256,Azulejos DeAcero Modelo 256,Producto de alta calidad de la marca DeAcero para uso en acabados,DeAcero,Acabados,Azulejos,Kg,5543.1,4721.5,6409.68
MAP-00257,Blocks Cruz Azul Modelo 257,Producto de alta calidad de la marca Cruz Azul para uso en materiales básicos,Cruz Azul,Materiales Básicos,Blocks,Galón,7863.23,6667.32,8930.61
MAP-00258,Varillas Cemex Modelo 258,Producto de alta calidad de la marca Cemex para uso en materiales básicos,Cemex,Materiales Básicos,Varillas,Barra,7120.3,5837.39,7737.72
MAP-00259,Pisos Ternium Modelo 259,Producto de alta calidad de la marca Ternium para uso en acabados,Ternium,Acabados,Pisos,Metro,2092.85,1800.72,2435.49
MAP-00260,Azulejos DeAcero Modelo 260,Producto de alta calidad de la marca DeAcero para uso en acabados,DeAcero,Acabados,Azulejos,Galón,1879.85,1471.36,2128.77
MAP-00261,Tepetate Ternium Modelo 261,Producto de alta calidad de la marca Ternium para uso en agregados,Ternium,Agregados,Tepetate,Saco,7787.96,6180.88,9163.98
MAP-00262,Blocks Holcim Modelo 262,Producto de alta calidad de la marca Holcim para uso en materiales básicos,Holcim,Materiales Básicos,Blocks,Kg,3989.2,3172.77,4221.73
MAP-00263,Grava Ternium Modelo 263,Producto de alta calidad de la marca Ternium para uso en agregados,Ternium,Agregados,Grava,Saco,3379.01,2540.58,3975.2
MAP-00264,Pintura Ternium Modelo 264,Producto de alta calidad de la marca Ternium para uso en acabados,Ternium,Acabados,Pintura,Metro,2828.47,2129.59,3282.68
MAP-00265,Varillas DeAcero Modelo 265,Producto de alta calidad de la marca DeAcero para uso en materiales básicos,DeAcero,Materiales Básicos,Varillas,Barra,1338.63,1130.85,1518.83
MAP-00266,Tepetate Cruz Azul Modelo 266,Producto de alta calidad de la marca Cruz Azul para uso en agregados,Cruz Azul,Agregados,Tepetate,Barra,3060.8,2715.62,3462.1
MAP-00267,Azulejos Holcim Modelo 267,Producto de alta calidad de la marca Holcim para uso en acabados,Holcim,Acabados,Azulejos,Saco,7840.48,6861.56,9555.46
MAP-00268,Azulejos Holcim Modelo 268,Producto de alta calidad de la marca Holcim para uso en acabados,Holcim,Acabados,Azulejos,Litro,3454.0,2975.38,4134.57
MAP-00269,Blocks Ternium Modelo 269,Producto de alta calidad de la marca Ternium para uso en materiales básicos,Ternium,Materiales Básicos,Blocks,m2,6850.39,5700.49,7941.27
MAP-00270,Blocks Cemex Modelo 270,Producto de alta calidad de la marca Cemex para uso en materiales básicos,Cemex,Materiales Básicos,Blocks,Barra,2640.15,2273.23,3083.52
MAP-00271,Cementos Cemex Modelo 271,Producto de alta calidad de la marca Cemex para uso en materiales básicos,Cemex,Materiales Básicos,Cementos,Barra,5120.12,4552.45,5650.45
MAP-00272,Grava Holcim Modelo 272,Producto de alta calidad de la marca Holcim para uso en agregados,Holcim,Agregados,Grava,Pieza,3460.03,3033.28,4212.76
MAP-00273,Pisos DeAcero Modelo 273,Producto de alta calidad de la marca DeAcero para uso en acabados,DeAcero,Acabados,Pisos,Pieza,3362.59,2851.74,3548.69
MAP-00274,Pintura Cruz Azul Modelo 274,Producto de alta calidad de la marca Cruz Azul para uso en acabados,Cruz Azul,Acabados,Pintura,m2,3832.2,3399.99,4426.84
MAP-00275,Azulejos Cemex Modelo 275,Producto de alta calidad de la marca Cemex para uso en acabados,Cemex,Acabados,Azulejos,Galón,7203.66,5674.48,8394.75
MAP-00276,Arena Cemex Modelo 276,Producto de alta calidad de la marca Cemex para uso en agregados,Cemex,Agregados,Arena,Pieza,160.83,126.58,175.02
MAP-00277,Tepetate Cruz Azul Modelo 277,Producto de alta calidad de la marca Cruz Azul para uso en agregados,Cruz Azul,Agregados,Tepetate,Litro,3535.51,2979.67,4349.18
MAP-00278,Pisos Holcim Modelo 278,Producto de alta calidad de la marca Holcim para uso en acabados,Holcim,Acabados,Pisos,m3,6062.66,4600.36,6752.92
MAP-00279,Blocks Holcim Modelo 279,Producto de alta calidad de la marca Holcim para uso en materiales básicos,Holcim,Materiales Básicos,Blocks,Caja,1322.99,1142.27,1479.77
MAP-00280,Azulejos Holcim Modelo 280,Producto de alta calidad de la marca Holcim para uso en acabados,Holcim,Acabados,Azulejos,Saco,679.73,526.34,722.37
MAP-00281,Grava Ternium Modelo 281,Producto de alta calidad de la marca Ternium para uso en agregados,Ternium,Agregados,Grava,Kg,7197.92,6323.37,8102.56
MAP-00282,Cementos Cruz Azul Modelo 282,Producto de alta calidad de la marca Cruz Azul para uso en materiales básicos,Cruz Azul,Materiales Básicos,Cementos,Metro,4030.56,3391.36,4631.87
MAP-00283,Pisos Holcim Modelo 283,Producto de alta calidad de la marca Holcim para uso en acabados,Holcim,Acabados,Pisos,m2,5936.34,4550.19,7017.64
MAP-00284,Azulejos Holcim Modelo 284,Producto de alta calidad de la marca Holcim para uso en acabados,Holcim,Acabados,Azulejos,Kg,2168.69,1868.28,2568.37
MAP-00285,Blocks Holcim Modelo 285,Producto de alta calidad de la marca Holcim para uso en materiales básicos,Holcim,Materiales Básicos,Blocks,Barra,3949.81,3137.83,4294.04
MAP-00286,Pisos Cruz Azul Modelo 286,Producto de alta calidad de la marca Cruz Azul para uso en acabados,Cruz Azul,Acabados,Pisos,Metro,7996.27,6861.5,9375.66
MAP-00287,Blocks Cruz Azul Modelo 287,Producto de alta calidad de la marca Cruz Azul para uso en materiales básicos,Cruz Azul,Materiales Básicos,Blocks,Barra,1681.06,1385.15,1949.04
MAP-00288,Tepetate Ternium Modelo 288,Producto de alta calidad de la marca Ternium para uso en agregados,Ternium,Agregados,Tepetate,m2,4386.98,3470.09,5270.19
MAP-00289,Grava Cruz Azul Modelo 289,Producto de alta calidad de la marca Cruz Azul para uso en agregados,Cruz Azul,Agregados,Grava,Kg,2731.94,2061.98,3349.74
MAP-00290,Pisos Ternium Modelo 290,Producto de alta calidad de la marca Ternium para uso en acabados,Ternium,Acabados,Pisos,Pieza,2808.44,2379.01,2958.26
MAP-00291,Arena Cruz Azul Modelo 291,Producto de alta calidad de la marca Cruz Azul para uso en agregados,Cruz Azul,Agregados,Arena,Litro,7394.35,6516.38,8355.08
MAP-00292,Arena DeAcero Modelo 292,Producto de alta calidad de la marca DeAcero para uso en agregados,DeAcero,Agregados,Arena,Saco,6542.18,5370.24,8125.58
MAP-00293,Varillas Ternium Modelo 293,Producto de alta calidad de la marca Ternium para uso en materiales básicos,Ternium,Materiales Básicos,Varillas,m3,6775.15,5169.21,7911.03
MAP-00294,Azulejos Ternium Modelo 294,Producto de alta calidad de la marca Ternium para uso en acabados,Ternium,Acabados,Azulejos,m2,6850.01,5189.95,8333.68
MAP-00295,Varillas Ternium Modelo 295,Producto de alta calidad de la marca Ternium para uso en materiales básicos,Ternium,Materiales Básicos,Varillas,Caja,3922.26,3173.83,4635.32
MAP-00296,Cementos Cemex Modelo 296,Producto de alta calidad de la marca Cemex para uso en materiales básicos,Cemex,Materiales Básicos,Cementos,Litro,6551.18,5340.72,8145.85
MAP-00297,Varillas Holcim Modelo 297,Producto de alta calidad de la marca Holcim para uso en materiales básicos,Holcim,Materiales Básicos,Varillas,Pieza,3961.54,3013.26,4221.59
MAP-00298,Tepetate Holcim Modelo 298,Producto de alta calidad de la marca Holcim para uso en agregados,Holcim,Agregados,Tepetate,Metro,7516.18,6609.62,8631.61
MAP-00299,Pintura Cruz Azul Modelo 299,Producto de alta calidad de la marca Cruz Azul para uso en acabados,Cruz Azul,Acabados,Pintura,m2,7750.68,5945.22,9464.47
MAP-00300,Pintura Ternium Modelo 300,Producto de alta calidad de la marca Ternium para uso en acabados,Ternium,Acabados,Pintura,Kg,4430.14,3440.98,5514.46
MAP-00301,Tepetate Cemex Modelo 301,Producto de alta calidad de la marca Cemex para uso en agregados,Cemex,Agregados,Tepetate,Litro,780.48,650.68,901.25
MAP-00302,Grava Ternium Modelo 302,Producto de alta calidad de la marca Ternium para uso en agregados,Ternium,Agregados,Grava,m2,2662.34,1997.27,3238.26
MAP-00303,Azulejos Holcim Modelo 303,Producto de alta calidad de la marca Holcim para uso en acabados,Holcim,Acabados,Azulejos,m2,6364.25,5039.11,6920.22
MAP-00304,Grava Cemex Modelo 304,Producto de alta calidad de la marca Cemex para uso en agregados,Cemex,Agregados,Grava,Barra,1464.92,1225.89,1829.07
MAP-00305,Pintura Ternium Modelo 305,Producto de alta calidad de la marca Ternium para uso en acabados,Ternium,Acabados,Pintura,Galón,2057.51,1590.98,2464.72
MAP-00306,Blocks Ternium Modelo 306,Producto de alta calidad de la marca Ternium para uso en materiales básicos,Ternium,Materiales Básicos,Blocks,Pieza,5795.25,4897.47,6322.85
MAP-00307,Blocks Cruz Azul Modelo 307,Producto de alta calidad de la marca Cruz Azul para uso en materiales básicos,Cruz Azul,Materiales Básicos,Blocks,Litro,5890.29,4638.2,6979.64
MAP-00308,Varillas Cemex Modelo 308,Producto de alta calidad de la marca Cemex para uso en materiales básicos,Cemex,Materiales Básicos,Varillas,Caja,3467.56,2906.41,3674.83
MAP-00309,Blocks Cemex Modelo 309,Producto de alta calidad de la marca Cemex para uso en materiales básicos,Cemex,Materiales Básicos,Blocks,Galón,4775.11,4030.84,5015.99
MAP-00310,Tepetate DeAcero Modelo 310,Producto de alta calidad de la marca DeAcero para uso en agregados,DeAcero,Agregados,Tepetate,m2,7106.66,5579.15,7871.03
MAP-00311,Pintura Ternium Modelo 311,Producto de alta calidad de la marca Ternium para uso en acabados,Ternium,Acabados,Pintura,Metro,5463.21,4143.17,5998.65
MAP-00312,Tepetate DeAcero Modelo 312,Producto de alta calidad de la marca DeAcero para uso en agregados,DeAcero,Agregados,Tepetate,m2,6073.52,5218.22,6400.18
MAP-00313,Cementos Ternium Modelo 313,Producto de alta calidad de la marca Ternium para uso en materiales básicos,Ternium,Materiales Básicos,Cementos,Pieza,7327.87,5918.97,7764.31
MAP-00314,Cementos DeAcero Modelo 314,Producto de alta calidad de la marca DeAcero para uso en materiales básicos,DeAcero,Materiales Básicos,Cementos,Pieza,3646.52,2888.29,4218.55
MAP-00315,Cementos Holcim Modelo 315,Producto de alta calidad de la marca Holcim para uso en materiales básicos,Holcim,Materiales Básicos,Cementos,Litro,4768.64,3852.44,5795.95
MAP-00316,Cementos Cemex Modelo 316,Producto de alta calidad de la marca Cemex para uso en materiales básicos,Cemex,Materiales Básicos,Cementos,Metro,4350.94,3551.59,4934.41
MAP-00317,Cementos Cruz Azul Modelo 317,Producto de alta calidad de la marca Cruz Azul para uso en materiales básicos,Cruz Azul,Materiales Básicos,Cementos,Kg,355.27,297.49,387.24
MAP-00318,Pintura Cruz Azul Modelo 318,Producto de alta calidad de la marca Cruz Azul para uso en acabados,Cruz Azul,Acabados,Pintura,Kg,5550.74,4337.83,6716.06
MAP-00319,Grava Cemex Modelo 319,Producto de alta calidad de la marca Cemex para uso en agregados,Cemex,Agregados,Grava,Pieza,506.89,444.9,556.16
MAP-00320,Varillas Cruz Azul Modelo 320,Producto de alta calidad de la marca Cruz Azul para uso en materiales básicos,Cruz Azul,Materiales Básicos,Varillas,Litro,6995.49,5660.5,7622.38
MAP-00321,Cementos Ternium Modelo 321,Producto de alta calidad de la marca Ternium para uso en materiales básicos,Ternium,Materiales Básicos,Cementos,Metro,2942.04,2345.51,3574.99
MAP-00322,Cementos Cruz Azul Modelo 322,Producto de alta calidad de la marca Cruz Azul para uso en materiales básicos,Cruz Azul,Materiales Básicos,Cementos,m3,4591.37,3816.53,5085.34
MAP-00323,Pisos Cruz Azul Modelo 323,Producto de alta calidad de la marca Cruz Azul para uso en acabados,Cruz Azul,Acabados,Pisos,Galón,2710.17,2210.78,3024.38
MAP-00324,Azulejos DeAcero Modelo 324,Producto de alta calidad de la marca DeAcero para uso en acabados,DeAcero,Acabados,Azulejos,Litro,2056.36,1775.37,2403.68
MAP-00325,Pintura Cruz Azul Modelo 325,Producto de alta calidad de la marca Cruz Azul para uso en acabados,Cruz Azul,Acabados,Pintura,Kg,1787.84,1379.39,2002.51
MAP-00326,Pintura Ternium Modelo 326,Producto de alta calidad de la marca Ternium para uso en acabados,Ternium,Acabados,Pintura,Caja,3065.9,2559.19,3252.25
MAP-00327,Blocks Holcim Modelo 327,Producto de alta calidad de la marca Holcim para uso en materiales básicos,Holcim,Materiales Básicos,Blocks,Galón,471.06,393.03,511.95
MAP-00328,Azulejos Cruz Azul Modelo 328,Producto de alta calidad de la marca Cruz Azul para uso en acabados,Cruz Azul,Acabados,Azulejos,Metro,4076.88,3561.37,4732.94
MAP-00329,Pisos DeAcero Modelo 329,Producto de alta calidad de la marca DeAcero para uso en acabados,DeAcero,Acabados,Pisos,Barra,5286.52,4273.23,5603.89
MAP-00330,Tepetate DeAcero Modelo 330,Producto de alta calidad de la marca DeAcero para uso en agregados,DeAcero,Agregados,Tepetate,Metro,2210.07,1674.74,2730.5
MAP-00331,Cementos Cemex Modelo 331,Producto de alta calidad de la marca Cemex para uso en materiales básicos,Cemex,Materiales Básicos,Cementos,Kg,5707.37,4886.3,6372.73
MAP-00332,Pisos Cruz Azul Modelo 332,Producto de alta calidad de la marca Cruz Azul para uso en acabados,Cruz Azul,Acabados,Pisos,Barra,1053.65,802.77,1159.87
MAP-00333,Grava Holcim Modelo 333,Producto de alta calidad de la marca Holcim para uso en agregados,Holcim,Agregados,Grava,Galón,3775.09,3103.37,4701.48
MAP-00334,Pisos Ternium Modelo 334,Producto de alta calidad de la marca Ternium para uso en acabados,Ternium,Acabados,Pisos,Pieza,3088.48,2647.36,3419.32
MAP-00335,Cementos Ternium Modelo 335,Producto de alta calidad de la marca Ternium para uso en materiales básicos,Ternium,Materiales Básicos,Cementos,Galón,6590.78,5648.27,7755.62
MAP-00336,Azulejos Cemex Modelo 336,Producto de alta calidad de la marca Cemex para uso en acabados,Cemex,Acabados,Azulejos,m2,6079.32,4931.25,6721.53
MAP-00337,Tepetate DeAcero Modelo 337,Producto de alta calidad de la marca DeAcero para uso en agregados,DeAcero,Agregados,Tepetate,m2,141.57,109.38,150.2
MAP-00338,Azulejos Cruz Azul Modelo 338,Producto de alta calidad de la marca Cruz Azul para uso en acabados,Cruz Azul,Acabados,Azulejos,Pieza,6670.19,5676.24,7615.93
MAP-00339,Pintura Cemex Modelo 339,Producto de alta calidad de la marca Cemex para uso en acabados,Cemex,Acabados,Pintura,m2,1248.3,950.41,1530.04
MAP-00340,Pintura Holcim Modelo 340,Producto de alta calidad de la marca Holcim para uso en acabados,Holcim,Acabados,Pintura,Metro,5512.93,4647.15,6361.64
MAP-00341,Pintura DeAcero Modelo 341,Producto de alta calidad de la marca DeAcero para uso en acabados,DeAcero,Acabados,Pintura,Galón,2073.72,1788.02,2249.19
MAP-00342,Pisos Cemex Modelo 342,Producto de alta calidad de la marca Cemex para uso en acabados,Cemex,Acabados,Pisos,Barra,1153.65,929.17,1295.71
MAP-00343,Blocks Ternium Modelo 343,Producto de alta calidad de la marca Ternium para uso en materiales básicos,Ternium,Materiales Básicos,Blocks,Metro,3741.14,3063.68,4589.58
MAP-00344,Azulejos DeAcero Modelo 344,Producto de alta calidad de la marca DeAcero para uso en acabados,DeAcero,Acabados,Azulejos,Galón,1648.13,1291.07,1948.71
MAP-00345,Cementos Ternium Modelo 345,Producto de alta calidad de la marca Ternium para uso en materiales básicos,Ternium,Materiales Básicos,Cementos,Litro,3652.32,3145.76,4371.87
MAP-00346,Cementos Ternium Modelo 346,Producto de alta calidad de la marca Ternium para uso en materiales básicos,Ternium,Materiales Básicos,Cementos,Saco,1430.06,1097.1,1646.36
MAP-00347,Pintura DeAcero Modelo 347,Producto de alta calidad de la marca DeAcero para uso en acabados,DeAcero,Acabados,Pintura,Kg,4566.06,4035.91,5505.4
MAP-00348,Grava Ternium Modelo 348,Producto de alta calidad de la marca Ternium para uso en agregados,Ternium,Agregados,Grava,Litro,2218.23,1892.57,2472.38
MAP-00349,Blocks Holcim Modelo 349,Producto de alta calidad de la marca Holcim para uso en materiales básicos,Holcim,Materiales Básicos,Blocks,Caja,1813.98,1398.78,2228.19
MAP-00350,Grava Holcim Modelo 350,Producto de alta calidad de la marca Holcim para uso en agregados,Holcim,Agregados,Grava,m3,3558.66,3059.3,4258.16
MAP-00351,Pintura Cemex Modelo 351,Producto de alta calidad de la marca Cemex para uso en acabados,Cemex,Acabados,Pintura,Galón,751.18,564.03,915.64
MAP-00352,Blocks Cemex Modelo 352,Producto de alta calidad de la marca Cemex para uso en materiales básicos,Cemex,Materiales Básicos,Blocks,m2,4388.93,3908.35,4834.47
MAP-00353,Pintura DeAcero Modelo 353,Producto de alta calidad de la marca DeAcero para uso en acabados,DeAcero,Acabados,Pintura,Galón,4076.22,3200.94,4987.16
MAP-00354,Azulejos Ternium Modelo 354,Producto de alta calidad de la marca Ternium para uso en acabados,Ternium,Acabados,Azulejos,m2,6534.26,4920.78,7613.77
MAP-00355,Pintura Holcim Modelo 355,Producto de alta calidad de la marca Holcim para uso en acabados,Holcim,Acabados,Pintura,Pieza,5980.53,4683.07,7420.15
MAP-00356,Pisos Cemex Modelo 356,Producto de alta calidad de la marca Cemex para uso en acabados,Cemex,Acabados,Pisos,Barra,596.19,477.43,629.51
MAP-00357,Blocks Ternium Modelo 357,Producto de alta calidad de la marca Ternium para uso en materiales básicos,Ternium,Materiales Básicos,Blocks,Barra,2953.33,2423.56,3289.17
MAP-00358,Arena Ternium Modelo 358,Producto de alta calidad de la marca Ternium para uso en agregados,Ternium,Agregados,Arena,Metro,4025.9,3345.57,4947.98
MAP-00359,Varillas Cemex Modelo 359,Producto de alta calidad de la marca Cemex para uso en materiales básicos,Cemex,Materiales Básicos,Varillas,Caja,3833.45,3107.31,4287.09
MAP-00360,Varillas DeAcero Modelo 360,Producto de alta calidad de la marca DeAcero para uso en materiales básicos,DeAcero,Materiales Básicos,Varillas,Metro,7949.97,7081.4,9393.61
MAP-00361,Cementos Cruz Azul Modelo 361,Producto de alta calidad de la marca Cruz Azul para uso en materiales básicos,Cruz Azul,Materiales Básicos,Cementos,Caja,7080.74,5898.64,8241.77
MAP-00362,Blocks Cemex Modelo 362,Producto de alta calidad de la marca Cemex para uso en materiales básicos,Cemex,Materiales Básicos,Blocks,Kg,1321.75,1035.54,1445.14
MAP-00363,Arena Holcim Modelo 363,Producto de alta calidad de la marca Holcim para uso en agregados,Holcim,Agregados,Arena,Kg,62.04,49.4,76.28
MAP-00364,Pisos Ternium Modelo 364,Producto de alta calidad de la marca Ternium para uso en acabados,Ternium,Acabados,Pisos,Barra,5852.84,4792.72,6268.93
MAP-00365,Cementos Holcim Modelo 365,Producto de alta calidad de la marca Holcim para uso en materiales básicos,Holcim,Materiales Básicos,Cementos,Caja,7948.74,7025.74,8765.59
MAP-00366,Blocks Holcim Modelo 366,Producto de alta calidad de la marca Holcim para uso en materiales básicos,Holcim,Materiales Básicos,Blocks,m2,5714.26,4492.79,6540.44
MAP-00367,Arena Cemex Modelo 367,Producto de alta calidad de la marca Cemex para uso en agregados,Cemex,Agregados,Arena,Pieza,2045.94,1743.66,2501.71
MAP-00368,Grava Holcim Modelo 368,Producto de alta calidad de la marca Holcim para uso en agregados,Holcim,Agregados,Grava,m3,4488.71,3548.14,5363.62
MAP-00369,Arena Ternium Modelo 369,Producto de alta calidad de la marca Ternium para uso en agregados,Ternium,Agregados,Arena,Litro,6453.62,5344.79,7034.39
MAP-00370,Grava Cruz Azul Modelo 370,Producto de alta calidad de la marca Cruz Azul para uso en agregados,Cruz Azul,Agregados,Grava,m3,4108.83,3455.52,4965.91
MAP-00371,Pintura Holcim Modelo 371,Producto de alta calidad de la marca Holcim para uso en acabados,Holcim,Acabados,Pintura,Metro,5515.43,4691.51,6624.2
MAP-00372,Pintura Cemex Modelo 372,Producto de alta calidad de la marca Cemex para uso en acabados,Cemex,Acabados,Pintura,Metro,3898.62,2979.43,4767.18
MAP-00373,Blocks DeAcero Modelo 373,Producto de alta calidad de la marca DeAcero para uso en materiales básicos,DeAcero,Materiales Básicos,Blocks,Litro,4474.59,3842.58,5495.51
MAP-00374,Azulejos DeAcero Modelo 374,Producto de alta calidad de la marca DeAcero para uso en acabados,DeAcero,Acabados,Azulejos,Galón,5889.92,5176.23,6859.49
MAP-00375,Tepetate Cruz Azul Modelo 375,Producto de alta calidad de la marca Cruz Azul para uso en agregados,Cruz Azul,Agregados,Tepetate,Litro,7334.18,6417.82,8054.27
MAP-00376,Pintura Cemex Modelo 376,Producto de alta calidad de la marca Cemex para uso en acabados,Cemex,Acabados,Pintura,Metro,3105.12,2403.77,3355.19
MAP-00377,Cementos Holcim Modelo 377,Producto de alta calidad de la marca Holcim para uso en materiales básicos,Holcim,Materiales Básicos,Cementos,m2,4763.18,3826.6,5349.47
MAP-00378,Azulejos Cemex Modelo 378,Producto de alta calidad de la marca Cemex para uso en acabados,Cemex,Acabados,Azulejos,Metro,5342.65,4743.96,6446.68
MAP-00379,Blocks Cemex Modelo 379,Producto de alta calidad de la marca Cemex para uso en materiales básicos,Cemex,Materiales Básicos,Blocks,m2,1689.67,1330.7,2093.58
MAP-00380,Blocks DeAcero Modelo 380,Producto de alta calidad de la marca DeAcero para uso en materiales básicos,DeAcero,Materiales Básicos,Blocks,Galón,409.16,313.76,499.76
MAP-00381,Arena Holcim Modelo 381,Producto de alta calidad de la marca Holcim para uso en agregados,Holcim,Agregados,Arena,Galón,1040.36,859.77,1212.87
MAP-00382,Cementos Cruz Azul Modelo 382,Producto de alta calidad de la marca Cruz Azul para uso en materiales básicos,Cruz Azul,Materiales Básicos,Cementos,Litro,1825.43,1432.46,2103.05
MAP-00383,Varillas Holcim Modelo 383,Producto de alta calidad de la marca Holcim para uso en materiales básicos,Holcim,Materiales Básicos,Varillas,m2,5394.39,4205.65,6197.23
MAP-00384,Azulejos Holcim Modelo 384,Producto de alta calidad de la marca Holcim para uso en acabados,Holcim,Acabados,Azulejos,m2,1877.17,1635.67,2318.55
MAP-00385,Pintura Ternium Modelo 385,Producto de alta calidad de la marca Ternium para uso en acabados,Ternium,Acabados,Pintura,Litro,7095.07,5881.23,8034.66
MAP-00386,Cementos DeAcero Modelo 386,Producto de alta calidad de la marca DeAcero para uso en materiales básicos,DeAcero,Materiales Básicos,Cementos,Caja,323.55,257.9,381.55
MAP-00387,Grava Cemex Modelo 387,Producto de alta calidad de la marca Cemex para uso en agregados,Cemex,Agregados,Grava,m2,6431.56,4903.27,7980.03
MAP-00388,Grava Cemex Modelo 388,Producto de alta calidad de la marca Cemex para uso en agregados,Cemex,Agregados,Grava,Metro,5322.83,4257.75,6576.37
MAP-00389,Varillas Holcim Modelo 389,Producto de alta calidad de la marca Holcim para uso en materiales básicos,Holcim,Materiales Básicos,Varillas,Pieza,4744.28,4221.36,5422.48
MAP-00390,Pintura Ternium Modelo 390,Producto de alta calidad de la marca Ternium para uso en acabados,Ternium,Acabados,Pintura,m2,2196.35,1696.17,2685.5
MAP-00391,Cementos Ternium Modelo 391,Producto de alta calidad de la marca Ternium para uso en materiales básicos,Ternium,Materiales Básicos,Cementos,Barra,6007.34,4707.52,7099.23
MAP-00392,Pisos DeAcero Modelo 392,Producto de alta calidad de la marca DeAcero para uso en acabados,DeAcero,Acabados,Pisos,Caja,3557.08,3036.51,4031.44
MAP-00393,Varillas DeAcero Modelo 393,Producto de alta calidad de la marca DeAcero para uso en materiales básicos,DeAcero,Materiales Básicos,Varillas,m2,7090.52,6093.83,7452.76
MAP-00394,Cementos Cemex Modelo 394,Producto de alta calidad de la marca Cemex para uso en materiales básicos,Cemex,Materiales Básicos,Cementos,m2,3047.94,2422.22,3420.93
MAP-00395,Blocks Cruz Azul Modelo 395,Producto de alta calidad de la marca Cruz Azul para uso en materiales básicos,Cruz Azul,Materiales Básicos,Blocks,Barra,7641.82,6121.26,9336.56
MAP-00396,Pintura Cemex Modelo 396,Producto de alta calidad de la marca Cemex para uso en acabados,Cemex,Acabados,Pintura,Pieza,6152.21,4644.33,6715.03
MAP-00397,Pintura Cruz Azul Modelo 397,Producto de alta calidad de la marca Cruz Azul para uso en acabados,Cruz Azul,Acabados,Pintura,Kg,3781.01,3324.8,4199.88
MAP-00398,Varillas Cemex Modelo 398,Producto de alta calidad de la marca Cemex para uso en materiales básicos,Cemex,Materiales Básicos,Varillas,Barra,3359.34,2628.75,3692.06
MAP-00399,Grava Cemex Modelo 399,Producto de alta calidad de la marca Cemex para uso en agregados,Cemex,Agregados,Grava,Kg,3417.39,2888.14,3800.68
MAP-00400,Arena Ternium Modelo 400,Producto de alta calidad de la marca Ternium para uso en agregados,Ternium,Agregados,Arena,Barra,7327.85,6453.89,8644.8
MAP-00401,Pintura Cemex Modelo 401,Producto de alta calidad de la marca Cemex para uso en acabados,Cemex,Acabados,Pintura,Galón,7125.5,6377.87,8170.61
MAP-00402,Cementos Holcim Modelo 402,Producto de alta calidad de la marca Holcim para uso en materiales básicos,Holcim,Materiales Básicos,Cementos,m2,3844.15,3059.74,4148.27
MAP-00403,Cementos DeAcero Modelo 403,Producto de alta calidad de la marca DeAcero para uso en materiales básicos,DeAcero,Materiales Básicos,Cementos,Pieza,5409.02,4101.49,6270.18
MAP-00404,Pisos Ternium Modelo 404,Producto de alta calidad de la marca Ternium para uso en acabados,Ternium,Acabados,Pisos,Caja,4404.14,3620.88,5054.23
MAP-00405,Azulejos DeAcero Modelo 405,Producto de alta calidad de la marca DeAcero para uso en acabados,DeAcero,Acabados,Azulejos,Pieza,885.95,723.67,976.76
MAP-00406,Pisos Holcim Modelo 406,Producto de alta calidad de la marca Holcim para uso en acabados,Holcim,Acabados,Pisos,Caja,1375.15,1218.33,1470.25
MAP-00407,Grava Cemex Modelo 407,Producto de alta calidad de la marca Cemex para uso en agregados,Cemex,Agregados,Grava,Barra,4414.95,3544.72,5206.69
MAP-00408,Blocks Cemex Modelo 408,Producto de alta calidad de la marca Cemex para uso en materiales básicos,Cemex,Materiales Básicos,Blocks,Saco,1735.21,1310.16,2150.73
MAP-00409,Azulejos DeAcero Modelo 409,Producto de alta calidad de la marca DeAcero para uso en acabados,DeAcero,Acabados,Azulejos,Caja,3882.56,3067.78,4847.41
MAP-00410,Pintura Cemex Modelo 410,Producto de alta calidad de la marca Cemex para uso en acabados,Cemex,Acabados,Pintura,Litro,3354.94,2614.29,4082.37
MAP-00411,Blocks Ternium Modelo 411,Producto de alta calidad de la marca Ternium para uso en materiales básicos,Ternium,Materiales Básicos,Blocks,Pieza,7309.73,6524.13,9076.13
MAP-00412,Cementos Cemex Modelo 412,Producto de alta calidad de la marca Cemex para uso en materiales básicos,Cemex,Materiales Básicos,Cementos,Barra,3425.67,2741.37,3980.53
MAP-00413,Varillas Cemex Modelo 413,Producto de alta calidad de la marca Cemex para uso en materiales básicos,Cemex,Materiales Básicos,Varillas,Saco,1326.2,1109.25,1546.55
MAP-00414,Pisos Cruz Azul Modelo 414,Producto de alta calidad de la marca Cruz Azul para uso en acabados,Cruz Azul,Acabados,Pisos,Saco,6398.81,5264.45,6959.76
MAP-00415,Varillas Holcim Modelo 415,Producto de alta calidad de la marca Holcim para uso en materiales básicos,Holcim,Materiales Básicos,Varillas,Pieza,7821.73,6413.97,9388.72
MAP-00416,Arena Cemex Modelo 416,Producto de alta calidad de la marca Cemex para uso en agregados,Cemex,Agregados,Arena,Kg,7468.18,6270.72,7884.28
MAP-00417,Cementos Cruz Azul Modelo 417,Producto de alta calidad de la marca Cruz Azul para uso en materiales básicos,Cruz Azul,Materiales Básicos,Cementos,Litro,1120.21,937.04,1397.08
MAP-00418,Azulejos Ternium Modelo 418,Producto de alta calidad de la marca Ternium para uso en acabados,Ternium,Acabados,Azulejos,Pieza,124.02,97.89,142.28
MAP-00419,Pisos Holcim Modelo 419,Producto de alta calidad de la marca Holcim para uso en acabados,Holcim,Acabados,Pisos,Caja,1386.57,1057.93,1650.51
MAP-00420,Varillas Cruz Azul Modelo 420,Producto de alta calidad de la marca Cruz Azul para uso en materiales básicos,Cruz Azul,Materiales Básicos,Varillas,Kg,5030.43,4045.17,6036.63
MAP-00421,Blocks Cruz Azul Modelo 421,Producto de alta calidad de la marca Cruz Azul para uso en materiales básicos,Cruz Azul,Materiales Básicos,Blocks,m3,6375.69,5076.94,7813.81
MAP-00422,Grava DeAcero Modelo 422,Producto de alta calidad de la marca DeAcero para uso en agregados,DeAcero,Agregados,Grava,Pieza,6357.37,4903.26,7158.91
MAP-00423,Azulejos Ternium Modelo 423,Producto de alta calidad de la marca Ternium para uso en acabados,Ternium,Acabados,Azulejos,m3,3512.31,2665.55,4332.72
MAP-00424,Pisos Cemex Modelo 424,Producto de alta calidad de la marca Cemex para uso en acabados,Cemex,Acabados,Pisos,Kg,1274.21,1146.72,1410.0
MAP-00425,Tepetate Holcim Modelo 425,Producto de alta calidad de la marca Holcim para uso en agregados,Holcim,Agregados,Tepetate,Caja,3859.44,2941.82,4702.37
MAP-00426,Arena Cemex Modelo 426,Producto de alta calidad de la marca Cemex para uso en agregados,Cemex,Agregados,Arena,Barra,2222.37,1719.37,2516.61
MAP-00427,Tepetate DeAcero Modelo 427,Producto de alta calidad de la marca DeAcero para uso en agregados,DeAcero,Agregados,Tepetate,Litro,4871.78,4382.38,5223.39
MAP-00428,Azulejos DeAcero Modelo 428,Producto de alta calidad de la marca DeAcero para uso en acabados,DeAcero,Acabados,Azulejos,m2,1886.83,1689.22,2071.28
MAP-00429,Grava Cemex Modelo 429,Producto de alta calidad de la marca Cemex para uso en agregados,Cemex,Agregados,Grava,Metro,2474.2,1877.2,3017.3
MAP-00430,Blocks DeAcero Modelo 430,Producto de alta calidad de la marca DeAcero para uso en materiales básicos,DeAcero,Materiales Básicos,Blocks,Saco,1038.55,892.1,1148.5
MAP-00431,Varillas Ternium Modelo 431,Producto de alta calidad de la marca Ternium para uso en materiales básicos,Ternium,Materiales Básicos,Varillas,Pieza,862.46,682.43,924.1
MAP-00432,Grava Cruz Azul Modelo 432,Producto de alta calidad de la marca Cruz Azul para uso en agregados,Cruz Azul,Agregados,Grava,Saco,3464.1,2906.59,3813.06
MAP-00433,Pintura DeAcero Modelo 433,Producto de alta calidad de la marca DeAcero para uso en acabados,DeAcero,Acabados,Pintura,Galón,1848.11,1473.38,2159.67
MAP-00434,Cementos Holcim Modelo 434,Producto de alta calidad de la marca Holcim para uso en materiales básicos,Holcim,Materiales Básicos,Cementos,Kg,1935.21,1665.84,2345.13
MAP-00435,Varillas Holcim Modelo 435,Producto de alta calidad de la marca Holcim para uso en materiales básicos,Holcim,Materiales Básicos,Varillas,m2,3449.7,2756.02,3847.91
MAP-00436,Tepetate Cruz Azul Modelo 436,Producto de alta calidad de la marca Cruz Azul para uso en agregados,Cruz Azul,Agregados,Tepetate,Caja,4523.04,3787.23,5210.93
MAP-00437,Pisos DeAcero Modelo 437,Producto de alta calidad de la marca DeAcero para uso en acabados,DeAcero,Acabados,Pisos,m3,1337.61,1194.09,1426.13
MAP-00438,Cementos Cruz Azul Modelo 438,Producto de alta calidad de la marca Cruz Azul para uso en materiales básicos,Cruz Azul,Materiales Básicos,Cementos,m2,4424.47,3570.45,4724.74
MAP-00439,Grava Cruz Azul Modelo 439,Producto de alta calidad de la marca Cruz Azul para uso en agregados,Cruz Azul,Agregados,Grava,Saco,4888.04,3975.15,5169.17
MAP-00440,Azulejos Holcim Modelo 440,Producto de alta calidad de la marca Holcim para uso en acabados,Holcim,Acabados,Azulejos,Saco,3327.72,2883.04,3962.31
MAP-00441,Azulejos DeAcero Modelo 441,Producto de alta calidad de la marca DeAcero para uso en acabados,DeAcero,Acabados,Azulejos,Litro,2510.23,1911.84,3099.97
MAP-00442,Blocks DeAcero Modelo 442,Producto de alta calidad de la marca DeAcero para uso en materiales básicos,DeAcero,Materiales Básicos,Blocks,Pieza,2343.09,1863.53,2667.18
MAP-00443,Pintura Cemex Modelo 443,Producto de alta calidad de la marca Cemex para uso en acabados,Cemex,Acabados,Pintura,Kg,4236.57,3277.87,4567.89
MAP-00444,Tepetate Ternium Modelo 444,Producto de alta calidad de la marca Ternium para uso en agregados,Ternium,Agregados,Tepetate,Litro,4469.48,3522.64,5453.75
MAP-00445,Tepetate DeAcero Modelo 445,Producto de alta calidad de la marca DeAcero para uso en agregados,DeAcero,Agregados,Tepetate,Metro,5828.58,5118.85,7276.16
MAP-00446,Varillas Holcim Modelo 446,Producto de alta calidad de la marca Holcim para uso en materiales básicos,Holcim,Materiales Básicos,Varillas,Pieza,7558.46,6118.37,8238.14
MAP-00447,Blocks Cruz Azul Modelo 447,Producto de alta calidad de la marca Cruz Azul para uso en materiales básicos,Cruz Azul,Materiales Básicos,Blocks,Metro,4339.78,3598.34,5048.76
MAP-00448,Azulejos Ternium Modelo 448,Producto de alta calidad de la marca Ternium para uso en acabados,Ternium,Acabados,Azulejos,Pieza,1478.17,1171.86,1647.3
MAP-00449,Azulejos Holcim Modelo 449,Producto de alta calidad de la marca Holcim para uso en acabados,Holcim,Acabados,Azulejos,m3,4194.44,3247.34,4648.49
MAP-00450,Pintura Holcim Modelo 450,Producto de alta calidad de la marca Holcim para uso en acabados,Holcim,Acabados,Pintura,m2,1486.45,1207.6,1854.87
MAP-00451,Pintura Cemex Modelo 451,Producto de alta calidad de la marca Cemex para uso en acabados,Cemex,Acabados,Pintura,Litro,7128.18,5548.8,8751.99
MAP-00452,Pisos DeAcero Modelo 452,Producto de alta calidad de la marca DeAcero para uso en acabados,DeAcero,Acabados,Pisos,Galón,1281.15,1106.59,1426.37
MAP-00453,Blocks Cemex Modelo 453,Producto de alta calidad de la marca Cemex para uso en materiales básicos,Cemex,Materiales Básicos,Blocks,Saco,2391.43,1959.47,2824.06
MAP-00454,Pisos Cemex Modelo 454,Producto de alta calidad de la marca Cemex para uso en acabados,Cemex,Acabados,Pisos,m2,1721.41,1300.39,2004.47
MAP-00455,Blocks Ternium Modelo 455,Producto de alta calidad de la marca Ternium para uso en materiales básicos,Ternium,Materiales Básicos,Blocks,Barra,240.1,194.53,290.94
MAP-00456,Cementos Ternium Modelo 456,Producto de alta calidad de la marca Ternium para uso en materiales básicos,Ternium,Materiales Básicos,Cementos,Galón,7970.19,6153.23,9918.92
MAP-00457,Blocks DeAcero Modelo 457,Producto de alta calidad de la marca DeAcero para uso en materiales básicos,DeAcero,Materiales Básicos,Blocks,Caja,2436.72,2135.39,2660.46
MAP-00458,Tepetate DeAcero Modelo 458,Producto de alta calidad de la marca DeAcero para uso en agregados,DeAcero,Agregados,Tepetate,Pieza,3135.66,2384.31,3429.44
MAP-00459,Pintura DeAcero Modelo 459,Producto de alta calidad de la marca DeAcero para uso en acabados,DeAcero,Acabados,Pintura,Galón,4010.21,3090.42,4680.17
MAP-00460,Cementos Holcim Modelo 460,Producto de alta calidad de la marca Holcim para uso en materiales básicos,Holcim,Materiales Básicos,Cementos,m3,1791.94,1509.51,1900.53
MAP-00461,Arena DeAcero Modelo 461,Producto de alta calidad de la marca DeAcero para uso en agregados,DeAcero,Agregados,Arena,Barra,7356.04,5646.48,8231.34
MAP-00462,Pisos DeAcero Modelo 462,Producto de alta calidad de la marca DeAcero para uso en acabados,DeAcero,Acabados,Pisos,m3,6768.76,5451.52,7350.56
MAP-00463,Grava Cemex Modelo 463,Producto de alta calidad de la marca Cemex para uso en agregados,Cemex,Agregados,Grava,Pieza,7040.02,5526.1,7496.35
MAP-00464,Cementos Ternium Modelo 464,Producto de alta calidad de la marca Ternium para uso en materiales básicos,Ternium,Materiales Básicos,Cementos,Kg,2869.51,2186.52,3534.89
MAP-00465,Blocks Holcim Modelo 465,Producto de alta calidad de la marca Holcim para uso en materiales básicos,Holcim,Materiales Básicos,Blocks,Metro,7893.99,5986.38,9031.1
MAP-00466,Varillas DeAcero Modelo 466,Producto de alta calidad de la marca DeAcero para uso en materiales básicos,DeAcero,Materiales Básicos,Varillas,Metro,2047.44,1620.82,2488.84
MAP-00467,Blocks Holcim Modelo 467,Producto de alta calidad de la marca Holcim para uso en materiales básicos,Holcim,Materiales Básicos,Blocks,Caja,83.11,73.3,94.88
MAP-00468,Cementos Holcim Modelo 468,Producto de alta calidad de la marca Holcim para uso en materiales básicos,Holcim,Materiales Básicos,Cementos,Caja,1196.26,1016.12,1334.71
MAP-00469,Varillas Cemex Modelo 469,Producto de alta calidad de la marca Cemex para uso en materiales básicos,Cemex,Materiales Básicos,Varillas,Barra,611.27,531.08,723.91
MAP-00470,Pintura Holcim Modelo 470,Producto de alta calidad de la marca Holcim para uso en acabados,Holcim,Acabados,Pintura,Barra,4837.61,3882.58,5852.94
MAP-00471,Grava Holcim Modelo 471,Producto de alta calidad de la marca Holcim para uso en agregados,Holcim,Agregados,Grava,Litro,6542.67,5197.51,7809.95
MAP-00472,Blocks DeAcero Modelo 472,Producto de alta calidad de la marca DeAcero para uso en materiales básicos,DeAcero,Materiales Básicos,Blocks,Caja,3508.42,3106.48,4197.12
MAP-00473,Pintura DeAcero Modelo 473,Producto de alta calidad de la marca DeAcero para uso en acabados,DeAcero,Acabados,Pintura,m2,5530.15,4254.64,6118.92
MAP-00474,Cementos Cemex Modelo 474,Producto de alta calidad de la marca Cemex para uso en materiales básicos,Cemex,Materiales Básicos,Cementos,Kg,595.28,524.46,728.94
MAP-00475,Blocks Cemex Modelo 475,Producto de alta calidad de la marca Cemex para uso en materiales básicos,Cemex,Materiales Básicos,Blocks,Saco,6701.81,5328.93,7584.22
MAP-00476,Grava Cemex Modelo 476,Producto de alta calidad de la marca Cemex para uso en agregados,Cemex,Agregados,Grava,m2,1191.3,903.77,1466.94
MAP-00477,Tepetate Holcim Modelo 477,Producto de alta calidad de la marca Holcim para uso en agregados,Holcim,Agregados,Tepetate,Pieza,1401.43,1201.67,1495.97
MAP-00478,Blocks Cruz Azul Modelo 478,Producto de alta calidad de la marca Cruz Azul para uso en materiales básicos,Cruz Azul,Materiales Básicos,Blocks,Litro,7019.74,5662.95,7712.16
MAP-00479,Blocks Ternium Modelo 479,Producto de alta calidad de la marca Ternium para uso en materiales básicos,Ternium,Materiales Básicos,Blocks,Pieza,4610.82,3650.18,5463.07
MAP-00480,Cementos Cruz Azul Modelo 480,Producto de alta calidad de la marca Cruz Azul para uso en materiales básicos,Cruz Azul,Materiales Básicos,Cementos,Galón,6787.26,5706.02,7517.21
MAP-00481,Tepetate Cruz Azul Modelo 481,Producto de alta calidad de la marca Cruz Azul para uso en agregados,Cruz Azul,Agregados,Tepetate,Kg,190.97,158.56,214.08
MAP-00482,Grava Ternium Modelo 482,Producto de alta calidad de la marca Ternium para uso en agregados,Ternium,Agregados,Grava,Galón,5646.38,4247.83,6448.93
MAP-00483,Varillas Cemex Modelo 483,Producto de alta calidad de la marca Cemex para uso en materiales básicos,Cemex,Materiales Básicos,Varillas,Galón,5428.0,4577.65,6161.63
MAP-00484,Pintura Ternium Modelo 484,Producto de alta calidad de la marca Ternium para uso en acabados,Ternium,Acabados,Pintura,Galón,4757.49,3717.3,5154.78
MAP-00485,Grava Holcim Modelo 485,Producto de alta calidad de la marca Holcim para uso en agregados,Holcim,Agregados,Grava,m2,6866.5,5709.95,8168.18
MAP-00486,Pisos DeAcero Modelo 486,Producto de alta calidad de la marca DeAcero para uso en acabados,DeAcero,Acabados,Pisos,Caja,6671.8,5696.26,8133.2
MAP-00487,Pisos Ternium Modelo 487,Producto de alta calidad de la marca Ternium para uso en acabados,Ternium,Acabados,Pisos,Galón,4585.29,4025.63,5218.97
MAP-00488,Pisos Holcim Modelo 488,Producto de alta calidad de la marca Holcim para uso en acabados,Holcim,Acabados,Pisos,m2,5814.49,4988.92,6887.16
MAP-00489,Grava DeAcero Modelo 489,Producto de alta calidad de la marca DeAcero para uso en agregados,DeAcero,Agregados,Grava,Pieza,1844.0,1456.81,2135.89
MAP-00490,Grava Holcim Modelo 490,Producto de alta calidad de la marca Holcim para uso en agregados,Holcim,Agregados,Grava,Saco,5314.36,4702.21,6002.91
MAP-00491,Arena Ternium Modelo 491,Producto de alta calidad de la marca Ternium para uso en agregados,Ternium,Agregados,Arena,m3,1701.07,1510.72,2036.27
MAP-00492,Pisos Holcim Modelo 492,Producto de alta calidad de la marca Holcim para uso en acabados,Holcim,Acabados,Pisos,Caja,6686.38,5316.05,8030.83
MAP-00493,Pintura Holcim Modelo 493,Producto de alta calidad de la marca Holcim para uso en acabados,Holcim,Acabados,Pintura,Kg,1234.92,1040.48,1372.03
MAP-00494,Cementos Cemex Modelo 494,Producto de alta calidad de la marca Cemex para uso en materiales básicos,Cemex,Materiales Básicos,Cementos,m2,74.27,58.81,80.08
MAP-00495,Grava DeAcero Modelo 495,Producto de alta calidad de la marca DeAcero para uso en agregados,DeAcero,Agregados,Grava,Galón,3381.66,2943.09,3801.9
MAP-00496,Grava Holcim Modelo 496,Producto de alta calidad de la marca Holcim para uso en agregados,Holcim,Agregados,Grava,Galón,5327.12,4355.87,5601.89
MAP-00497,Tepetate DeAcero Modelo 497,Producto de alta calidad de la marca DeAcero para uso en agregados,DeAcero,Agregados,Tepetate,Kg,3971.32,3133.84,4635.52
MAP-00498,Azulejos Holcim Modelo 498,Producto de alta calidad de la marca Holcim para uso en acabados,Holcim,Acabados,Azulejos,Galón,153.69,137.38,170.08
MAP-00499,Pintura Ternium Modelo 499,Producto de alta calidad de la marca Ternium para uso en acabados,Ternium,Acabados,Pintura,Barra,5965.92,4506.7,6641.42
MAP-00500,Varillas Cruz Azul Modelo 500,Producto de alta calidad de la marca Cruz Azul para uso en materiales básicos,Cruz Azul,Materiales Básicos,Varillas,Kg,6384.43,5243.41,6911.23
MAP-00501,Blocks DeAcero Modelo 501,Producto de alta calidad de la marca DeAcero para uso en materiales básicos,DeAcero,Materiales Básicos,Blocks,Litro,6644.07,5368.16,7046.27
MAP-00502,Pisos DeAcero Modelo 502,Producto de alta calidad de la marca DeAcero para uso en acabados,DeAcero,Acabados,Pisos,Metro,653.26,554.99,766.1
MAP-00503,Arena Ternium Modelo 503,Producto de alta calidad de la marca Ternium para uso en agregados,Ternium,Agregados,Arena,Saco,6934.29,5388.82,8156.68
MAP-00504,Azulejos Cemex Modelo 504,Producto de alta calidad de la marca Cemex para uso en acabados,Cemex,Acabados,Azulejos,Pieza,5204.22,4492.09,6326.28
MAP-00505,Tepetate DeAcero Modelo 505,Producto de alta calidad de la marca DeAcero para uso en agregados,DeAcero,Agregados,Tepetate,Saco,3863.93,3456.18,4428.67
MAP-00506,Tepetate Ternium Modelo 506,Producto de alta calidad de la marca Ternium para uso en agregados,Ternium,Agregados,Tepetate,Galón,3514.77,2993.47,4241.24
MAP-00507,Cementos Cruz Azul Modelo 507,Producto de alta calidad de la marca Cruz Azul para uso en materiales básicos,Cruz Azul,Materiales Básicos,Cementos,Metro,7973.46,6450.72,8817.35
MAP-00508,Cementos Cemex Modelo 508,Producto de alta calidad de la marca Cemex para uso en materiales básicos,Cemex,Materiales Básicos,Cementos,Pieza,1851.62,1519.24,2204.95
MAP-00509,Grava Holcim Modelo 509,Producto de alta calidad de la marca Holcim para uso en agregados,Holcim,Agregados,Grava,Saco,5904.92,5060.83,7376.31
MAP-00510,Blocks DeAcero Modelo 510,Producto de alta calidad de la marca DeAcero para uso en materiales básicos,DeAcero,Materiales Básicos,Blocks,Kg,151.24,120.39,174.69
MAP-00511,Pisos Cemex Modelo 511,Producto de alta calidad de la marca Cemex para uso en acabados,Cemex,Acabados,Pisos,m3,628.28,518.62,716.56
MAP-00512,Blocks DeAcero Modelo 512,Producto de alta calidad de la marca DeAcero para uso en materiales básicos,DeAcero,Materiales Básicos,Blocks,Litro,3295.7,2827.6,4012.72
MAP-00513,Varillas DeAcero Modelo 513,Producto de alta calidad de la marca DeAcero para uso en materiales básicos,DeAcero,Materiales Básicos,Varillas,Barra,7328.09,6382.01,7939.31
MAP-00514,Pisos DeAcero Modelo 514,Producto de alta calidad de la marca DeAcero para uso en acabados,DeAcero,Acabados,Pisos,Saco,2585.01,1991.04,3063.95
MAP-00515,Arena Cruz Azul Modelo 515,Producto de alta calidad de la marca Cruz Azul para uso en agregados,Cruz Azul,Agregados,Arena,Pieza,1710.95,1305.25,2080.22
MAP-00516,Pintura Holcim Modelo 516,Producto de alta calidad de la marca Holcim para uso en acabados,Holcim,Acabados,Pintura,Galón,1262.42,975.73,1375.74
MAP-00517,Cementos DeAcero Modelo 517,Producto de alta calidad de la marca DeAcero para uso en materiales básicos,DeAcero,Materiales Básicos,Cementos,Metro,6710.12,5466.45,7402.76
MAP-00518,Tepetate DeAcero Modelo 518,Producto de alta calidad de la marca DeAcero para uso en agregados,DeAcero,Agregados,Tepetate,Metro,1270.35,985.15,1478.29
MAP-00519,Pisos Ternium Modelo 519,Producto de alta calidad de la marca Ternium para uso en acabados,Ternium,Acabados,Pisos,m3,2989.26,2348.63,3645.68
MAP-00520,Grava Cruz Azul Modelo 520,Producto de alta calidad de la marca Cruz Azul para uso en agregados,Cruz Azul,Agregados,Grava,m2,4114.18,3694.82,4398.57
MAP-00521,Arena Cemex Modelo 521,Producto de alta calidad de la marca Cemex para uso en agregados,Cemex,Agregados,Arena,m3,7799.3,6263.14,8891.52
MAP-00522,Tepetate Holcim Modelo 522,Producto de alta calidad de la marca Holcim para uso en agregados,Holcim,Agregados,Tepetate,Kg,4363.51,3835.66,5284.87
MAP-00523,Cementos DeAcero Modelo 523,Producto de alta calidad de la marca DeAcero para uso en materiales básicos,DeAcero,Materiales Básicos,Cementos,Kg,1381.42,1075.74,1471.7
MAP-00524,Tepetate Holcim Modelo 524,Producto de alta calidad de la marca Holcim para uso en agregados,Holcim,Agregados,Tepetate,Litro,632.82,523.62,706.46
MAP-00525,Grava Ternium Modelo 525,Producto de alta calidad de la marca Ternium para uso en agregados,Ternium,Agregados,Grava,m2,3118.24,2730.49,3494.81
MAP-00526,Pintura Cruz Azul Modelo 526,Producto de alta calidad de la marca Cruz Azul para uso en acabados,Cruz Azul,Acabados,Pintura,m2,5231.12,4667.84,6495.18
MAP-00527,Cementos Cruz Azul Modelo 527,Producto de alta calidad de la marca Cruz Azul para uso en materiales básicos,Cruz Azul,Materiales Básicos,Cementos,Saco,6702.98,5273.19,7503.26
MAP-00528,Arena Ternium Modelo 528,Producto de alta calidad de la marca Ternium para uso en agregados,Ternium,Agregados,Arena,Caja,5661.87,4606.25,6414.84
MAP-00529,Pisos Cruz Azul Modelo 529,Producto de alta calidad de la marca Cruz Azul para uso en acabados,Cruz Azul,Acabados,Pisos,m2,7418.76,6219.12,8249.84
MAP-00530,Arena Cemex Modelo 530,Producto de alta calidad de la marca Cemex para uso en agregados,Cemex,Agregados,Arena,m3,1897.19,1486.43,2113.04
MAP-00531,Arena Ternium Modelo 531,Producto de alta calidad de la marca Ternium para uso en agregados,Ternium,Agregados,Arena,m3,3887.84,2947.0,4502.45
MAP-00532,Pintura Holcim Modelo 532,Producto de alta calidad de la marca Holcim para uso en acabados,Holcim,Acabados,Pintura,m2,1222.2,932.67,1468.93
MAP-00533,Tepetate Holcim Modelo 533,Producto de alta calidad de la marca Holcim para uso en agregados,Holcim,Agregados,Tepetate,Litro,3909.88,3426.17,4198.37
MAP-00534,Blocks Holcim Modelo 534,Producto de alta calidad de la marca Holcim para uso en materiales básicos,Holcim,Materiales Básicos,Blocks,Litro,7714.48,5795.47,9041.41
MAP-00535,Cementos Holcim Modelo 535,Producto de alta calidad de la marca Holcim para uso en materiales básicos,Holcim,Materiales Básicos,Cementos,Galón,242.79,190.75,289.42
MAP-00536,Pisos Holcim Modelo 536,Producto de alta calidad de la marca Holcim para uso en acabados,Holcim,Acabados,Pisos,Kg,7602.55,6330.56,8837.56
MAP-00537,Pisos Cemex Modelo 537,Producto de alta calidad de la marca Cemex para uso en acabados,Cemex,Acabados,Pisos,Galón,3213.07,2438.99,3541.79
MAP-00538,Pintura Holcim Modelo 538,Producto de alta calidad de la marca Holcim para uso en acabados,Holcim,Acabados,Pintura,Pieza,7195.61,6133.61,8478.7
MAP-00539,Blocks Cemex Modelo 539,Producto de alta calidad de la marca Cemex para uso en materiales básicos,Cemex,Materiales Básicos,Blocks,Barra,4609.9,3665.07,5444.32
MAP-00540,Varillas Cemex Modelo 540,Producto de alta calidad de la marca Cemex para uso en materiales básicos,Cemex,Materiales Básicos,Varillas,Pieza,1624.61,1334.22,1768.91
MAP-00541,Pisos Cruz Azul Modelo 541,Producto de alta calidad de la marca Cruz Azul para uso en acabados,Cruz Azul,Acabados,Pisos,Metro,5034.47,3851.3,5522.32
MAP-00542,Tepetate Ternium Modelo 542,Producto de alta calidad de la marca Ternium para uso en agregados,Ternium,Agregados,Tepetate,Galón,6742.24,5585.96,8088.02
MAP-00543,Varillas Holcim Modelo 543,Producto de alta calidad de la marca Holcim para uso en materiales básicos,Holcim,Materiales Básicos,Varillas,Barra,3594.56,3097.79,4424.27
MAP-00544,Azulejos DeAcero Modelo 544,Producto de alta calidad de la marca DeAcero para uso en acabados,DeAcero,Acabados,Azulejos,Caja,6183.58,5112.79,7267.56
MAP-00545,Pisos Cruz Azul Modelo 545,Producto de alta calidad de la marca Cruz Azul para uso en acabados,Cruz Azul,Acabados,Pisos,Caja,1568.73,1402.17,1952.22
MAP-00546,Pintura Cemex Modelo 546,Producto de alta calidad de la marca Cemex para uso en acabados,Cemex,Acabados,Pintura,Barra,3353.57,2517.96,3874.03
MAP-00547,Grava Ternium Modelo 547,Producto de alta calidad de la marca Ternium para uso en agregados,Ternium,Agregados,Grava,Barra,3791.24,2928.68,4710.98
MAP-00548,Cementos DeAcero Modelo 548,Producto de alta calidad de la marca DeAcero para uso en materiales básicos,DeAcero,Materiales Básicos,Cementos,Kg,5447.77,4752.11,6331.62
MAP-00549,Pintura Cemex Modelo 549,Producto de alta calidad de la marca Cemex para uso en acabados,Cemex,Acabados,Pintura,Galón,5012.91,4281.23,5881.85
MAP-00550,Azulejos Cemex Modelo 550,Producto de alta calidad de la marca Cemex para uso en acabados,Cemex,Acabados,Azulejos,Galón,5609.36,4330.25,6354.62
MAP-00551,Arena Cruz Azul Modelo 551,Producto de alta calidad de la marca Cruz Azul para uso en agregados,Cruz Azul,Agregados,Arena,m2,7961.66,6848.39,8646.21
MAP-00552,Cementos Cruz Azul Modelo 552,Producto de alta calidad de la marca Cruz Azul para uso en materiales básicos,Cruz Azul,Materiales Básicos,Cementos,Barra,3452.35,2870.68,3915.07
MAP-00553,Blocks DeAcero Modelo 553,Producto de alta calidad de la marca DeAcero para uso en materiales básicos,DeAcero,Materiales Básicos,Blocks,Kg,5684.78,4492.5,6356.9
MAP-00554,Arena Ternium Modelo 554,Producto de alta calidad de la marca Ternium para uso en agregados,Ternium,Agregados,Arena,Caja,1852.9,1533.98,2059.35
MAP-00555,Varillas Ternium Modelo 555,Producto de alta calidad de la marca Ternium para uso en materiales básicos,Ternium,Materiales Básicos,Varillas,Saco,6914.33,6004.99,7940.79
MAP-00556,Grava Ternium Modelo 556,Producto de alta calidad de la marca Ternium para uso en agregados,Ternium,Agregados,Grava,Pieza,2217.35,1833.4,2596.19
MAP-00557,Arena Cemex Modelo 557,Producto de alta calidad de la marca Cemex para uso en agregados,Cemex,Agregados,Arena,Barra,5528.43,4464.7,6614.6
MAP-00558,Tepetate Cruz Azul Modelo 558,Producto de alta calidad de la marca Cruz Azul para uso en agregados,Cruz Azul,Agregados,Tepetate,Saco,6037.93,5324.99,6533.35
MAP-00559,Blocks Cemex Modelo 559,Producto de alta calidad de la marca Cemex para uso en materiales básicos,Cemex,Materiales Básicos,Blocks,Galón,431.12,382.81,469.36
MAP-00560,Pisos Cemex Modelo 560,Producto de alta calidad de la marca Cemex para uso en acabados,Cemex,Acabados,Pisos,Saco,5057.3,4008.72,5346.05
MAP-00561,Blocks Holcim Modelo 561,Producto de alta calidad de la marca Holcim para uso en materiales básicos,Holcim,Materiales Básicos,Blocks,Kg,6089.83,4752.35,7418.23
MAP-00562,Pisos Cemex Modelo 562,Producto de alta calidad de la marca Cemex para uso en acabados,Cemex,Acabados,Pisos,m3,7747.08,6501.78,8894.83
MAP-00563,Varillas Holcim Modelo 563,Producto de alta calidad de la marca Holcim para uso en materiales básicos,Holcim,Materiales Básicos,Varillas,m3,1348.03,1092.73,1461.78
MAP-00564,Blocks Cemex Modelo 564,Producto de alta calidad de la marca Cemex para uso en materiales básicos,Cemex,Materiales Básicos,Blocks,Barra,489.76,399.76,590.51
MAP-00565,Varillas Cemex Modelo 565,Producto de alta calidad de la marca Cemex para uso en materiales básicos,Cemex,Materiales Básicos,Varillas,Pieza,3202.21,2860.54,3538.62
MAP-00566,Pintura Holcim Modelo 566,Producto de alta calidad de la marca Holcim para uso en acabados,Holcim,Acabados,Pintura,Saco,4480.5,3852.17,5254.76
MAP-00567,Tepetate Cruz Azul Modelo 567,Producto de alta calidad de la marca Cruz Azul para uso en agregados,Cruz Azul,Agregados,Tepetate,Caja,5508.42,4861.46,5963.48
MAP-00568,Grava Cruz Azul Modelo 568,Producto de alta calidad de la marca Cruz Azul para uso en agregados,Cruz Azul,Agregados,Grava,Metro,4442.0,3376.02,5235.2
MAP-00569,Tepetate Cruz Azul Modelo 569,Producto de alta calidad de la marca Cruz Azul para uso en agregados,Cruz Azul,Agregados,Tepetate,m3,5570.65,4511.46,5973.39
MAP-00570,Varillas Cruz Azul Modelo 570,Producto de alta calidad de la marca Cruz Azul para uso en materiales básicos,Cruz Azul,Materiales Básicos,Varillas,Galón,3681.88,2966.72,4293.75
MAP-00571,Varillas Cemex Modelo 571,Producto de alta calidad de la marca Cemex para uso en materiales básicos,Cemex,Materiales Básicos,Varillas,Barra,4656.24,4023.8,5268.79
MAP-00572,Cementos Holcim Modelo 572,Producto de alta calidad de la marca Holcim para uso en materiales básicos,Holcim,Materiales Básicos,Cementos,Metro,4787.58,3774.78,5234.44
MAP-00573,Grava Cemex Modelo 573,Producto de alta calidad de la marca Cemex para uso en agregados,Cemex,Agregados,Grava,Barra,5174.46,4502.2,5522.77
MAP-00574,Pisos Holcim Modelo 574,Producto de alta calidad de la marca Holcim para uso en acabados,Holcim,Acabados,Pisos,m3,5122.9,4346.29,5422.15
MAP-00575,Grava DeAcero Modelo 575,Producto de alta calidad de la marca DeAcero para uso en agregados,DeAcero,Agregados,Grava,Galón,5501.72,4177.79,6209.97
MAP-00576,Azulejos Holcim Modelo 576,Producto de alta calidad de la marca Holcim para uso en acabados,Holcim,Acabados,Azulejos,m3,4095.23,3246.6,5043.38
MAP-00577,Varillas Holcim Modelo 577,Producto de alta calidad de la marca Holcim para uso en materiales básicos,Holcim,Materiales Básicos,Varillas,Galón,6132.26,4696.44,7624.74
MAP-00578,Grava DeAcero Modelo 578,Producto de alta calidad de la marca DeAcero para uso en agregados,DeAcero,Agregados,Grava,Galón,6813.86,6025.02,8511.02
MAP-00579,Azulejos Ternium Modelo 579,Producto de alta calidad de la marca Ternium para uso en acabados,Ternium,Acabados,Azulejos,Barra,597.66,516.21,632.51
MAP-00580,Azulejos Cemex Modelo 580,Producto de alta calidad de la marca Cemex para uso en acabados,Cemex,Acabados,Azulejos,Litro,1221.77,1090.78,1447.33
MAP-00581,Cementos Cruz Azul Modelo 581,Producto de alta calidad de la marca Cruz Azul para uso en materiales básicos,Cruz Azul,Materiales Básicos,Cementos,Pieza,3636.98,2943.74,4415.41
MAP-00582,Pintura Ternium Modelo 582,Producto de alta calidad de la marca Ternium para uso en acabados,Ternium,Acabados,Pintura,Saco,1791.06,1394.65,2107.11
MAP-00583,Azulejos DeAcero Modelo 583,Producto de alta calidad de la marca DeAcero para uso en acabados,DeAcero,Acabados,Azulejos,Litro,3783.8,3072.58,4210.21
MAP-00584,Varillas Cemex Modelo 584,Producto de alta calidad de la marca Cemex para uso en materiales básicos,Cemex,Materiales Básicos,Varillas,m2,6625.55,5821.68,8232.78
MAP-00585,Varillas Cemex Modelo 585,Producto de alta calidad de la marca Cemex para uso en materiales básicos,Cemex,Materiales Básicos,Varillas,m2,1997.25,1542.98,2429.71
MAP-00586,Varillas Cemex Modelo 586,Producto de alta calidad de la marca Cemex para uso en materiales básicos,Cemex,Materiales Básicos,Varillas,Saco,6138.14,5036.77,7042.81
MAP-00587,Blocks Cruz Azul Modelo 587,Producto de alta calidad de la marca Cruz Azul para uso en materiales básicos,Cruz Azul,Materiales Básicos,Blocks,Metro,73.05,61.55,91.0
MAP-00588,Pintura Cruz Azul Modelo 588,Producto de alta calidad de la marca Cruz Azul para uso en acabados,Cruz Azul,Acabados,Pintura,Metro,3769.05,2833.59,4694.28
MAP-00589,Arena DeAcero Modelo 589,Producto de alta calidad de la marca DeAcero para uso en agregados,DeAcero,Agregados,Arena,Barra,3012.56,2517.34,3557.66
MAP-00590,Varillas Cemex Modelo 590,Producto de alta calidad de la marca Cemex para uso en materiales básicos,Cemex,Materiales Básicos,Varillas,Pieza,7224.25,6302.04,8329.74
MAP-00591,Azulejos DeAcero Modelo 591,Producto de alta calidad de la marca DeAcero para uso en acabados,DeAcero,Acabados,Azulejos,m3,6991.22,5506.03,7366.23
MAP-00592,Pintura Cruz Azul Modelo 592,Producto de alta calidad de la marca Cruz Azul para uso en acabados,Cruz Azul,Acabados,Pintura,Pieza,924.11,746.79,1088.88
MAP-00593,Azulejos Cemex Modelo 593,Producto de alta calidad de la marca Cemex para uso en acabados,Cemex,Acabados,Azulejos,m2,1617.16,1292.09,1935.24
MAP-00594,Blocks Cemex Modelo 594,Producto de alta calidad de la marca Cemex para uso en materiales básicos,Cemex,Materiales Básicos,Blocks,Pieza,3908.91,3224.13,4299.02
MAP-00595,Arena DeAcero Modelo 595,Producto de alta calidad de la marca DeAcero para uso en agregados,DeAcero,Agregados,Arena,Caja,318.74,281.27,380.24
MAP-00596,Varillas Cemex Modelo 596,Producto de alta calidad de la marca Cemex para uso en materiales básicos,Cemex,Materiales Básicos,Varillas,Kg,2119.87,1608.72,2524.49
MAP-00597,Azulejos DeAcero Modelo 597,Producto de alta calidad de la marca DeAcero para uso en acabados,DeAcero,Acabados,Azulejos,m2,5836.97,4533.16,7207.05
MAP-00598,Tepetate Cruz Azul Modelo 598,Producto de alta calidad de la marca Cruz Azul para uso en agregados,Cruz Azul,Agregados,Tepetate,Caja,7840.22,6354.24,9341.39
MAP-00599,Pintura Cemex Modelo 599,Producto de alta calidad de la marca Cemex para uso en acabados,Cemex,Acabados,Pintura,Kg,1757.09,1446.1,1897.73
MAP-00600,Pisos DeAcero Modelo 600,Producto de alta calidad de la marca DeAcero para uso en acabados,DeAcero,Acabados,Pisos,Caja,760.21,654.56,860.93
MAP-00601,Blocks Cruz Azul Modelo 601,Producto de alta calidad de la marca Cruz Azul para uso en materiales básicos,Cruz Azul,Materiales Básicos,Blocks,Saco,469.99,376.61,560.18
MAP-00602,Grava Cemex Modelo 602,Producto de alta calidad de la marca Cemex para uso en agregados,Cemex,Agregados,Grava,Metro,7752.18,6941.26,8846.1
MAP-00603,Grava Ternium Modelo 603,Producto de alta calidad de la marca Ternium para uso en agregados,Ternium,Agregados,Grava,m3,4033.23,3351.54,4718.92
MAP-00604,Blocks DeAcero Modelo 604,Producto de alta calidad de la marca DeAcero para uso en materiales básicos,DeAcero,Materiales Básicos,Blocks,Galón,6910.97,5738.14,7479.04
MAP-00605,Grava Cemex Modelo 605,Producto de alta calidad de la marca Cemex para uso en agregados,Cemex,Agregados,Grava,Galón,7153.09,5977.64,8035.01
MAP-00606,Cementos Holcim Modelo 606,Producto de alta calidad de la marca Holcim para uso en materiales básicos,Holcim,Materiales Básicos,Cementos,Pieza,3556.69,2907.09,4373.35
MAP-00607,Pintura Cruz Azul Modelo 607,Producto de alta calidad de la marca Cruz Azul para uso en acabados,Cruz Azul,Acabados,Pintura,Barra,4105.86,3425.93,4858.47
MAP-00608,Grava Ternium Modelo 608,Producto de alta calidad de la marca Ternium para uso en agregados,Ternium,Agregados,Grava,Kg,4446.44,3938.24,4873.6
MAP-00609,Cementos Ternium Modelo 609,Producto de alta calidad de la marca Ternium para uso en materiales básicos,Ternium,Materiales Básicos,Cementos,Kg,6821.23,5493.09,7325.36
MAP-00610,Arena DeAcero Modelo 610,Producto de alta calidad de la marca DeAcero para uso en agregados,DeAcero,Agregados,Arena,m3,7215.92,6205.4,7851.31
MAP-00611,Azulejos DeAcero Modelo 611,Producto de alta calidad de la marca DeAcero para uso en acabados,DeAcero,Acabados,Azulejos,Litro,7410.59,6060.25,8700.97
MAP-00612,Arena DeAcero Modelo 612,Producto de alta calidad de la marca DeAcero para uso en agregados,DeAcero,Agregados,Arena,Kg,2528.51,2118.62,2757.05
MAP-00613,Blocks Holcim Modelo 613,Producto de alta calidad de la marca Holcim para uso en materiales básicos,Holcim,Materiales Básicos,Blocks,Galón,3508.76,2767.47,4242.31
MAP-00614,Pisos Holcim Modelo 614,Producto de alta calidad de la marca Holcim para uso en acabados,Holcim,Acabados,Pisos,Galón,6016.73,5297.57,6369.05
MAP-00615,Grava Ternium Modelo 615,Producto de alta calidad de la marca Ternium para uso en agregados,Ternium,Agregados,Grava,Barra,1263.06,1061.88,1458.33
MAP-00616,Azulejos Cruz Azul Modelo 616,Producto de alta calidad de la marca Cruz Azul para uso en acabados,Cruz Azul,Acabados,Azulejos,Caja,7867.33,6915.84,8595.8
MAP-00617,Arena Ternium Modelo 617,Producto de alta calidad de la marca Ternium para uso en agregados,Ternium,Agregados,Arena,Kg,877.29,685.97,1019.96
MAP-00618,Blocks DeAcero Modelo 618,Producto de alta calidad de la marca DeAcero para uso en materiales básicos,DeAcero,Materiales Básicos,Blocks,m2,6362.19,5281.09,6844.67
MAP-00619,Grava Ternium Modelo 619,Producto de alta calidad de la marca Ternium para uso en agregados,Ternium,Agregados,Grava,Metro,6193.05,5567.77,7269.05
MAP-00620,Pisos Ternium Modelo 620,Producto de alta calidad de la marca Ternium para uso en acabados,Ternium,Acabados,Pisos,Saco,3661.85,2854.88,4227.63
MAP-00621,Grava DeAcero Modelo 621,Producto de alta calidad de la marca DeAcero para uso en agregados,DeAcero,Agregados,Grava,Galón,6570.99,5264.19,7435.45
MAP-00622,Pintura Holcim Modelo 622,Producto de alta calidad de la marca Holcim para uso en acabados,Holcim,Acabados,Pintura,Galón,4333.54,3644.86,4766.64
MAP-00623,Varillas Cemex Modelo 623,Producto de alta calidad de la marca Cemex para uso en materiales básicos,Cemex,Materiales Básicos,Varillas,m3,3711.55,3029.72,4552.66
MAP-00624,Azulejos Ternium Modelo 624,Producto de alta calidad de la marca Ternium para uso en acabados,Ternium,Acabados,Azulejos,Galón,1211.23,995.25,1512.0
MAP-00625,Blocks Cemex Modelo 625,Producto de alta calidad de la marca Cemex para uso en materiales básicos,Cemex,Materiales Básicos,Blocks,Litro,6087.57,5469.76,7018.58
MAP-00626,Azulejos Cruz Azul Modelo 626,Producto de alta calidad de la marca Cruz Azul para uso en acabados,Cruz Azul,Acabados,Azulejos,Pieza,418.93,339.03,477.32
MAP-00627,Varillas Holcim Modelo 627,Producto de alta calidad de la marca Holcim para uso en materiales básicos,Holcim,Materiales Básicos,Varillas,Galón,5424.67,4710.37,6295.91
MAP-00628,Cementos DeAcero Modelo 628,Producto de alta calidad de la marca DeAcero para uso en materiales básicos,DeAcero,Materiales Básicos,Cementos,Barra,3997.54,3367.28,4955.98
MAP-00629,Tepetate Holcim Modelo 629,Producto de alta calidad de la marca Holcim para uso en agregados,Holcim,Agregados,Tepetate,Saco,6931.92,5631.34,8542.79
MAP-00630,Arena Cruz Azul Modelo 630,Producto de alta calidad de la marca Cruz Azul para uso en agregados,Cruz Azul,Agregados,Arena,Kg,6135.87,5364.37,7451.93
MAP-00631,Grava DeAcero Modelo 631,Producto de alta calidad de la marca DeAcero para uso en agregados,DeAcero,Agregados,Grava,Galón,6702.87,5732.48,8041.03
MAP-00632,Pisos DeAcero Modelo 632,Producto de alta calidad de la marca DeAcero para uso en acabados,DeAcero,Acabados,Pisos,m2,4733.58,4135.87,5827.6
MAP-00633,Pintura Holcim Modelo 633,Producto de alta calidad de la marca Holcim para uso en acabados,Holcim,Acabados,Pintura,Caja,6654.3,5514.32,7243.78
MAP-00634,Pisos DeAcero Modelo 634,Producto de alta calidad de la marca DeAcero para uso en acabados,DeAcero,Acabados,Pisos,m3,5503.47,4447.52,6758.04
MAP-00635,Tepetate Holcim Modelo 635,Producto de alta calidad de la marca Holcim para uso en agregados,Holcim,Agregados,Tepetate,Pieza,6197.99,5149.46,7470.06
MAP-00636,Grava Holcim Modelo 636,Producto de alta calidad de la marca Holcim para uso en agregados,Holcim,Agregados,Grava,m2,5574.87,4881.95,5994.8
MAP-00637,Grava Holcim Modelo 637,Producto de alta calidad de la marca Holcim para uso en agregados,Holcim,Agregados,Grava,m3,4241.36,3607.84,4991.13
MAP-00638,Pisos Holcim Modelo 638,Producto de alta calidad de la marca Holcim para uso en acabados,Holcim,Acabados,Pisos,Kg,7515.61,6359.04,9026.72
MAP-00639,Blocks Holcim Modelo 639,Producto de alta calidad de la marca Holcim para uso en materiales básicos,Holcim,Materiales Básicos,Blocks,Litro,4430.55,3480.22,4989.0
MAP-00640,Pisos Holcim Modelo 640,Producto de alta calidad de la marca Holcim para uso en acabados,Holcim,Acabados,Pisos,Barra,2624.4,2053.82,3274.89
MAP-00641,Tepetate Ternium Modelo 641,Producto de alta calidad de la marca Ternium para uso en agregados,Ternium,Agregados,Tepetate,Caja,6380.56,5014.86,7110.34
MAP-00642,Azulejos Cruz Azul Modelo 642,Producto de alta calidad de la marca Cruz Azul para uso en acabados,Cruz Azul,Acabados,Azulejos,m2,5919.96,5210.4,6915.37
MAP-00643,Azulejos DeAcero Modelo 643,Producto de alta calidad de la marca DeAcero para uso en acabados,DeAcero,Acabados,Azulejos,Galón,1250.31,1024.09,1527.71
MAP-00644,Tepetate Cruz Azul Modelo 644,Producto de alta calidad de la marca Cruz Azul para uso en agregados,Cruz Azul,Agregados,Tepetate,Metro,5481.88,4280.87,6452.58
MAP-00645,Varillas Cemex Modelo 645,Producto de alta calidad de la marca Cemex para uso en materiales básicos,Cemex,Materiales Básicos,Varillas,Metro,1639.6,1385.66,1739.55
MAP-00646,Grava Cemex Modelo 646,Producto de alta calidad de la marca Cemex para uso en agregados,Cemex,Agregados,Grava,Galón,2435.33,2010.55,2962.84
MAP-00647,Tepetate Cemex Modelo 647,Producto de alta calidad de la marca Cemex para uso en agregados,Cemex,Agregados,Tepetate,m2,7612.71,6629.54,8802.53
MAP-00648,Grava Cemex Modelo 648,Producto de alta calidad de la marca Cemex para uso en agregados,Cemex,Agregados,Grava,Barra,4209.67,3358.89,5219.05
MAP-00649,Tepetate Cruz Azul Modelo 649,Producto de alta calidad de la marca Cruz Azul para uso en agregados,Cruz Azul,Agregados,Tepetate,m2,997.88,874.95,1209.84
MAP-00650,Arena Cruz Azul Modelo 650,Producto de alta calidad de la marca Cruz Azul para uso en agregados,Cruz Azul,Agregados,Arena,Galón,3038.58,2427.08,3711.75
MAP-00651,Tepetate DeAcero Modelo 651,Producto de alta calidad de la marca DeAcero para uso en agregados,DeAcero,Agregados,Tepetate,Litro,1780.65,1552.41,2158.29
MAP-00652,Varillas Holcim Modelo 652,Producto de alta calidad de la marca Holcim para uso en materiales básicos,Holcim,Materiales Básicos,Varillas,Kg,1186.76,896.52,1418.15
MAP-00653,Cementos Cemex Modelo 653,Producto de alta calidad de la marca Cemex para uso en materiales básicos,Cemex,Materiales Básicos,Cementos,Kg,2550.32,2201.79,3099.44
MAP-00654,Cementos Cruz Azul Modelo 654,Producto de alta calidad de la marca Cruz Azul para uso en materiales básicos,Cruz Azul,Materiales Básicos,Cementos,Pieza,458.13,373.8,531.36
MAP-00655,Pintura Holcim Modelo 655,Producto de alta calidad de la marca Holcim para uso en acabados,Holcim,Acabados,Pintura,Caja,5244.77,4559.83,6318.54
MAP-00656,Varillas Cemex Modelo 656,Producto de alta calidad de la marca Cemex para uso en materiales básicos,Cemex,Materiales Básicos,Varillas,Litro,1367.01,1206.73,1514.33
MAP-00657,Tepetate Cruz Azul Modelo 657,Producto de alta calidad de la marca Cruz Azul para uso en agregados,Cruz Azul,Agregados,Tepetate,Barra,6421.2,4876.83,7324.43
MAP-00658,Varillas Cemex Modelo 658,Producto de alta calidad de la marca Cemex para uso en materiales básicos,Cemex,Materiales Básicos,Varillas,Pieza,1516.39,1364.07,1739.66
MAP-00659,Tepetate Ternium Modelo 659,Producto de alta calidad de la marca Ternium para uso en agregados,Ternium,Agregados,Tepetate,Litro,1530.62,1371.2,1853.78
MAP-00660,Varillas DeAcero Modelo 660,Producto de alta calidad de la marca DeAcero para uso en materiales básicos,DeAcero,Materiales Básicos,Varillas,Kg,395.27,315.23,483.17
MAP-00661,Varillas Ternium Modelo 661,Producto de alta calidad de la marca Ternium para uso en materiales básicos,Ternium,Materiales Básicos,Varillas,Metro,7802.77,6271.74,8791.82
MAP-00662,Pintura Ternium Modelo 662,Producto de alta calidad de la marca Ternium para uso en acabados,Ternium,Acabados,Pintura,Pieza,6878.73,5237.91,7951.11
MAP-00663,Pintura DeAcero Modelo 663,Producto de alta calidad de la marca DeAcero para uso en acabados,DeAcero,Acabados,Pintura,m2,2493.36,2171.62,2773.68
MAP-00664,Pintura Cruz Azul Modelo 664,Producto de alta calidad de la marca Cruz Azul para uso en acabados,Cruz Azul,Acabados,Pintura,Saco,1276.44,1005.27,1476.59
MAP-00665,Pintura Cruz Azul Modelo 665,Producto de alta calidad de la marca Cruz Azul para uso en acabados,Cruz Azul,Acabados,Pintura,Caja,2326.79,2038.14,2523.4
MAP-00666,Pintura Cemex Modelo 666,Producto de alta calidad de la marca Cemex para uso en acabados,Cemex,Acabados,Pintura,Saco,7297.2,6055.39,9060.12
MAP-00667,Tepetate Holcim Modelo 667,Producto de alta calidad de la marca Holcim para uso en agregados,Holcim,Agregados,Tepetate,Caja,1973.65,1490.08,2081.17
MAP-00668,Pintura Cruz Azul Modelo 668,Producto de alta calidad de la marca Cruz Azul para uso en acabados,Cruz Azul,Acabados,Pintura,Galón,4371.3,3833.19,5060.27
MAP-00669,Cementos Holcim Modelo 669,Producto de alta calidad de la marca Holcim para uso en materiales básicos,Holcim,Materiales Básicos,Cementos,Barra,610.46,458.44,688.5
MAP-00670,Pisos Cemex Modelo 670,Producto de alta calidad de la marca Cemex para uso en acabados,Cemex,Acabados,Pisos,m3,4817.92,3875.89,5468.24
MAP-00671,Arena Cruz Azul Modelo 671,Producto de alta calidad de la marca Cruz Azul para uso en agregados,Cruz Azul,Agregados,Arena,Pieza,7023.74,5700.11,8623.47
MAP-00672,Pintura Ternium Modelo 672,Producto de alta calidad de la marca Ternium para uso en acabados,Ternium,Acabados,Pintura,Pieza,2807.4,2255.32,3086.98
MAP-00673,Grava Ternium Modelo 673,Producto de alta calidad de la marca Ternium para uso en agregados,Ternium,Agregados,Grava,m3,6236.65,5080.43,6947.82
MAP-00674,Varillas DeAcero Modelo 674,Producto de alta calidad de la marca DeAcero para uso en materiales básicos,DeAcero,Materiales Básicos,Varillas,Litro,4171.5,3134.75,4636.48
MAP-00675,Blocks Ternium Modelo 675,Producto de alta calidad de la marca Ternium para uso en materiales básicos,Ternium,Materiales Básicos,Blocks,Galón,7765.46,6613.08,8430.49
MAP-00676,Tepetate Ternium Modelo 676,Producto de alta calidad de la marca Ternium para uso en agregados,Ternium,Agregados,Tepetate,m2,860.61,764.74,978.93
MAP-00677,Varillas Ternium Modelo 677,Producto de alta calidad de la marca Ternium para uso en materiales básicos,Ternium,Materiales Básicos,Varillas,Litro,2664.33,2316.75,2858.88
MAP-00678,Pisos DeAcero Modelo 678,Producto de alta calidad de la marca DeAcero para uso en acabados,DeAcero,Acabados,Pisos,Galón,2768.21,2491.0,2966.24
MAP-00679,Tepetate Cruz Azul Modelo 679,Producto de alta calidad de la marca Cruz Azul para uso en agregados,Cruz Azul,Agregados,Tepetate,Litro,98.54,80.56,113.05
MAP-00680,Blocks Ternium Modelo 680,Producto de alta calidad de la marca Ternium para uso en materiales básicos,Ternium,Materiales Básicos,Blocks,m3,6894.9,5991.69,7594.27
MAP-00681,Azulejos Cruz Azul Modelo 681,Producto de alta calidad de la marca Cruz Azul para uso en acabados,Cruz Azul,Acabados,Azulejos,Metro,7426.32,6361.49,8420.32
MAP-00682,Pintura Ternium Modelo 682,Producto de alta calidad de la marca Ternium para uso en acabados,Ternium,Acabados,Pintura,Kg,4191.29,3679.68,5048.27
MAP-00683,Pintura Holcim Modelo 683,Producto de alta calidad de la marca Holcim para uso en acabados,Holcim,Acabados,Pintura,Saco,6811.79,5303.8,8085.74
MAP-00684,Arena Cemex Modelo 684,Producto de alta calidad de la marca Cemex para uso en agregados,Cemex,Agregados,Arena,Litro,282.68,217.53,349.78
MAP-00685,Pisos Cemex Modelo 685,Producto de alta calidad de la marca Cemex para uso en acabados,Cemex,Acabados,Pisos,Metro,7439.93,6383.58,8006.85
MAP-00686,Pintura Cruz Azul Modelo 686,Producto de alta calidad de la marca Cruz Azul para uso en acabados,Cruz Azul,Acabados,Pintura,Kg,2536.92,2118.66,3055.59
MAP-00687,Pintura Cemex Modelo 687,Producto de alta calidad de la marca Cemex para uso en acabados,Cemex,Acabados,Pintura,m2,1952.02,1749.3,2439.82
MAP-00688,Pisos Holcim Modelo 688,Producto de alta calidad de la marca Holcim para uso en acabados,Holcim,Acabados,Pisos,Pieza,1131.89,905.25,1367.11
MAP-00689,Azulejos Holcim Modelo 689,Producto de alta calidad de la marca Holcim para uso en acabados,Holcim,Acabados,Azulejos,Barra,2285.57,1893.82,2809.03
MAP-00690,Tepetate Ternium Modelo 690,Producto de alta calidad de la marca Ternium para uso en agregados,Ternium,Agregados,Tepetate,Litro,6724.61,5441.42,8171.87
MAP-00691,Pisos Ternium Modelo 691,Producto de alta calidad de la marca Ternium para uso en acabados,Ternium,Acabados,Pisos,Kg,3312.18,2767.96,3679.0
MAP-00692,Grava DeAcero Modelo 692,Producto de alta calidad de la marca DeAcero para uso en agregados,DeAcero,Agregados,Grava,Caja,3559.05,2708.58,3747.08
MAP-00693,Pintura Cruz Azul Modelo 693,Producto de alta calidad de la marca Cruz Azul para uso en acabados,Cruz Azul,Acabados,Pintura,Pieza,1049.05,900.55,1202.81
MAP-00694,Blocks Holcim Modelo 694,Producto de alta calidad de la marca Holcim para uso en materiales básicos,Holcim,Materiales Básicos,Blocks,Litro,529.93,416.16,565.83
MAP-00695,Tepetate Cruz Azul Modelo 695,Producto de alta calidad de la marca Cruz Azul para uso en agregados,Cruz Azul,Agregados,Tepetate,Litro,2526.02,2089.32,3126.89
MAP-00696,Pintura Cemex Modelo 696,Producto de alta calidad de la marca Cemex para uso en acabados,Cemex,Acabados,Pintura,Caja,3316.36,2652.46,3942.93
MAP-00697,Azulejos Cemex Modelo 697,Producto de alta calidad de la marca Cemex para uso en acabados,Cemex,Acabados,Azulejos,Caja,5230.9,4156.37,5852.3
MAP-00698,Grava Ternium Modelo 698,Producto de alta calidad de la marca Ternium para uso en agregados,Ternium,Agregados,Grava,Galón,4996.62,4443.46,5524.35
MAP-00699,Tepetate Cruz Azul Modelo 699,Producto de alta calidad de la marca Cruz Azul para uso en agregados,Cruz Azul,Agregados,Tepetate,Kg,7799.72,6811.9,8771.17
MAP-00700,Azulejos Holcim Modelo 700,Producto de alta calidad de la marca Holcim para uso en acabados,Holcim,Acabados,Azulejos,Saco,5538.6,4875.74,5933.63
MAP-00701,Pisos Holcim Modelo 701,Producto de alta calidad de la marca Holcim para uso en acabados,Holcim,Acabados,Pisos,Kg,1391.36,1094.92,1729.18
MAP-00702,Pisos Cruz Azul Modelo 702,Producto de alta calidad de la marca Cruz Azul para uso en acabados,Cruz Azul,Acabados,Pisos,Litro,2833.4,2327.02,3010.09
MAP-00703,Azulejos Holcim Modelo 703,Producto de alta calidad de la marca Holcim para uso en acabados,Holcim,Acabados,Azulejos,Caja,4071.89,3475.05,4819.31
MAP-00704,Cementos Cruz Azul Modelo 704,Producto de alta calidad de la marca Cruz Azul para uso en materiales básicos,Cruz Azul,Materiales Básicos,Cementos,Metro,3733.22,2880.35,4251.44
MAP-00705,Blocks Ternium Modelo 705,Producto de alta calidad de la marca Ternium para uso en materiales básicos,Ternium,Materiales Básicos,Blocks,m2,1768.97,1401.62,2058.58
MAP-00706,Grava Cemex Modelo 706,Producto de alta calidad de la marca Cemex para uso en agregados,Cemex,Agregados,Grava,Pieza,380.38,339.85,434.35
MAP-00707,Arena Holcim Modelo 707,Producto de alta calidad de la marca Holcim para uso en agregados,Holcim,Agregados,Arena,Saco,4540.06,3565.67,5618.81
MAP-00708,Cementos DeAcero Modelo 708,Producto de alta calidad de la marca DeAcero para uso en materiales básicos,DeAcero,Materiales Básicos,Cementos,Barra,6323.49,5339.2,6659.65
MAP-00709,Arena Holcim Modelo 709,Producto de alta calidad de la marca Holcim para uso en agregados,Holcim,Agregados,Arena,Saco,6781.26,5288.22,7157.52
MAP-00710,Cementos Holcim Modelo 710,Producto de alta calidad de la marca Holcim para uso en materiales básicos,Holcim,Materiales Básicos,Cementos,Saco,365.29,289.77,442.37
MAP-00711,Pintura DeAcero Modelo 711,Producto de alta calidad de la marca DeAcero para uso en acabados,DeAcero,Acabados,Pintura,m3,5239.48,3973.91,5739.64
MAP-00712,Varillas Ternium Modelo 712,Producto de alta calidad de la marca Ternium para uso en materiales básicos,Ternium,Materiales Básicos,Varillas,Barra,2214.18,1773.02,2450.37
MAP-00713,Pintura DeAcero Modelo 713,Producto de alta calidad de la marca DeAcero para uso en acabados,DeAcero,Acabados,Pintura,Litro,5388.55,4119.04,6239.39
MAP-00714,Cementos Cemex Modelo 714,Producto de alta calidad de la marca Cemex para uso en materiales básicos,Cemex,Materiales Básicos,Cementos,Metro,5896.63,4955.25,7202.03
MAP-00715,Pintura Holcim Modelo 715,Producto de alta calidad de la marca Holcim para uso en acabados,Holcim,Acabados,Pintura,Pieza,4563.56,3674.36,4938.71
MAP-00716,Tepetate Cemex Modelo 716,Producto de alta calidad de la marca Cemex para uso en agregados,Cemex,Agregados,Tepetate,Barra,7358.56,6466.14,8961.97
MAP-00717,Grava Ternium Modelo 717,Producto de alta calidad de la marca Ternium para uso en agregados,Ternium,Agregados,Grava,Caja,4738.01,3757.7,5025.11
MAP-00718,Blocks Cruz Azul Modelo 718,Producto de alta calidad de la marca Cruz Azul para uso en materiales básicos,Cruz Azul,Materiales Básicos,Blocks,Caja,4865.53,4161.15,5929.59
MAP-00719,Tepetate Ternium Modelo 719,Producto de alta calidad de la marca Ternium para uso en agregados,Ternium,Agregados,Tepetate,Kg,7849.53,6111.52,9243.18
MAP-00720,Cementos DeAcero Modelo 720,Producto de alta calidad de la marca DeAcero para uso en materiales básicos,DeAcero,Materiales Básicos,Cementos,Saco,7039.72,5960.31,8127.86
MAP-00721,Varillas Cemex Modelo 721,Producto de alta calidad de la marca Cemex para uso en materiales básicos,Cemex,Materiales Básicos,Varillas,Galón,2136.13,1713.43,2414.4
MAP-00722,Cementos DeAcero Modelo 722,Producto de alta calidad de la marca DeAcero para uso en materiales básicos,DeAcero,Materiales Básicos,Cementos,Saco,150.13,128.25,174.5
MAP-00723,Pisos Holcim Modelo 723,Producto de alta calidad de la marca Holcim para uso en acabados,Holcim,Acabados,Pisos,Metro,4724.19,3910.96,5615.2
MAP-00724,Pisos Holcim Modelo 724,Producto de alta calidad de la marca Holcim para uso en acabados,Holcim,Acabados,Pisos,Barra,5259.19,4221.14,5530.09
MAP-00725,Azulejos Cemex Modelo 725,Producto de alta calidad de la marca Cemex para uso en acabados,Cemex,Acabados,Azulejos,Barra,2621.36,1980.97,2978.15
MAP-00726,Cementos DeAcero Modelo 726,Producto de alta calidad de la marca DeAcero para uso en materiales básicos,DeAcero,Materiales Básicos,Cementos,Metro,512.93,398.01,591.08
MAP-00727,Pisos Cruz Azul Modelo 727,Producto de alta calidad de la marca Cruz Azul para uso en acabados,Cruz Azul,Acabados,Pisos,Galón,219.87,184.28,252.0
MAP-00728,Grava Cruz Azul Modelo 728,Producto de alta calidad de la marca Cruz Azul para uso en agregados,Cruz Azul,Agregados,Grava,m3,4145.47,3580.72,4825.59
MAP-00729,Pisos Cemex Modelo 729,Producto de alta calidad de la marca Cemex para uso en acabados,Cemex,Acabados,Pisos,Litro,3718.08,2843.09,4246.78
MAP-00730,Pisos Cruz Azul Modelo 730,Producto de alta calidad de la marca Cruz Azul para uso en acabados,Cruz Azul,Acabados,Pisos,Pieza,7921.98,6433.2,8556.69
MAP-00731,Cementos DeAcero Modelo 731,Producto de alta calidad de la marca DeAcero para uso en materiales básicos,DeAcero,Materiales Básicos,Cementos,m3,5072.73,3983.06,5567.88
MAP-00732,Varillas Cruz Azul Modelo 732,Producto de alta calidad de la marca Cruz Azul para uso en materiales básicos,Cruz Azul,Materiales Básicos,Varillas,Barra,75.82,59.5,92.65
MAP-00733,Grava Ternium Modelo 733,Producto de alta calidad de la marca Ternium para uso en agregados,Ternium,Agregados,Grava,m2,5504.12,4623.02,6691.79
MAP-00734,Pisos Ternium Modelo 734,Producto de alta calidad de la marca Ternium para uso en acabados,Ternium,Acabados,Pisos,Barra,4083.34,3539.0,4868.21
MAP-00735,Pintura Ternium Modelo 735,Producto de alta calidad de la marca Ternium para uso en acabados,Ternium,Acabados,Pintura,Saco,7774.8,6529.16,9138.79
MAP-00736,Azulejos Holcim Modelo 736,Producto de alta calidad de la marca Holcim para uso en acabados,Holcim,Acabados,Azulejos,Galón,3496.81,3040.86,3861.11
MAP-00737,Cementos Cruz Azul Modelo 737,Producto de alta calidad de la marca Cruz Azul para uso en materiales básicos,Cruz Azul,Materiales Básicos,Cementos,Barra,1796.6,1581.34,2027.62
MAP-00738,Tepetate Ternium Modelo 738,Producto de alta calidad de la marca Ternium para uso en agregados,Ternium,Agregados,Tepetate,Litro,902.93,738.54,1067.67
MAP-00739,Arena Ternium Modelo 739,Producto de alta calidad de la marca Ternium para uso en agregados,Ternium,Agregados,Arena,m3,1268.36,1000.18,1520.07
MAP-00740,Blocks Cruz Azul Modelo 740,Producto de alta calidad de la marca Cruz Azul para uso en materiales básicos,Cruz Azul,Materiales Básicos,Blocks,Pieza,7744.02,5944.03,8848.99
MAP-00741,Azulejos Ternium Modelo 741,Producto de alta calidad de la marca Ternium para uso en acabados,Ternium,Acabados,Azulejos,Metro,6830.2,5345.56,7172.93
MAP-00742,Tepetate Holcim Modelo 742,Producto de alta calidad de la marca Holcim para uso en agregados,Holcim,Agregados,Tepetate,Galón,3769.99,3176.35,4206.35
MAP-00743,Arena Cemex Modelo 743,Producto de alta calidad de la marca Cemex para uso en agregados,Cemex,Agregados,Arena,m2,4887.07,4194.7,6055.16
MAP-00744,Varillas Holcim Modelo 744,Producto de alta calidad de la marca Holcim para uso en materiales básicos,Holcim,Materiales Básicos,Varillas,Barra,1723.31,1539.87,1975.17
MAP-00745,Arena Holcim Modelo 745,Producto de alta calidad de la marca Holcim para uso en agregados,Holcim,Agregados,Arena,Saco,1758.07,1541.52,1950.65
MAP-00746,Pisos Holcim Modelo 746,Producto de alta calidad de la marca Holcim para uso en acabados,Holcim,Acabados,Pisos,Galón,1806.63,1399.52,2025.65
MAP-00747,Pisos Cemex Modelo 747,Producto de alta calidad de la marca Cemex para uso en acabados,Cemex,Acabados,Pisos,Litro,3077.17,2319.11,3335.88
MAP-00748,Blocks Cemex Modelo 748,Producto de alta calidad de la marca Cemex para uso en materiales básicos,Cemex,Materiales Básicos,Blocks,Pieza,3199.32,2455.73,3979.16
MAP-00749,Tepetate Cruz Azul Modelo 749,Producto de alta calidad de la marca Cruz Azul para uso en agregados,Cruz Azul,Agregados,Tepetate,Litro,6559.24,5584.46,7719.48
MAP-00750,Arena Holcim Modelo 750,Producto de alta calidad de la marca Holcim para uso en agregados,Holcim,Agregados,Arena,Barra,1091.39,972.24,1267.16
MAP-00751,Tepetate Ternium Modelo 751,Producto de alta calidad de la marca Ternium para uso en agregados,Ternium,Agregados,Tepetate,Litro,6502.21,5602.48,7923.15
MAP-00752,Pisos Holcim Modelo 752,Producto de alta calidad de la marca Holcim para uso en acabados,Holcim,Acabados,Pisos,Kg,929.15,831.42,1027.45
MAP-00753,Pintura Ternium Modelo 753,Producto de alta calidad de la marca Ternium para uso en acabados,Ternium,Acabados,Pintura,Kg,5959.49,4783.97,7149.65
MAP-00754,Blocks DeAcero Modelo 754,Producto de alta calidad de la marca DeAcero para uso en materiales básicos,DeAcero,Materiales Básicos,Blocks,Barra,2282.3,1988.04,2542.14
MAP-00755,Grava Cemex Modelo 755,Producto de alta calidad de la marca Cemex para uso en agregados,Cemex,Agregados,Grava,Galón,6484.9,5302.0,7383.51
MAP-00756,Azulejos DeAcero Modelo 756,Producto de alta calidad de la marca DeAcero para uso en acabados,DeAcero,Acabados,Azulejos,m3,2359.4,1798.01,2777.4
MAP-00757,Azulejos Cemex Modelo 757,Producto de alta calidad de la marca Cemex para uso en acabados,Cemex,Acabados,Azulejos,m2,7115.53,6322.74,7667.39
MAP-00758,Grava Holcim Modelo 758,Producto de alta calidad de la marca Holcim para uso en agregados,Holcim,Agregados,Grava,m3,5061.45,3844.24,6146.57
MAP-00759,Arena Holcim Modelo 759,Producto de alta calidad de la marca Holcim para uso en agregados,Holcim,Agregados,Arena,Pieza,1764.89,1359.79,2158.55
MAP-00760,Pintura Ternium Modelo 760,Producto de alta calidad de la marca Ternium para uso en acabados,Ternium,Acabados,Pintura,Litro,6790.6,5153.44,7701.2
MAP-00761,Cementos DeAcero Modelo 761,Producto de alta calidad de la marca DeAcero para uso en materiales básicos,DeAcero,Materiales Básicos,Cementos,Metro,2367.93,1915.14,2808.15
MAP-00762,Tepetate Cemex Modelo 762,Producto de alta calidad de la marca Cemex para uso en agregados,Cemex,Agregados,Tepetate,m2,7346.07,5985.67,7896.41
MAP-00763,Grava Cemex Modelo 763,Producto de alta calidad de la marca Cemex para uso en agregados,Cemex,Agregados,Grava,Galón,387.69,326.49,480.84
MAP-00764,Tepetate Cemex Modelo 764,Producto de alta calidad de la marca Cemex para uso en agregados,Cemex,Agregados,Tepetate,Litro,2683.16,2056.09,3274.12
MAP-00765,Pintura Holcim Modelo 765,Producto de alta calidad de la marca Holcim para uso en acabados,Holcim,Acabados,Pintura,Litro,5268.34,4545.73,6366.25
MAP-00766,Varillas Ternium Modelo 766,Producto de alta calidad de la marca Ternium para uso en materiales básicos,Ternium,Materiales Básicos,Varillas,Metro,7728.79,6531.87,8466.57
MAP-00767,Varillas Cruz Azul Modelo 767,Producto de alta calidad de la marca Cruz Azul para uso en materiales básicos,Cruz Azul,Materiales Básicos,Varillas,Galón,420.16,340.86,466.2
MAP-00768,Azulejos Ternium Modelo 768,Producto de alta calidad de la marca Ternium para uso en acabados,Ternium,Acabados,Azulejos,Litro,5856.9,4795.0,6219.4
MAP-00769,Pisos Cruz Azul Modelo 769,Producto de alta calidad de la marca Cruz Azul para uso en acabados,Cruz Azul,Acabados,Pisos,Galón,7582.13,6076.84,9461.6
MAP-00770,Tepetate DeAcero Modelo 770,Producto de alta calidad de la marca DeAcero para uso en agregados,DeAcero,Agregados,Tepetate,Galón,4230.58,3682.81,5028.94
MAP-00771,Grava Holcim Modelo 771,Producto de alta calidad de la marca Holcim para uso en agregados,Holcim,Agregados,Grava,m2,486.56,428.67,568.43
MAP-00772,Varillas Cemex Modelo 772,Producto de alta calidad de la marca Cemex para uso en materiales básicos,Cemex,Materiales Básicos,Varillas,m2,1047.38,808.98,1227.79
MAP-00773,Pintura DeAcero Modelo 773,Producto de alta calidad de la marca DeAcero para uso en acabados,DeAcero,Acabados,Pintura,Litro,2178.26,1810.43,2472.17
MAP-00774,Grava Holcim Modelo 774,Producto de alta calidad de la marca Holcim para uso en agregados,Holcim,Agregados,Grava,m3,5571.5,4554.74,6660.07
MAP-00775,Arena Cruz Azul Modelo 775,Producto de alta calidad de la marca Cruz Azul para uso en agregados,Cruz Azul,Agregados,Arena,Metro,3739.06,3334.52,4394.94
MAP-00776,Pisos DeAcero Modelo 776,Producto de alta calidad de la marca DeAcero para uso en acabados,DeAcero,Acabados,Pisos,m2,1699.92,1363.33,2029.34
MAP-00777,Azulejos Ternium Modelo 777,Producto de alta calidad de la marca Ternium para uso en acabados,Ternium,Acabados,Azulejos,Barra,2651.58,2292.77,2914.73
MAP-00778,Varillas Cruz Azul Modelo 778,Producto de alta calidad de la marca Cruz Azul para uso en materiales básicos,Cruz Azul,Materiales Básicos,Varillas,Caja,7136.4,5794.58,8860.18
MAP-00779,Cementos DeAcero Modelo 779,Producto de alta calidad de la marca DeAcero para uso en materiales básicos,DeAcero,Materiales Básicos,Cementos,m3,5589.6,4686.01,6367.93
MAP-00780,Grava Holcim Modelo 780,Producto de alta calidad de la marca Holcim para uso en agregados,Holcim,Agregados,Grava,Pieza,4619.71,3498.42,4975.32
MAP-00781,Pintura Holcim Modelo 781,Producto de alta calidad de la marca Holcim para uso en acabados,Holcim,Acabados,Pintura,m2,1054.75,793.67,1193.77
MAP-00782,Arena DeAcero Modelo 782,Producto de alta calidad de la marca DeAcero para uso en agregados,DeAcero,Agregados,Arena,Litro,4320.46,3837.8,4717.03
MAP-00783,Varillas DeAcero Modelo 783,Producto de alta calidad de la marca DeAcero para uso en materiales básicos,DeAcero,Materiales Básicos,Varillas,Metro,211.22,158.42,242.6
MAP-00784,Varillas Ternium Modelo 784,Producto de alta calidad de la marca Ternium para uso en materiales básicos,Ternium,Materiales Básicos,Varillas,Metro,4634.84,3954.87,5701.94
MAP-00785,Arena Cruz Azul Modelo 785,Producto de alta calidad de la marca Cruz Azul para uso en agregados,Cruz Azul,Agregados,Arena,Barra,4991.06,4223.66,5266.45
MAP-00786,Pisos Cemex Modelo 786,Producto de alta calidad de la marca Cemex para uso en acabados,Cemex,Acabados,Pisos,Caja,528.84,444.31,642.62
MAP-00787,Azulejos Cruz Azul Modelo 787,Producto de alta calidad de la marca Cruz Azul para uso en acabados,Cruz Azul,Acabados,Azulejos,Caja,5847.42,5092.37,6287.35
MAP-00788,Azulejos DeAcero Modelo 788,Producto de alta calidad de la marca DeAcero para uso en acabados,DeAcero,Acabados,Azulejos,m2,2645.55,2370.56,3107.63
MAP-00789,Grava Cemex Modelo 789,Producto de alta calidad de la marca Cemex para uso en agregados,Cemex,Agregados,Grava,Galón,5997.33,4948.99,7443.07
MAP-00790,Varillas DeAcero Modelo 790,Producto de alta calidad de la marca DeAcero para uso en materiales básicos,DeAcero,Materiales Básicos,Varillas,Galón,3515.2,2744.65,4034.75
MAP-00791,Tepetate Cruz Azul Modelo 791,Producto de alta calidad de la marca Cruz Azul para uso en agregados,Cruz Azul,Agregados,Tepetate,m2,1593.35,1222.22,1907.56
MAP-00792,Arena Cemex Modelo 792,Producto de alta calidad de la marca Cemex para uso en agregados,Cemex,Agregados,Arena,Barra,4305.71,3602.53,4944.89
MAP-00793,Tepetate Ternium Modelo 793,Producto de alta calidad de la marca Ternium para uso en agregados,Ternium,Agregados,Tepetate,m2,387.69,297.65,454.11
MAP-00794,Blocks Ternium Modelo 794,Producto de alta calidad de la marca Ternium para uso en materiales básicos,Ternium,Materiales Básicos,Blocks,Barra,6187.19,5445.15,7270.19
MAP-00795,Arena Cemex Modelo 795,Producto de alta calidad de la marca Cemex para uso en agregados,Cemex,Agregados,Arena,Barra,7443.47,6565.25,8012.36
MAP-00796,Cementos Cruz Azul Modelo 796,Producto de alta calidad de la marca Cruz Azul para uso en materiales básicos,Cruz Azul,Materiales Básicos,Cementos,Litro,4746.22,4096.88,5240.1
MAP-00797,Blocks DeAcero Modelo 797,Producto de alta calidad de la marca DeAcero para uso en materiales básicos,DeAcero,Materiales Básicos,Blocks,Caja,6275.37,4802.71,7379.54
MAP-00798,Cementos Ternium Modelo 798,Producto de alta calidad de la marca Ternium para uso en materiales básicos,Ternium,Materiales Básicos,Cementos,Kg,6979.73,6154.11,8198.21
MAP-00799,Azulejos Cruz Azul Modelo 799,Producto de alta calidad de la marca Cruz Azul para uso en acabados,Cruz Azul,Acabados,Azulejos,Pieza,7285.54,5507.19,8551.04
MAP-00800,Varillas Holcim Modelo 800,Producto de alta calidad de la marca Holcim para uso en materiales básicos,Holcim,Materiales Básicos,Varillas,Galón,5946.23,5018.67,6645.63
MAP-00801,Cementos Cemex Modelo 801,Producto de alta calidad de la marca Cemex para uso en materiales básicos,Cemex,Materiales Básicos,Cementos,Barra,5293.72,4232.32,6391.14
MAP-00802,Cementos Holcim Modelo 802,Producto de alta calidad de la marca Holcim para uso en materiales básicos,Holcim,Materiales Básicos,Cementos,Barra,2864.53,2564.14,3451.78
MAP-00803,Tepetate DeAcero Modelo 803,Producto de alta calidad de la marca DeAcero para uso en agregados,DeAcero,Agregados,Tepetate,Kg,5236.49,4328.44,6283.93
MAP-00804,Varillas Holcim Modelo 804,Producto de alta calidad de la marca Holcim para uso en materiales básicos,Holcim,Materiales Básicos,Varillas,m3,2167.38,1867.21,2658.91
MAP-00805,Pintura Ternium Modelo 805,Producto de alta calidad de la marca Ternium para uso en acabados,Ternium,Acabados,Pintura,Kg,6566.92,5869.53,7113.32
MAP-00806,Pisos Ternium Modelo 806,Producto de alta calidad de la marca Ternium para uso en acabados,Ternium,Acabados,Pisos,Litro,4363.22,3756.81,4851.88
MAP-00807,Azulejos Cemex Modelo 807,Producto de alta calidad de la marca Cemex para uso en acabados,Cemex,Acabados,Azulejos,m2,5650.84,4395.63,6600.87
MAP-00808,Blocks Ternium Modelo 808,Producto de alta calidad de la marca Ternium para uso en materiales básicos,Ternium,Materiales Básicos,Blocks,Galón,3420.88,2897.42,4249.3
MAP-00809,Blocks Cemex Modelo 809,Producto de alta calidad de la marca Cemex para uso en materiales básicos,Cemex,Materiales Básicos,Blocks,Kg,7048.81,5774.69,8194.53
MAP-00810,Varillas DeAcero Modelo 810,Producto de alta calidad de la marca DeAcero para uso en materiales básicos,DeAcero,Materiales Básicos,Varillas,Barra,2444.32,1947.29,2666.69
MAP-00811,Azulejos Cruz Azul Modelo 811,Producto de alta calidad de la marca Cruz Azul para uso en acabados,Cruz Azul,Acabados,Azulejos,Pieza,497.64,445.35,576.26
MAP-00812,Grava Cruz Azul Modelo 812,Producto de alta calidad de la marca Cruz Azul para uso en agregados,Cruz Azul,Agregados,Grava,Saco,6889.53,5212.54,7712.64
MAP-00813,Varillas Ternium Modelo 813,Producto de alta calidad de la marca Ternium para uso en materiales básicos,Ternium,Materiales Básicos,Varillas,Caja,1382.75,1223.52,1655.39
MAP-00814,Pintura Cemex Modelo 814,Producto de alta calidad de la marca Cemex para uso en acabados,Cemex,Acabados,Pintura,Saco,3634.78,3114.04,4119.63
MAP-00815,Blocks DeAcero Modelo 815,Producto de alta calidad de la marca DeAcero para uso en materiales básicos,DeAcero,Materiales Básicos,Blocks,Kg,5536.97,4722.12,6355.63
MAP-00816,Tepetate Cemex Modelo 816,Producto de alta calidad de la marca Cemex para uso en agregados,Cemex,Agregados,Tepetate,Barra,3480.3,2823.68,4207.31
MAP-00817,Azulejos DeAcero Modelo 817,Producto de alta calidad de la marca DeAcero para uso en acabados,DeAcero,Acabados,Azulejos,Saco,2958.57,2469.42,3535.93
MAP-00818,Pintura Cemex Modelo 818,Producto de alta calidad de la marca Cemex para uso en acabados,Cemex,Acabados,Pintura,Galón,7751.13,6916.84,8177.88
MAP-00819,Pisos Ternium Modelo 819,Producto de alta calidad de la marca Ternium para uso en acabados,Ternium,Acabados,Pisos,Galón,159.07,127.05,172.1
MAP-00820,Grava Cemex Modelo 820,Producto de alta calidad de la marca Cemex para uso en agregados,Cemex,Agregados,Grava,Pieza,6620.59,5420.58,7061.38
MAP-00821,Arena Holcim Modelo 821,Producto de alta calidad de la marca Holcim para uso en agregados,Holcim,Agregados,Arena,Saco,4429.34,3574.02,4863.42
MAP-00822,Tepetate Ternium Modelo 822,Producto de alta calidad de la marca Ternium para uso en agregados,Ternium,Agregados,Tepetate,Saco,2979.24,2448.73,3472.17
MAP-00823,Cementos Cemex Modelo 823,Producto de alta calidad de la marca Cemex para uso en materiales básicos,Cemex,Materiales Básicos,Cementos,Metro,508.11,389.68,615.45
MAP-00824,Azulejos Cruz Azul Modelo 824,Producto de alta calidad de la marca Cruz Azul para uso en acabados,Cruz Azul,Acabados,Azulejos,Galón,2008.49,1699.9,2161.63
MAP-00825,Arena Ternium Modelo 825,Producto de alta calidad de la marca Ternium para uso en agregados,Ternium,Agregados,Arena,Galón,5019.15,4306.55,6252.71
MAP-00826,Azulejos Cruz Azul Modelo 826,Producto de alta calidad de la marca Cruz Azul para uso en acabados,Cruz Azul,Acabados,Azulejos,Kg,2389.13,1994.59,2536.53
MAP-00827,Cementos Cruz Azul Modelo 827,Producto de alta calidad de la marca Cruz Azul para uso en materiales básicos,Cruz Azul,Materiales Básicos,Cementos,m3,5638.33,4893.58,6818.04
MAP-00828,Arena DeAcero Modelo 828,Producto de alta calidad de la marca DeAcero para uso en agregados,DeAcero,Agregados,Arena,Kg,4760.13,4117.47,5502.41
MAP-00829,Varillas Cemex Modelo 829,Producto de alta calidad de la marca Cemex para uso en materiales básicos,Cemex,Materiales Básicos,Varillas,Pieza,3878.81,3192.02,4527.25
MAP-00830,Grava Cemex Modelo 830,Producto de alta calidad de la marca Cemex para uso en agregados,Cemex,Agregados,Grava,Barra,7009.95,5257.99,7836.35
MAP-00831,Arena Cemex Modelo 831,Producto de alta calidad de la marca Cemex para uso en agregados,Cemex,Agregados,Arena,Litro,4719.29,3612.87,5196.37
MAP-00832,Blocks Holcim Modelo 832,Producto de alta calidad de la marca Holcim para uso en materiales básicos,Holcim,Materiales Básicos,Blocks,Litro,5296.17,4707.69,6233.6
MAP-00833,Blocks Cemex Modelo 833,Producto de alta calidad de la marca Cemex para uso en materiales básicos,Cemex,Materiales Básicos,Blocks,Metro,4238.48,3637.6,4694.32
MAP-00834,Tepetate Cruz Azul Modelo 834,Producto de alta calidad de la marca Cruz Azul para uso en agregados,Cruz Azul,Agregados,Tepetate,Pieza,1116.52,841.87,1264.02
MAP-00835,Pisos Cruz Azul Modelo 835,Producto de alta calidad de la marca Cruz Azul para uso en acabados,Cruz Azul,Acabados,Pisos,Pieza,5036.76,4328.16,5929.57
MAP-00836,Tepetate Cemex Modelo 836,Producto de alta calidad de la marca Cemex para uso en agregados,Cemex,Agregados,Tepetate,Metro,1560.46,1192.6,1902.88
MAP-00837,Tepetate Cemex Modelo 837,Producto de alta calidad de la marca Cemex para uso en agregados,Cemex,Agregados,Tepetate,Pieza,2481.41,1973.87,2999.4
MAP-00838,Grava Cruz Azul Modelo 838,Producto de alta calidad de la marca Cruz Azul para uso en agregados,Cruz Azul,Agregados,Grava,Kg,1284.85,1015.87,1588.58
MAP-00839,Grava DeAcero Modelo 839,Producto de alta calidad de la marca DeAcero para uso en agregados,DeAcero,Agregados,Grava,Saco,7051.87,6212.85,7750.23
MAP-00840,Arena Holcim Modelo 840,Producto de alta calidad de la marca Holcim para uso en agregados,Holcim,Agregados,Arena,Galón,2430.98,1993.39,2950.23
MAP-00841,Pisos Holcim Modelo 841,Producto de alta calidad de la marca Holcim para uso en acabados,Holcim,Acabados,Pisos,Metro,6658.59,5135.17,7789.6
MAP-00842,Tepetate Holcim Modelo 842,Producto de alta calidad de la marca Holcim para uso en agregados,Holcim,Agregados,Tepetate,Litro,4303.8,3614.08,4653.17
MAP-00843,Pintura Cemex Modelo 843,Producto de alta calidad de la marca Cemex para uso en acabados,Cemex,Acabados,Pintura,Barra,652.69,586.53,762.05
MAP-00844,Arena DeAcero Modelo 844,Producto de alta calidad de la marca DeAcero para uso en agregados,DeAcero,Agregados,Arena,Kg,6208.78,4718.38,7409.89
MAP-00845,Arena Cemex Modelo 845,Producto de alta calidad de la marca Cemex para uso en agregados,Cemex,Agregados,Arena,Saco,553.16,462.44,597.73
MAP-00846,Pintura Cruz Azul Modelo 846,Producto de alta calidad de la marca Cruz Azul para uso en acabados,Cruz Azul,Acabados,Pintura,Saco,4807.1,4156.29,5663.78
MAP-00847,Blocks DeAcero Modelo 847,Producto de alta calidad de la marca DeAcero para uso en materiales básicos,DeAcero,Materiales Básicos,Blocks,Galón,5040.09,4073.42,5625.06
MAP-00848,Varillas DeAcero Modelo 848,Producto de alta calidad de la marca DeAcero para uso en materiales básicos,DeAcero,Materiales Básicos,Varillas,Saco,130.91,104.08,157.75
MAP-00849,Azulejos Cemex Modelo 849,Producto de alta calidad de la marca Cemex para uso en acabados,Cemex,Acabados,Azulejos,Kg,3886.63,3267.53,4389.06
MAP-00850,Blocks Cruz Azul Modelo 850,Producto de alta calidad de la marca Cruz Azul para uso en materiales básicos,Cruz Azul,Materiales Básicos,Blocks,Barra,7679.38,5802.68,8430.48
MAP-00851,Pintura Ternium Modelo 851,Producto de alta calidad de la marca Ternium para uso en acabados,Ternium,Acabados,Pintura,Metro,3819.86,3056.59,4172.61
MAP-00852,Pintura Ternium Modelo 852,Producto de alta calidad de la marca Ternium para uso en acabados,Ternium,Acabados,Pintura,Saco,5160.71,4215.51,5499.98
MAP-00853,Pintura Cemex Modelo 853,Producto de alta calidad de la marca Cemex para uso en acabados,Cemex,Acabados,Pintura,Barra,6914.14,5517.48,8057.58
MAP-00854,Arena DeAcero Modelo 854,Producto de alta calidad de la marca DeAcero para uso en agregados,DeAcero,Agregados,Arena,Pieza,1715.44,1420.77,1992.41
MAP-00855,Arena DeAcero Modelo 855,Producto de alta calidad de la marca DeAcero para uso en agregados,DeAcero,Agregados,Arena,m3,4932.04,4375.07,5630.06
MAP-00856,Grava Holcim Modelo 856,Producto de alta calidad de la marca Holcim para uso en agregados,Holcim,Agregados,Grava,Litro,3073.26,2489.4,3406.97
MAP-00857,Pintura Ternium Modelo 857,Producto de alta calidad de la marca Ternium para uso en acabados,Ternium,Acabados,Pintura,Pieza,2590.32,2226.72,3209.82
MAP-00858,Tepetate Holcim Modelo 858,Producto de alta calidad de la marca Holcim para uso en agregados,Holcim,Agregados,Tepetate,m2,4248.49,3471.66,4694.38
MAP-00859,Pintura Cemex Modelo 859,Producto de alta calidad de la marca Cemex para uso en acabados,Cemex,Acabados,Pintura,Kg,1080.64,924.2,1287.26
MAP-00860,Cementos Holcim Modelo 860,Producto de alta calidad de la marca Holcim para uso en materiales básicos,Holcim,Materiales Básicos,Cementos,Galón,2694.86,2394.7,2983.01
MAP-00861,Azulejos Holcim Modelo 861,Producto de alta calidad de la marca Holcim para uso en acabados,Holcim,Acabados,Azulejos,Galón,5228.45,4459.87,5588.74
MAP-00862,Azulejos Holcim Modelo 862,Producto de alta calidad de la marca Holcim para uso en acabados,Holcim,Acabados,Azulejos,Galón,2033.86,1530.89,2179.17
MAP-00863,Azulejos Cemex Modelo 863,Producto de alta calidad de la marca Cemex para uso en acabados,Cemex,Acabados,Azulejos,m3,6942.45,6223.74,7324.81
MAP-00864,Grava Holcim Modelo 864,Producto de alta calidad de la marca Holcim para uso en agregados,Holcim,Agregados,Grava,m3,5485.07,4731.6,5876.99
MAP-00865,Azulejos Cemex Modelo 865,Producto de alta calidad de la marca Cemex para uso en acabados,Cemex,Acabados,Azulejos,Pieza,913.78,700.66,1120.35
MAP-00866,Cementos Cemex Modelo 866,Producto de alta calidad de la marca Cemex para uso en materiales básicos,Cemex,Materiales Básicos,Cementos,Galón,4386.18,3416.4,4878.92
MAP-00867,Pintura DeAcero Modelo 867,Producto de alta calidad de la marca DeAcero para uso en acabados,DeAcero,Acabados,Pintura,m3,7724.04,6749.52,9299.55
MAP-00868,Blocks Cruz Azul Modelo 868,Producto de alta calidad de la marca Cruz Azul para uso en materiales básicos,Cruz Azul,Materiales Básicos,Blocks,Kg,7628.45,5855.67,8813.6
MAP-00869,Arena Holcim Modelo 869,Producto de alta calidad de la marca Holcim para uso en agregados,Holcim,Agregados,Arena,Barra,1450.87,1091.06,1593.84
MAP-00870,Tepetate Holcim Modelo 870,Producto de alta calidad de la marca Holcim para uso en agregados,Holcim,Agregados,Tepetate,Litro,1078.22,909.79,1156.62
MAP-00871,Tepetate Cemex Modelo 871,Producto de alta calidad de la marca Cemex para uso en agregados,Cemex,Agregados,Tepetate,Galón,5621.41,4592.73,6357.11
MAP-00872,Blocks DeAcero Modelo 872,Producto de alta calidad de la marca DeAcero para uso en materiales básicos,DeAcero,Materiales Básicos,Blocks,Saco,2348.81,1770.65,2612.11
MAP-00873,Pintura Cemex Modelo 873,Producto de alta calidad de la marca Cemex para uso en acabados,Cemex,Acabados,Pintura,Metro,6246.53,4879.36,7490.42
MAP-00874,Blocks Cemex Modelo 874,Producto de alta calidad de la marca Cemex para uso en materiales básicos,Cemex,Materiales Básicos,Blocks,Caja,2774.8,2219.08,3142.89
MAP-00875,Azulejos Cruz Azul Modelo 875,Producto de alta calidad de la marca Cruz Azul para uso en acabados,Cruz Azul,Acabados,Azulejos,Litro,5043.04,4094.09,5790.42
MAP-00876,Varillas Cemex Modelo 876,Producto de alta calidad de la marca Cemex para uso en materiales básicos,Cemex,Materiales Básicos,Varillas,m2,269.9,228.29,326.18
MAP-00877,Tepetate DeAcero Modelo 877,Producto de alta calidad de la marca DeAcero para uso en agregados,DeAcero,Agregados,Tepetate,Barra,5231.49,4376.84,6019.73
MAP-00878,Arena Cruz Azul Modelo 878,Producto de alta calidad de la marca Cruz Azul para uso en agregados,Cruz Azul,Agregados,Arena,m2,7119.45,5635.09,8421.32
MAP-00879,Cementos DeAcero Modelo 879,Producto de alta calidad de la marca DeAcero para uso en materiales básicos,DeAcero,Materiales Básicos,Cementos,m2,6783.77,5656.78,7322.04
MAP-00880,Varillas Cruz Azul Modelo 880,Producto de alta calidad de la marca Cruz Azul para uso en materiales básicos,Cruz Azul,Materiales Básicos,Varillas,m2,7613.51,5997.56,9011.18
MAP-00881,Blocks DeAcero Modelo 881,Producto de alta calidad de la marca DeAcero para uso en materiales básicos,DeAcero,Materiales Básicos,Blocks,Litro,887.08,726.64,1055.26
MAP-00882,Arena Holcim Modelo 882,Producto de alta calidad de la marca Holcim para uso en agregados,Holcim,Agregados,Arena,Saco,3799.41,3343.89,4741.38
MAP-00883,Cementos Cemex Modelo 883,Producto de alta calidad de la marca Cemex para uso en materiales básicos,Cemex,Materiales Básicos,Cementos,Pieza,4523.9,3997.79,5229.34
MAP-00884,Pintura Cemex Modelo 884,Producto de alta calidad de la marca Cemex para uso en acabados,Cemex,Acabados,Pintura,Galón,4761.79,3577.32,5348.88
MAP-00885,Azulejos Cemex Modelo 885,Producto de alta calidad de la marca Cemex para uso en acabados,Cemex,Acabados,Azulejos,Galón,2863.92,2575.59,3218.73
MAP-00886,Pisos Holcim Modelo 886,Producto de alta calidad de la marca Holcim para uso en acabados,Holcim,Acabados,Pisos,Kg,3825.57,3262.74,4643.82
MAP-00887,Pisos Holcim Modelo 887,Producto de alta calidad de la marca Holcim para uso en acabados,Holcim,Acabados,Pisos,Metro,5135.55,3867.38,5897.84
MAP-00888,Blocks Holcim Modelo 888,Producto de alta calidad de la marca Holcim para uso en materiales básicos,Holcim,Materiales Básicos,Blocks,Kg,4132.27,3280.61,4863.08
MAP-00889,Pintura Holcim Modelo 889,Producto de alta calidad de la marca Holcim para uso en acabados,Holcim,Acabados,Pintura,Galón,7289.11,6550.13,7880.65
MAP-00890,Pintura Cemex Modelo 890,Producto de alta calidad de la marca Cemex para uso en acabados,Cemex,Acabados,Pintura,m3,326.02,253.54,375.49
MAP-00891,Pisos Ternium Modelo 891,Producto de alta calidad de la marca Ternium para uso en acabados,Ternium,Acabados,Pisos,Saco,5977.61,5269.88,7054.88
MAP-00892,Pisos Ternium Modelo 892,Producto de alta calidad de la marca Ternium para uso en acabados,Ternium,Acabados,Pisos,Caja,2252.16,1899.15,2637.79
MAP-00893,Arena Cruz Azul Modelo 893,Producto de alta calidad de la marca Cruz Azul para uso en agregados,Cruz Azul,Agregados,Arena,Saco,6682.07,5246.01,7159.06
MAP-00894,Pintura DeAcero Modelo 894,Producto de alta calidad de la marca DeAcero para uso en acabados,DeAcero,Acabados,Pintura,m3,2383.3,2129.41,2979.01
MAP-00895,Blocks Cruz Azul Modelo 895,Producto de alta calidad de la marca Cruz Azul para uso en materiales básicos,Cruz Azul,Materiales Básicos,Blocks,Kg,66.73,52.96,78.33
MAP-00896,Varillas Cruz Azul Modelo 896,Producto de alta calidad de la marca Cruz Azul para uso en materiales básicos,Cruz Azul,Materiales Básicos,Varillas,Barra,1808.64,1408.04,2158.98
MAP-00897,Arena DeAcero Modelo 897,Producto de alta calidad de la marca DeAcero para uso en agregados,DeAcero,Agregados,Arena,Kg,809.08,699.87,920.17
MAP-00898,Azulejos DeAcero Modelo 898,Producto de alta calidad de la marca DeAcero para uso en acabados,DeAcero,Acabados,Azulejos,Galón,322.67,250.14,353.23
MAP-00899,Tepetate Holcim Modelo 899,Producto de alta calidad de la marca Holcim para uso en agregados,Holcim,Agregados,Tepetate,Saco,6010.34,4832.76,6560.74
MAP-00900,Tepetate Cruz Azul Modelo 900,Producto de alta calidad de la marca Cruz Azul para uso en agregados,Cruz Azul,Agregados,Tepetate,Litro,6052.15,4872.46,7249.38
MAP-00901,Blocks Cemex Modelo 901,Producto de alta calidad de la marca Cemex para uso en materiales básicos,Cemex,Materiales Básicos,Blocks,Metro,6940.45,5617.61,7464.28
MAP-00902,Arena DeAcero Modelo 902,Producto de alta calidad de la marca DeAcero para uso en agregados,DeAcero,Agregados,Arena,m3,5011.31,3846.44,5948.23
MAP-00903,Grava Cemex Modelo 903,Producto de alta calidad de la marca Cemex para uso en agregados,Cemex,Agregados,Grava,Kg,476.26,361.44,559.71
MAP-00904,Tepetate Cemex Modelo 904,Producto de alta calidad de la marca Cemex para uso en agregados,Cemex,Agregados,Tepetate,Metro,4864.2,4038.52,5686.98
MAP-00905,Grava Holcim Modelo 905,Producto de alta calidad de la marca Holcim para uso en agregados,Holcim,Agregados,Grava,m2,4363.25,3429.89,4801.81
MAP-00906,Azulejos Cruz Azul Modelo 906,Producto de alta calidad de la marca Cruz Azul para uso en acabados,Cruz Azul,Acabados,Azulejos,Galón,6423.13,5127.15,7357.99
MAP-00907,Azulejos Holcim Modelo 907,Producto de alta calidad de la marca Holcim para uso en acabados,Holcim,Acabados,Azulejos,Metro,2379.44,1870.64,2648.48
MAP-00908,Azulejos Cemex Modelo 908,Producto de alta calidad de la marca Cemex para uso en acabados,Cemex,Acabados,Azulejos,m2,4633.97,3707.92,5428.36
MAP-00909,Blocks Ternium Modelo 909,Producto de alta calidad de la marca Ternium para uso en materiales básicos,Ternium,Materiales Básicos,Blocks,Barra,4843.26,4214.04,5871.74
MAP-00910,Arena Cruz Azul Modelo 910,Producto de alta calidad de la marca Cruz Azul para uso en agregados,Cruz Azul,Agregados,Arena,Caja,1468.22,1165.17,1635.05
MAP-00911,Cementos Cruz Azul Modelo 911,Producto de alta calidad de la marca Cruz Azul para uso en materiales básicos,Cruz Azul,Materiales Básicos,Cementos,Pieza,3563.73,2691.05,4036.42
MAP-00912,Grava DeAcero Modelo 912,Producto de alta calidad de la marca DeAcero para uso en agregados,DeAcero,Agregados,Grava,Metro,957.78,801.21,1047.36
MAP-00913,Azulejos DeAcero Modelo 913,Producto de alta calidad de la marca DeAcero para uso en acabados,DeAcero,Acabados,Azulejos,Barra,2946.61,2259.31,3388.79
MAP-00914,Azulejos Holcim Modelo 914,Producto de alta calidad de la marca Holcim para uso en acabados,Holcim,Acabados,Azulejos,Caja,1032.3,872.46,1124.45
MAP-00915,Pisos DeAcero Modelo 915,Producto de alta calidad de la marca DeAcero para uso en acabados,DeAcero,Acabados,Pisos,Galón,7546.51,6606.38,9092.55
MAP-00916,Cementos Ternium Modelo 916,Producto de alta calidad de la marca Ternium para uso en materiales básicos,Ternium,Materiales Básicos,Cementos,Kg,5841.12,4973.21,7177.79
MAP-00917,Varillas Ternium Modelo 917,Producto de alta calidad de la marca Ternium para uso en materiales básicos,Ternium,Materiales Básicos,Varillas,Caja,7537.99,6353.84,8202.47
MAP-00918,Blocks Cemex Modelo 918,Producto de alta calidad de la marca Cemex para uso en materiales básicos,Cemex,Materiales Básicos,Blocks,Litro,1757.83,1375.74,1986.06
MAP-00919,Arena Ternium Modelo 919,Producto de alta calidad de la marca Ternium para uso en agregados,Ternium,Agregados,Arena,Kg,7085.94,5618.42,8567.28
MAP-00920,Varillas DeAcero Modelo 920,Producto de alta calidad de la marca DeAcero para uso en materiales básicos,DeAcero,Materiales Básicos,Varillas,Pieza,5406.72,4595.91,6140.51
MAP-00921,Grava Cemex Modelo 921,Producto de alta calidad de la marca Cemex para uso en agregados,Cemex,Agregados,Grava,Metro,7529.62,5837.32,8498.75
MAP-00922,Tepetate DeAcero Modelo 922,Producto de alta calidad de la marca DeAcero para uso en agregados,DeAcero,Agregados,Tepetate,Kg,3716.5,2943.42,4459.14
MAP-00923,Blocks Cruz Azul Modelo 923,Producto de alta calidad de la marca Cruz Azul para uso en materiales básicos,Cruz Azul,Materiales Básicos,Blocks,Galón,525.47,403.94,642.74
MAP-00924,Blocks Cemex Modelo 924,Producto de alta calidad de la marca Cemex para uso en materiales básicos,Cemex,Materiales Básicos,Blocks,Metro,5646.28,4700.46,6580.06
MAP-00925,Grava Holcim Modelo 925,Producto de alta calidad de la marca Holcim para uso en agregados,Holcim,Agregados,Grava,m3,6623.47,4979.99,7394.78
MAP-00926,Grava DeAcero Modelo 926,Producto de alta calidad de la marca DeAcero para uso en agregados,DeAcero,Agregados,Grava,Kg,4040.19,3083.63,4787.77
MAP-00927,Arena Holcim Modelo 927,Producto de alta calidad de la marca Holcim para uso en agregados,Holcim,Agregados,Arena,m2,3996.9,3391.48,4702.16
MAP-00928,Azulejos DeAcero Modelo 928,Producto de alta calidad de la marca DeAcero para uso en acabados,DeAcero,Acabados,Azulejos,m3,7968.87,6200.58,8681.75
MAP-00929,Varillas Cruz Azul Modelo 929,Producto de alta calidad de la marca Cruz Azul para uso en materiales básicos,Cruz Azul,Materiales Básicos,Varillas,Metro,4390.06,3885.89,5129.65
MAP-00930,Azulejos DeAcero Modelo 930,Producto de alta calidad de la marca DeAcero para uso en acabados,DeAcero,Acabados,Azulejos,Caja,1177.22,1038.2,1415.39
MAP-00931,Arena DeAcero Modelo 931,Producto de alta calidad de la marca DeAcero para uso en agregados,DeAcero,Agregados,Arena,m2,2419.25,2161.84,2948.86
MAP-00932,Cementos Cruz Azul Modelo 932,Producto de alta calidad de la marca Cruz Azul para uso en materiales básicos,Cruz Azul,Materiales Básicos,Cementos,Pieza,5925.84,4773.38,6922.35
MAP-00933,Grava Holcim Modelo 933,Producto de alta calidad de la marca Holcim para uso en agregados,Holcim,Agregados,Grava,m3,5322.14,4526.43,5745.23
MAP-00934,Cementos DeAcero Modelo 934,Producto de alta calidad de la marca DeAcero para uso en materiales básicos,DeAcero,Materiales Básicos,Cementos,m2,4238.05,3395.45,5007.42
MAP-00935,Pintura Cemex Modelo 935,Producto de alta calidad de la marca Cemex para uso en acabados,Cemex,Acabados,Pintura,m2,3686.17,2866.46,4494.94
MAP-00936,Pintura Ternium Modelo 936,Producto de alta calidad de la marca Ternium para uso en acabados,Ternium,Acabados,Pintura,Pieza,1300.78,1003.96,1475.09
MAP-00937,Cementos Cemex Modelo 937,Producto de alta calidad de la marca Cemex para uso en materiales básicos,Cemex,Materiales Básicos,Cementos,Litro,5040.06,4364.29,5908.35
MAP-00938,Tepetate Ternium Modelo 938,Producto de alta calidad de la marca Ternium para uso en agregados,Ternium,Agregados,Tepetate,m3,5324.62,4411.59,5954.97
MAP-00939,Tepetate Holcim Modelo 939,Producto de alta calidad de la marca Holcim para uso en agregados,Holcim,Agregados,Tepetate,Metro,2992.5,2653.03,3731.03
MAP-00940,Varillas Holcim Modelo 940,Producto de alta calidad de la marca Holcim para uso en materiales básicos,Holcim,Materiales Básicos,Varillas,Kg,3394.41,2827.24,4126.75
MAP-00941,Blocks Cemex Modelo 941,Producto de alta calidad de la marca Cemex para uso en materiales básicos,Cemex,Materiales Básicos,Blocks,Barra,5921.06,5187.93,6887.74
MAP-00942,Pisos DeAcero Modelo 942,Producto de alta calidad de la marca DeAcero para uso en acabados,DeAcero,Acabados,Pisos,Caja,7465.95,6510.37,8980.3
MAP-00943,Pintura DeAcero Modelo 943,Producto de alta calidad de la marca DeAcero para uso en acabados,DeAcero,Acabados,Pintura,m3,7082.7,6306.11,7620.88
MAP-00944,Blocks Holcim Modelo 944,Producto de alta calidad de la marca Holcim para uso en materiales básicos,Holcim,Materiales Básicos,Blocks,Barra,4714.4,3865.44,5596.63
MAP-00945,Blocks Cruz Azul Modelo 945,Producto de alta calidad de la marca Cruz Azul para uso en materiales básicos,Cruz Azul,Materiales Básicos,Blocks,Galón,5005.2,3983.0,6103.02
MAP-00946,Pintura Cemex Modelo 946,Producto de alta calidad de la marca Cemex para uso en acabados,Cemex,Acabados,Pintura,Galón,4086.36,3085.97,4687.66
MAP-00947,Pisos Ternium Modelo 947,Producto de alta calidad de la marca Ternium para uso en acabados,Ternium,Acabados,Pisos,Caja,3073.11,2560.38,3645.99
MAP-00948,Cementos Holcim Modelo 948,Producto de alta calidad de la marca Holcim para uso en materiales básicos,Holcim,Materiales Básicos,Cementos,Metro,3795.9,3329.54,4090.23
MAP-00949,Cementos Holcim Modelo 949,Producto de alta calidad de la marca Holcim para uso en materiales básicos,Holcim,Materiales Básicos,Cementos,m2,3402.13,2717.4,3976.55
MAP-00950,Pisos Cemex Modelo 950,Producto de alta calidad de la marca Cemex para uso en acabados,Cemex,Acabados,Pisos,Kg,924.22,801.31,1108.69
MAP-00951,Grava Holcim Modelo 951,Producto de alta calidad de la marca Holcim para uso en agregados,Holcim,Agregados,Grava,Litro,554.9,471.41,617.89
MAP-00952,Varillas Cemex Modelo 952,Producto de alta calidad de la marca Cemex para uso en materiales básicos,Cemex,Materiales Básicos,Varillas,Saco,6746.27,5406.84,7966.5
MAP-00953,Azulejos Cruz Azul Modelo 953,Producto de alta calidad de la marca Cruz Azul para uso en acabados,Cruz Azul,Acabados,Azulejos,Metro,835.82,725.27,923.74
MAP-00954,Arena Holcim Modelo 954,Producto de alta calidad de la marca Holcim para uso en agregados,Holcim,Agregados,Arena,Kg,749.76,596.13,893.79
MAP-00955,Blocks Holcim Modelo 955,Producto de alta calidad de la marca Holcim para uso en materiales básicos,Holcim,Materiales Básicos,Blocks,Kg,7873.27,6004.36,9073.68
MAP-00956,Cementos Holcim Modelo 956,Producto de alta calidad de la marca Holcim para uso en materiales básicos,Holcim,Materiales Básicos,Cementos,Pieza,2906.79,2552.59,3561.71
MAP-00957,Grava Ternium Modelo 957,Producto de alta calidad de la marca Ternium para uso en agregados,Ternium,Agregados,Grava,m3,7618.76,6413.65,9350.1
MAP-00958,Pintura Cemex Modelo 958,Producto de alta calidad de la marca Cemex para uso en acabados,Cemex,Acabados,Pintura,m3,4780.04,3690.13,5381.06
MAP-00959,Azulejos Ternium Modelo 959,Producto de alta calidad de la marca Ternium para uso en acabados,Ternium,Acabados,Azulejos,Pieza,6808.34,5961.58,7353.85
MAP-00960,Pintura Cemex Modelo 960,Producto de alta calidad de la marca Cemex para uso en acabados,Cemex,Acabados,Pintura,m2,5674.04,4895.31,6126.68
MAP-00961,Tepetate DeAcero Modelo 961,Producto de alta calidad de la marca DeAcero para uso en agregados,DeAcero,Agregados,Tepetate,m2,1641.47,1344.74,1826.67
MAP-00962,Grava DeAcero Modelo 962,Producto de alta calidad de la marca DeAcero para uso en agregados,DeAcero,Agregados,Grava,Pieza,3708.25,3117.74,4289.0
MAP-00963,Pisos Ternium Modelo 963,Producto de alta calidad de la marca Ternium para uso en acabados,Ternium,Acabados,Pisos,Barra,6345.9,4971.19,7057.98
MAP-00964,Arena Holcim Modelo 964,Producto de alta calidad de la marca Holcim para uso en agregados,Holcim,Agregados,Arena,Kg,3691.93,3002.75,3967.07
MAP-00965,Pisos Ternium Modelo 965,Producto de alta calidad de la marca Ternium para uso en acabados,Ternium,Acabados,Pisos,Barra,425.74,333.29,531.2
MAP-00966,Pintura DeAcero Modelo 966,Producto de alta calidad de la marca DeAcero para uso en acabados,DeAcero,Acabados,Pintura,Litro,4496.42,3894.12,5020.06
MAP-00967,Pintura Cruz Azul Modelo 967,Producto de alta calidad de la marca Cruz Azul para uso en acabados,Cruz Azul,Acabados,Pintura,Caja,2438.01,1913.89,2751.16
MAP-00968,Cementos Ternium Modelo 968,Producto de alta calidad de la marca Ternium para uso en materiales básicos,Ternium,Materiales Básicos,Cementos,Galón,7800.03,6907.4,9021.64
MAP-00969,Cementos Cemex Modelo 969,Producto de alta calidad de la marca Cemex para uso en materiales básicos,Cemex,Materiales Básicos,Cementos,Kg,844.42,638.21,1030.4
MAP-00970,Pintura Cemex Modelo 970,Producto de alta calidad de la marca Cemex para uso en acabados,Cemex,Acabados,Pintura,Galón,7162.1,6369.82,8507.98
MAP-00971,Azulejos Ternium Modelo 971,Producto de alta calidad de la marca Ternium para uso en acabados,Ternium,Acabados,Azulejos,Saco,7269.5,6297.15,7752.34
MAP-00972,Azulejos Holcim Modelo 972,Producto de alta calidad de la marca Holcim para uso en acabados,Holcim,Acabados,Azulejos,Pieza,1128.0,1014.31,1230.02
MAP-00973,Pintura DeAcero Modelo 973,Producto de alta calidad de la marca DeAcero para uso en acabados,DeAcero,Acabados,Pintura,Caja,2027.28,1799.25,2420.26
MAP-00974,Cementos Ternium Modelo 974,Producto de alta calidad de la marca Ternium para uso en materiales básicos,Ternium,Materiales Básicos,Cementos,Kg,3802.57,3417.77,4621.1
MAP-00975,Blocks Holcim Modelo 975,Producto de alta calidad de la marca Holcim para uso en materiales básicos,Holcim,Materiales Básicos,Blocks,Pieza,3489.57,2737.96,4005.32
MAP-00976,Pisos Cemex Modelo 976,Producto de alta calidad de la marca Cemex para uso en acabados,Cemex,Acabados,Pisos,Galón,5005.68,4408.77,5916.51
MAP-00977,Azulejos Cruz Azul Modelo 977,Producto de alta calidad de la marca Cruz Azul para uso en acabados,Cruz Azul,Acabados,Azulejos,m2,5675.57,4962.34,6978.42
MAP-00978,Grava Ternium Modelo 978,Producto de alta calidad de la marca Ternium para uso en agregados,Ternium,Agregados,Grava,Galón,1128.09,864.99,1382.4
MAP-00979,Blocks Cruz Azul Modelo 979,Producto de alta calidad de la marca Cruz Azul para uso en materiales básicos,Cruz Azul,Materiales Básicos,Blocks,Saco,4628.03,3611.25,5185.86
MAP-00980,Grava Holcim Modelo 980,Producto de alta calidad de la marca Holcim para uso en agregados,Holcim,Agregados,Grava,Barra,1854.8,1552.17,1963.0
MAP-00981,Pisos Holcim Modelo 981,Producto de alta calidad de la marca Holcim para uso en acabados,Holcim,Acabados,Pisos,m3,1618.6,1279.52,2021.17
MAP-00982,Arena Cruz Azul Modelo 982,Producto de alta calidad de la marca Cruz Azul para uso en agregados,Cruz Azul,Agregados,Arena,Barra,2802.05,2491.6,3418.04
MAP-00983,Cementos Cemex Modelo 983,Producto de alta calidad de la marca Cemex para uso en materiales básicos,Cemex,Materiales Básicos,Cementos,Galón,3317.75,2503.49,3997.29
MAP-00984,Arena Holcim Modelo 984,Producto de alta calidad de la marca Holcim para uso en agregados,Holcim,Agregados,Arena,Barra,2746.64,2364.0,3289.76
MAP-00985,Arena Cemex Modelo 985,Producto de alta calidad de la marca Cemex para uso en agregados,Cemex,Agregados,Arena,Galón,4506.29,3408.57,5377.82
MAP-00986,Varillas DeAcero Modelo 986,Producto de alta calidad de la marca DeAcero para uso en materiales básicos,DeAcero,Materiales Básicos,Varillas,m2,901.78,778.96,953.77
MAP-00987,Pintura Cemex Modelo 987,Producto de alta calidad de la marca Cemex para uso en acabados,Cemex,Acabados,Pintura,Kg,7088.52,5755.86,8454.22
MAP-00988,Blocks Cemex Modelo 988,Producto de alta calidad de la marca Cemex para uso en materiales básicos,Cemex,Materiales Básicos,Blocks,m3,1723.65,1349.96,2064.42
MAP-00989,Blocks DeAcero Modelo 989,Producto de alta calidad de la marca DeAcero para uso en materiales básicos,DeAcero,Materiales Básicos,Blocks,Barra,4121.13,3585.16,4737.17
MAP-00990,Pintura Holcim Modelo 990,Producto de alta calidad de la marca Holcim para uso en acabados,Holcim,Acabados,Pintura,m3,6338.32,5252.93,7547.36
MAP-00991,Blocks DeAcero Modelo 991,Producto de alta calidad de la marca DeAcero para uso en materiales básicos,DeAcero,Materiales Básicos,Blocks,Caja,2030.89,1526.76,2481.57
MAP-00992,Cementos DeAcero Modelo 992,Producto de alta calidad de la marca DeAcero para uso en materiales básicos,DeAcero,Materiales Básicos,Cementos,Litro,1209.16,1010.91,1436.18
MAP-00993,Tepetate Cemex Modelo 993,Producto de alta calidad de la marca Cemex para uso en agregados,Cemex,Agregados,Tepetate,Kg,2064.59,1598.41,2172.63
MAP-00994,Tepetate Holcim Modelo 994,Producto de alta calidad de la marca Holcim para uso en agregados,Holcim,Agregados,Tepetate,Litro,4776.23,4124.42,5098.79
MAP-00995,Cementos DeAcero Modelo 995,Producto de alta calidad de la marca DeAcero para uso en materiales básicos,DeAcero,Materiales Básicos,Cementos,Metro,6919.05,6096.61,8002.49
MAP-00996,Arena Cruz Azul Modelo 996,Producto de alta calidad de la marca Cruz Azul para uso en agregados,Cruz Azul,Agregados,Arena,m3,7166.74,6231.71,7972.64
MAP-00997,Blocks Cemex Modelo 997,Producto de alta calidad de la marca Cemex para uso en materiales básicos,Cemex,Materiales Básicos,Blocks,Barra,1919.5,1617.73,2266.98
MAP-00998,Cementos Ternium Modelo 998,Producto de alta calidad de la marca Ternium para uso en materiales básicos,Ternium,Materiales Básicos,Cementos,m2,4983.72,4232.17,5884.25
MAP-00999,Pintura Cruz Azul Modelo 999,Producto de alta calidad de la marca Cruz Azul para uso en acabados,Cruz Azul,Acabados,Pintura,Pieza,6164.43,4753.98,6879.68
MAP-01000,Cementos Cruz Azul Modelo 1000,Producto de alta calidad de la marca Cruz Azul para uso en materiales básicos,Cruz Azul,Materiales Básicos,Cementos,Metro,4572.46,3446.48,5021.29
