[2025-10-02 16:57:39] local.INFO: User Action {"action":"request_start","model":"API_Request","model_id":0,"user_id":null,"user_email":null,"ip_address":"::1","user_agent":"Mozilla/5.0 (Windows NT 10.0; Win64; x64) AppleWebKit/537.36 (KHTML, like Gecko) Chrome/140.0.0.0 Safari/537.36","data":{"request_id":"req_68df11736ebe95.80663877","method":"POST","path":"api/auth/login","full_url":"http://localhost:8080/api/auth/login","ip_address":"::1","user_agent":"Mozilla/5.0 (Windows NT 10.0; Win64; x64) AppleWebKit/537.36 (KHTML, like Gecko) Chrome/140.0.0.0 Safari/537.36","referer":"http://localhost:4200/","user_id":null,"user_email":null,"headers":{"host":["localhost:8080"],"connection":["keep-alive"],"content-length":["69"],"sec-ch-ua-platform":["\"Windows\""],"user-agent":["Mozilla/5.0 (Windows NT 10.0; Win64; x64) AppleWebKit/537.36 (KHTML, like Gecko) Chrome/140.0.0.0 Safari/537.36"],"accept":["application/json, text/plain, */*"],"sec-ch-ua":["\"Chromium\";v=\"140\", \"Not=A?Brand\";v=\"24\", \"Google Chrome\";v=\"140\""],"content-type":["application/json"],"sec-ch-ua-mobile":["?0"],"access-control-allow-credentials":["true"],"origin":["http://localhost:4200"],"sec-fetch-site":["same-site"],"sec-fetch-mode":["cors"],"sec-fetch-dest":["empty"],"referer":["http://localhost:4200/"],"accept-encoding":["gzip, deflate, br, zstd"],"accept-language":["es-419,es;q=0.9"]},"query_params":[],"request_data":{"email":"proveedor@materialesconstruccion.mx","password":"[HIDDEN]"},"request_size":69,"timestamp":"2025-10-02T23:57:39.455746Z"},"timestamp":"2025-10-02T23:57:39.456755Z"} 
[2025-10-02 16:57:39] local.ERROR: unauthorized (401):  {"exception":"App\\Exceptions\\Api\\Auth\\UnauthorizedException","code":0,"trace":"#0 C:\\repositorio\\app\\api-proveedores\\vendor\\laravel\\framework\\src\\Illuminate\\Routing\\Controller.php(54): App\\Http\\Controllers\\AuthController->login(Object(Illuminate\\Http\\Request))
#1 C:\\repositorio\\app\\api-proveedores\\vendor\\laravel\\framework\\src\\Illuminate\\Routing\\ControllerDispatcher.php(43): Illuminate\\Routing\\Controller->callAction('login', Array)
#2 C:\\repositorio\\app\\api-proveedores\\vendor\\laravel\\framework\\src\\Illuminate\\Routing\\Route.php(265): Illuminate\\Routing\\ControllerDispatcher->dispatch(Object(Illuminate\\Routing\\Route), Object(App\\Http\\Controllers\\AuthController), 'login')
#3 C:\\repositorio\\app\\api-proveedores\\vendor\\laravel\\framework\\src\\Illuminate\\Routing\\Route.php(211): Illuminate\\Routing\\Route->runController()
#4 C:\\repositorio\\app\\api-proveedores\\vendor\\laravel\\framework\\src\\Illuminate\\Routing\\Router.php(808): Illuminate\\Routing\\Route->run()
#5 C:\\repositorio\\app\\api-proveedores\\vendor\\laravel\\framework\\src\\Illuminate\\Pipeline\\Pipeline.php(169): Illuminate\\Routing\\Router->Illuminate\\Routing\\{closure}(Object(Illuminate\\Http\\Request))
#6 C:\\repositorio\\app\\api-proveedores\\app\\Http\\Middleware\\LogApiActions.php(58): Illuminate\\Pipeline\\Pipeline->Illuminate\\Pipeline\\{closure}(Object(Illuminate\\Http\\Request))
#7 C:\\repositorio\\app\\api-proveedores\\vendor\\laravel\\framework\\src\\Illuminate\\Pipeline\\Pipeline.php(208): App\\Http\\Middleware\\LogApiActions->handle(Object(Illuminate\\Http\\Request), Object(Closure))
#8 C:\\repositorio\\app\\api-proveedores\\vendor\\laravel\\framework\\src\\Illuminate\\Routing\\Middleware\\SubstituteBindings.php(50): Illuminate\\Pipeline\\Pipeline->Illuminate\\Pipeline\\{closure}(Object(Illuminate\\Http\\Request))
#9 C:\\repositorio\\app\\api-proveedores\\vendor\\laravel\\framework\\src\\Illuminate\\Pipeline\\Pipeline.php(208): Illuminate\\Routing\\Middleware\\SubstituteBindings->handle(Object(Illuminate\\Http\\Request), Object(Closure))
#10 C:\\repositorio\\app\\api-proveedores\\vendor\\laravel\\framework\\src\\Illuminate\\Pipeline\\Pipeline.php(126): Illuminate\\Pipeline\\Pipeline->Illuminate\\Pipeline\\{closure}(Object(Illuminate\\Http\\Request))
#11 C:\\repositorio\\app\\api-proveedores\\vendor\\laravel\\framework\\src\\Illuminate\\Routing\\Router.php(807): Illuminate\\Pipeline\\Pipeline->then(Object(Closure))
#12 C:\\repositorio\\app\\api-proveedores\\vendor\\laravel\\framework\\src\\Illuminate\\Routing\\Router.php(786): Illuminate\\Routing\\Router->runRouteWithinStack(Object(Illuminate\\Routing\\Route), Object(Illuminate\\Http\\Request))
#13 C:\\repositorio\\app\\api-proveedores\\vendor\\laravel\\framework\\src\\Illuminate\\Routing\\Router.php(750): Illuminate\\Routing\\Router->runRoute(Object(Illuminate\\Http\\Request), Object(Illuminate\\Routing\\Route))
#14 C:\\repositorio\\app\\api-proveedores\\vendor\\laravel\\framework\\src\\Illuminate\\Routing\\Router.php(739): Illuminate\\Routing\\Router->dispatchToRoute(Object(Illuminate\\Http\\Request))
#15 C:\\repositorio\\app\\api-proveedores\\vendor\\laravel\\framework\\src\\Illuminate\\Foundation\\Http\\Kernel.php(200): Illuminate\\Routing\\Router->dispatch(Object(Illuminate\\Http\\Request))
#16 C:\\repositorio\\app\\api-proveedores\\vendor\\laravel\\framework\\src\\Illuminate\\Pipeline\\Pipeline.php(169): Illuminate\\Foundation\\Http\\Kernel->Illuminate\\Foundation\\Http\\{closure}(Object(Illuminate\\Http\\Request))
#17 C:\\repositorio\\app\\api-proveedores\\app\\Http\\Middleware\\LogIncomingRequests.php(27): Illuminate\\Pipeline\\Pipeline->Illuminate\\Pipeline\\{closure}(Object(Illuminate\\Http\\Request))
#18 C:\\repositorio\\app\\api-proveedores\\vendor\\laravel\\framework\\src\\Illuminate\\Pipeline\\Pipeline.php(208): App\\Http\\Middleware\\LogIncomingRequests->handle(Object(Illuminate\\Http\\Request), Object(Closure))
#19 C:\\repositorio\\app\\api-proveedores\\vendor\\laravel\\framework\\src\\Illuminate\\Http\\Middleware\\ValidatePostSize.php(27): Illuminate\\Pipeline\\Pipeline->Illuminate\\Pipeline\\{closure}(Object(Illuminate\\Http\\Request))
#20 C:\\repositorio\\app\\api-proveedores\\vendor\\laravel\\framework\\src\\Illuminate\\Pipeline\\Pipeline.php(208): Illuminate\\Http\\Middleware\\ValidatePostSize->handle(Object(Illuminate\\Http\\Request), Object(Closure))
#21 C:\\repositorio\\app\\api-proveedores\\vendor\\laravel\\framework\\src\\Illuminate\\Foundation\\Http\\Middleware\\TransformsRequest.php(21): Illuminate\\Pipeline\\Pipeline->Illuminate\\Pipeline\\{closure}(Object(Illuminate\\Http\\Request))
#22 C:\\repositorio\\app\\api-proveedores\\vendor\\laravel\\framework\\src\\Illuminate\\Foundation\\Http\\Middleware\\ConvertEmptyStringsToNull.php(31): Illuminate\\Foundation\\Http\\Middleware\\TransformsRequest->handle(Object(Illuminate\\Http\\Request), Object(Closure))
#23 C:\\repositorio\\app\\api-proveedores\\vendor\\laravel\\framework\\src\\Illuminate\\Pipeline\\Pipeline.php(208): Illuminate\\Foundation\\Http\\Middleware\\ConvertEmptyStringsToNull->handle(Object(Illuminate\\Http\\Request), Object(Closure))
#24 C:\\repositorio\\app\\api-proveedores\\vendor\\laravel\\framework\\src\\Illuminate\\Foundation\\Http\\Middleware\\TransformsRequest.php(21): Illuminate\\Pipeline\\Pipeline->Illuminate\\Pipeline\\{closure}(Object(Illuminate\\Http\\Request))
#25 C:\\repositorio\\app\\api-proveedores\\vendor\\laravel\\framework\\src\\Illuminate\\Foundation\\Http\\Middleware\\TrimStrings.php(51): Illuminate\\Foundation\\Http\\Middleware\\TransformsRequest->handle(Object(Illuminate\\Http\\Request), Object(Closure))
#26 C:\\repositorio\\app\\api-proveedores\\vendor\\laravel\\framework\\src\\Illuminate\\Pipeline\\Pipeline.php(208): Illuminate\\Foundation\\Http\\Middleware\\TrimStrings->handle(Object(Illuminate\\Http\\Request), Object(Closure))
#27 C:\\repositorio\\app\\api-proveedores\\vendor\\laravel\\framework\\src\\Illuminate\\Http\\Middleware\\ValidatePostSize.php(27): Illuminate\\Pipeline\\Pipeline->Illuminate\\Pipeline\\{closure}(Object(Illuminate\\Http\\Request))
#28 C:\\repositorio\\app\\api-proveedores\\vendor\\laravel\\framework\\src\\Illuminate\\Pipeline\\Pipeline.php(208): Illuminate\\Http\\Middleware\\ValidatePostSize->handle(Object(Illuminate\\Http\\Request), Object(Closure))
#29 C:\\repositorio\\app\\api-proveedores\\vendor\\laravel\\framework\\src\\Illuminate\\Foundation\\Http\\Middleware\\PreventRequestsDuringMaintenance.php(109): Illuminate\\Pipeline\\Pipeline->Illuminate\\Pipeline\\{closure}(Object(Illuminate\\Http\\Request))
#30 C:\\repositorio\\app\\api-proveedores\\vendor\\laravel\\framework\\src\\Illuminate\\Pipeline\\Pipeline.php(208): Illuminate\\Foundation\\Http\\Middleware\\PreventRequestsDuringMaintenance->handle(Object(Illuminate\\Http\\Request), Object(Closure))
#31 C:\\repositorio\\app\\api-proveedores\\vendor\\laravel\\framework\\src\\Illuminate\\Http\\Middleware\\HandleCors.php(61): Illuminate\\Pipeline\\Pipeline->Illuminate\\Pipeline\\{closure}(Object(Illuminate\\Http\\Request))
#32 C:\\repositorio\\app\\api-proveedores\\vendor\\laravel\\framework\\src\\Illuminate\\Pipeline\\Pipeline.php(208): Illuminate\\Http\\Middleware\\HandleCors->handle(Object(Illuminate\\Http\\Request), Object(Closure))
#33 C:\\repositorio\\app\\api-proveedores\\vendor\\laravel\\framework\\src\\Illuminate\\Http\\Middleware\\TrustProxies.php(58): Illuminate\\Pipeline\\Pipeline->Illuminate\\Pipeline\\{closure}(Object(Illuminate\\Http\\Request))
#34 C:\\repositorio\\app\\api-proveedores\\vendor\\laravel\\framework\\src\\Illuminate\\Pipeline\\Pipeline.php(208): Illuminate\\Http\\Middleware\\TrustProxies->handle(Object(Illuminate\\Http\\Request), Object(Closure))
#35 C:\\repositorio\\app\\api-proveedores\\vendor\\laravel\\framework\\src\\Illuminate\\Foundation\\Http\\Middleware\\InvokeDeferredCallbacks.php(22): Illuminate\\Pipeline\\Pipeline->Illuminate\\Pipeline\\{closure}(Object(Illuminate\\Http\\Request))
#36 C:\\repositorio\\app\\api-proveedores\\vendor\\laravel\\framework\\src\\Illuminate\\Pipeline\\Pipeline.php(208): Illuminate\\Foundation\\Http\\Middleware\\InvokeDeferredCallbacks->handle(Object(Illuminate\\Http\\Request), Object(Closure))
#37 C:\\repositorio\\app\\api-proveedores\\vendor\\laravel\\framework\\src\\Illuminate\\Http\\Middleware\\ValidatePathEncoding.php(26): Illuminate\\Pipeline\\Pipeline->Illuminate\\Pipeline\\{closure}(Object(Illuminate\\Http\\Request))
#38 C:\\repositorio\\app\\api-proveedores\\vendor\\laravel\\framework\\src\\Illuminate\\Pipeline\\Pipeline.php(208): Illuminate\\Http\\Middleware\\ValidatePathEncoding->handle(Object(Illuminate\\Http\\Request), Object(Closure))
#39 C:\\repositorio\\app\\api-proveedores\\vendor\\laravel\\framework\\src\\Illuminate\\Pipeline\\Pipeline.php(126): Illuminate\\Pipeline\\Pipeline->Illuminate\\Pipeline\\{closure}(Object(Illuminate\\Http\\Request))
#40 C:\\repositorio\\app\\api-proveedores\\vendor\\laravel\\framework\\src\\Illuminate\\Foundation\\Http\\Kernel.php(175): Illuminate\\Pipeline\\Pipeline->then(Object(Closure))
#41 C:\\repositorio\\app\\api-proveedores\\vendor\\laravel\\framework\\src\\Illuminate\\Foundation\\Http\\Kernel.php(144): Illuminate\\Foundation\\Http\\Kernel->sendRequestThroughRouter(Object(Illuminate\\Http\\Request))
#42 C:\\repositorio\\app\\api-proveedores\\vendor\\laravel\\framework\\src\\Illuminate\\Foundation\\Application.php(1219): Illuminate\\Foundation\\Http\\Kernel->handle(Object(Illuminate\\Http\\Request))
#43 C:\\repositorio\\app\\api-proveedores\\public\\index.php(20): Illuminate\\Foundation\\Application->handleRequest(Object(Illuminate\\Http\\Request))
#44 C:\\repositorio\\app\\api-proveedores\\vendor\\laravel\\framework\\src\\Illuminate\\Foundation\\resources\\server.php(23): require_once('C:\\\\repositorio\\\\...')
#45 {main}","additional":[],"ip":"::1","url":"http://localhost:8080/api/auth/login","method":"POST","user_id":null,"user_agent":"Mozilla/5.0 (Windows NT 10.0; Win64; x64) AppleWebKit/537.36 (KHTML, like Gecko) Chrome/140.0.0.0 Safari/537.36"} 
[2025-10-02 16:57:39] local.ERROR: System Error {"error":"Credenciales incorrectas.","context":"App\\Exceptions\\Api\\Auth\\UnauthorizedException","user_id":null,"ip_address":"::1","data":{"file":"C:\\repositorio\\app\\api-proveedores\\app\\Http\\Controllers\\AuthController.php","line":177,"trace":"#0 C:\\repositorio\\app\\api-proveedores\\vendor\\laravel\\framework\\src\\Illuminate\\Routing\\Controller.php(54): App\\Http\\Controllers\\AuthController->login(Object(Illuminate\\Http\\Request))
#1 C:\\repositorio\\app\\api-proveedores\\vendor\\laravel\\framework\\src\\Illuminate\\Routing\\ControllerDispatcher.php(43): Illuminate\\Routing\\Controller->callAction('login', Array)
#2 C:\\repositorio\\app\\api-proveedores\\vendor\\laravel\\framework\\src\\Illuminate\\Routing\\Route.php(265): Illuminate\\Routing\\ControllerDispatcher->dispatch(Object(Illuminate\\Routing\\Route), Object(App\\Http\\Controllers\\AuthController), 'login')
#3 C:\\repositorio\\app\\api-proveedores\\vendor\\laravel\\framework\\src\\Illuminate\\Routing\\Route.php(211): Illuminate\\Routing\\Route->runController()
#4 C:\\repositorio\\app\\api-proveedores\\vendor\\laravel\\framework\\src\\Illuminate\\Routing\\Router.php(808): Illuminate\\Routing\\Route->run()
#5 C:\\repositorio\\app\\api-proveedores\\vendor\\laravel\\framework\\src\\Illuminate\\Pipeline\\Pipeline.php(169): Illuminate\\Routing\\Router->Illuminate\\Routing\\{closure}(Object(Illuminate\\Http\\Request))
#6 C:\\repositorio\\app\\api-proveedores\\app\\Http\\Middleware\\LogApiActions.php(58): Illuminate\\Pipeline\\Pipeline->Illuminate\\Pipeline\\{closure}(Object(Illuminate\\Http\\Request))
#7 C:\\repositorio\\app\\api-proveedores\\vendor\\laravel\\framework\\src\\Illuminate\\Pipeline\\Pipeline.php(208): App\\Http\\Middleware\\LogApiActions->handle(Object(Illuminate\\Http\\Request), Object(Closure))
#8 C:\\repositorio\\app\\api-proveedores\\vendor\\laravel\\framework\\src\\Illuminate\\Routing\\Middleware\\SubstituteBindings.php(50): Illuminate\\Pipeline\\Pipeline->Illuminate\\Pipeline\\{closure}(Object(Illuminate\\Http\\Request))
#9 C:\\repositorio\\app\\api-proveedores\\vendor\\laravel\\framework\\src\\Illuminate\\Pipeline\\Pipeline.php(208): Illuminate\\Routing\\Middleware\\SubstituteBindings->handle(Object(Illuminate\\Http\\Request), Object(Closure))
#10 C:\\repositorio\\app\\api-proveedores\\vendor\\laravel\\framework\\src\\Illuminate\\Pipeline\\Pipeline.php(126): Illuminate\\Pipeline\\Pipeline->Illuminate\\Pipeline\\{closure}(Object(Illuminate\\Http\\Request))
#11 C:\\repositorio\\app\\api-proveedores\\vendor\\laravel\\framework\\src\\Illuminate\\Routing\\Router.php(807): Illuminate\\Pipeline\\Pipeline->then(Object(Closure))
#12 C:\\repositorio\\app\\api-proveedores\\vendor\\laravel\\framework\\src\\Illuminate\\Routing\\Router.php(786): Illuminate\\Routing\\Router->runRouteWithinStack(Object(Illuminate\\Routing\\Route), Object(Illuminate\\Http\\Request))
#13 C:\\repositorio\\app\\api-proveedores\\vendor\\laravel\\framework\\src\\Illuminate\\Routing\\Router.php(750): Illuminate\\Routing\\Router->runRoute(Object(Illuminate\\Http\\Request), Object(Illuminate\\Routing\\Route))
#14 C:\\repositorio\\app\\api-proveedores\\vendor\\laravel\\framework\\src\\Illuminate\\Routing\\Router.php(739): Illuminate\\Routing\\Router->dispatchToRoute(Object(Illuminate\\Http\\Request))
#15 C:\\repositorio\\app\\api-proveedores\\vendor\\laravel\\framework\\src\\Illuminate\\Foundation\\Http\\Kernel.php(200): Illuminate\\Routing\\Router->dispatch(Object(Illuminate\\Http\\Request))
#16 C:\\repositorio\\app\\api-proveedores\\vendor\\laravel\\framework\\src\\Illuminate\\Pipeline\\Pipeline.php(169): Illuminate\\Foundation\\Http\\Kernel->Illuminate\\Foundation\\Http\\{closure}(Object(Illuminate\\Http\\Request))
#17 C:\\repositorio\\app\\api-proveedores\\app\\Http\\Middleware\\LogIncomingRequests.php(27): Illuminate\\Pipeline\\Pipeline->Illuminate\\Pipeline\\{closure}(Object(Illuminate\\Http\\Request))
#18 C:\\repositorio\\app\\api-proveedores\\vendor\\laravel\\framework\\src\\Illuminate\\Pipeline\\Pipeline.php(208): App\\Http\\Middleware\\LogIncomingRequests->handle(Object(Illuminate\\Http\\Request), Object(Closure))
#19 C:\\repositorio\\app\\api-proveedores\\vendor\\laravel\\framework\\src\\Illuminate\\Http\\Middleware\\ValidatePostSize.php(27): Illuminate\\Pipeline\\Pipeline->Illuminate\\Pipeline\\{closure}(Object(Illuminate\\Http\\Request))
#20 C:\\repositorio\\app\\api-proveedores\\vendor\\laravel\\framework\\src\\Illuminate\\Pipeline\\Pipeline.php(208): Illuminate\\Http\\Middleware\\ValidatePostSize->handle(Object(Illuminate\\Http\\Request), Object(Closure))
#21 C:\\repositorio\\app\\api-proveedores\\vendor\\laravel\\framework\\src\\Illuminate\\Foundation\\Http\\Middleware\\TransformsRequest.php(21): Illuminate\\Pipeline\\Pipeline->Illuminate\\Pipeline\\{closure}(Object(Illuminate\\Http\\Request))
#22 C:\\repositorio\\app\\api-proveedores\\vendor\\laravel\\framework\\src\\Illuminate\\Foundation\\Http\\Middleware\\ConvertEmptyStringsToNull.php(31): Illuminate\\Foundation\\Http\\Middleware\\TransformsRequest->handle(Object(Illuminate\\Http\\Request), Object(Closure))
#23 C:\\repositorio\\app\\api-proveedores\\vendor\\laravel\\framework\\src\\Illuminate\\Pipeline\\Pipeline.php(208): Illuminate\\Foundation\\Http\\Middleware\\ConvertEmptyStringsToNull->handle(Object(Illuminate\\Http\\Request), Object(Closure))
#24 C:\\repositorio\\app\\api-proveedores\\vendor\\laravel\\framework\\src\\Illuminate\\Foundation\\Http\\Middleware\\TransformsRequest.php(21): Illuminate\\Pipeline\\Pipeline->Illuminate\\Pipeline\\{closure}(Object(Illuminate\\Http\\Request))
#25 C:\\repositorio\\app\\api-proveedores\\vendor\\laravel\\framework\\src\\Illuminate\\Foundation\\Http\\Middleware\\TrimStrings.php(51): Illuminate\\Foundation\\Http\\Middleware\\TransformsRequest->handle(Object(Illuminate\\Http\\Request), Object(Closure))
#26 C:\\repositorio\\app\\api-proveedores\\vendor\\laravel\\framework\\src\\Illuminate\\Pipeline\\Pipeline.php(208): Illuminate\\Foundation\\Http\\Middleware\\TrimStrings->handle(Object(Illuminate\\Http\\Request), Object(Closure))
#27 C:\\repositorio\\app\\api-proveedores\\vendor\\laravel\\framework\\src\\Illuminate\\Http\\Middleware\\ValidatePostSize.php(27): Illuminate\\Pipeline\\Pipeline->Illuminate\\Pipeline\\{closure}(Object(Illuminate\\Http\\Request))
#28 C:\\repositorio\\app\\api-proveedores\\vendor\\laravel\\framework\\src\\Illuminate\\Pipeline\\Pipeline.php(208): Illuminate\\Http\\Middleware\\ValidatePostSize->handle(Object(Illuminate\\Http\\Request), Object(Closure))
#29 C:\\repositorio\\app\\api-proveedores\\vendor\\laravel\\framework\\src\\Illuminate\\Foundation\\Http\\Middleware\\PreventRequestsDuringMaintenance.php(109): Illuminate\\Pipeline\\Pipeline->Illuminate\\Pipeline\\{closure}(Object(Illuminate\\Http\\Request))
#30 C:\\repositorio\\app\\api-proveedores\\vendor\\laravel\\framework\\src\\Illuminate\\Pipeline\\Pipeline.php(208): Illuminate\\Foundation\\Http\\Middleware\\PreventRequestsDuringMaintenance->handle(Object(Illuminate\\Http\\Request), Object(Closure))
#31 C:\\repositorio\\app\\api-proveedores\\vendor\\laravel\\framework\\src\\Illuminate\\Http\\Middleware\\HandleCors.php(61): Illuminate\\Pipeline\\Pipeline->Illuminate\\Pipeline\\{closure}(Object(Illuminate\\Http\\Request))
#32 C:\\repositorio\\app\\api-proveedores\\vendor\\laravel\\framework\\src\\Illuminate\\Pipeline\\Pipeline.php(208): Illuminate\\Http\\Middleware\\HandleCors->handle(Object(Illuminate\\Http\\Request), Object(Closure))
#33 C:\\repositorio\\app\\api-proveedores\\vendor\\laravel\\framework\\src\\Illuminate\\Http\\Middleware\\TrustProxies.php(58): Illuminate\\Pipeline\\Pipeline->Illuminate\\Pipeline\\{closure}(Object(Illuminate\\Http\\Request))
#34 C:\\repositorio\\app\\api-proveedores\\vendor\\laravel\\framework\\src\\Illuminate\\Pipeline\\Pipeline.php(208): Illuminate\\Http\\Middleware\\TrustProxies->handle(Object(Illuminate\\Http\\Request), Object(Closure))
#35 C:\\repositorio\\app\\api-proveedores\\vendor\\laravel\\framework\\src\\Illuminate\\Foundation\\Http\\Middleware\\InvokeDeferredCallbacks.php(22): Illuminate\\Pipeline\\Pipeline->Illuminate\\Pipeline\\{closure}(Object(Illuminate\\Http\\Request))
#36 C:\\repositorio\\app\\api-proveedores\\vendor\\laravel\\framework\\src\\Illuminate\\Pipeline\\Pipeline.php(208): Illuminate\\Foundation\\Http\\Middleware\\InvokeDeferredCallbacks->handle(Object(Illuminate\\Http\\Request), Object(Closure))
#37 C:\\repositorio\\app\\api-proveedores\\vendor\\laravel\\framework\\src\\Illuminate\\Http\\Middleware\\ValidatePathEncoding.php(26): Illuminate\\Pipeline\\Pipeline->Illuminate\\Pipeline\\{closure}(Object(Illuminate\\Http\\Request))
#38 C:\\repositorio\\app\\api-proveedores\\vendor\\laravel\\framework\\src\\Illuminate\\Pipeline\\Pipeline.php(208): Illuminate\\Http\\Middleware\\ValidatePathEncoding->handle(Object(Illuminate\\Http\\Request), Object(Closure))
#39 C:\\repositorio\\app\\api-proveedores\\vendor\\laravel\\framework\\src\\Illuminate\\Pipeline\\Pipeline.php(126): Illuminate\\Pipeline\\Pipeline->Illuminate\\Pipeline\\{closure}(Object(Illuminate\\Http\\Request))
#40 C:\\repositorio\\app\\api-proveedores\\vendor\\laravel\\framework\\src\\Illuminate\\Foundation\\Http\\Kernel.php(175): Illuminate\\Pipeline\\Pipeline->then(Object(Closure))
#41 C:\\repositorio\\app\\api-proveedores\\vendor\\laravel\\framework\\src\\Illuminate\\Foundation\\Http\\Kernel.php(144): Illuminate\\Foundation\\Http\\Kernel->sendRequestThroughRouter(Object(Illuminate\\Http\\Request))
#42 C:\\repositorio\\app\\api-proveedores\\vendor\\laravel\\framework\\src\\Illuminate\\Foundation\\Application.php(1219): Illuminate\\Foundation\\Http\\Kernel->handle(Object(Illuminate\\Http\\Request))
#43 C:\\repositorio\\app\\api-proveedores\\public\\index.php(20): Illuminate\\Foundation\\Application->handleRequest(Object(Illuminate\\Http\\Request))
#44 C:\\repositorio\\app\\api-proveedores\\vendor\\laravel\\framework\\src\\Illuminate\\Foundation\\resources\\server.php(23): require_once('C:\\\\repositorio\\\\...')
#45 {main}","url":"http://localhost:8080/api/auth/login","method":"POST","user_id":null},"timestamp":"2025-10-02T23:57:39.699925Z"} 
[2025-10-02 16:57:39] local.ERROR: Credenciales incorrectas. {"exception":"[object] (App\\Exceptions\\Api\\Auth\\UnauthorizedException(code: 0): Credenciales incorrectas. at C:\\repositorio\\app\\api-proveedores\\app\\Http\\Controllers\\AuthController.php:177)
[stacktrace]
#0 C:\\repositorio\\app\\api-proveedores\\vendor\\laravel\\framework\\src\\Illuminate\\Routing\\Controller.php(54): App\\Http\\Controllers\\AuthController->login(Object(Illuminate\\Http\\Request))
#1 C:\\repositorio\\app\\api-proveedores\\vendor\\laravel\\framework\\src\\Illuminate\\Routing\\ControllerDispatcher.php(43): Illuminate\\Routing\\Controller->callAction('login', Array)
#2 C:\\repositorio\\app\\api-proveedores\\vendor\\laravel\\framework\\src\\Illuminate\\Routing\\Route.php(265): Illuminate\\Routing\\ControllerDispatcher->dispatch(Object(Illuminate\\Routing\\Route), Object(App\\Http\\Controllers\\AuthController), 'login')
#3 C:\\repositorio\\app\\api-proveedores\\vendor\\laravel\\framework\\src\\Illuminate\\Routing\\Route.php(211): Illuminate\\Routing\\Route->runController()
#4 C:\\repositorio\\app\\api-proveedores\\vendor\\laravel\\framework\\src\\Illuminate\\Routing\\Router.php(808): Illuminate\\Routing\\Route->run()
#5 C:\\repositorio\\app\\api-proveedores\\vendor\\laravel\\framework\\src\\Illuminate\\Pipeline\\Pipeline.php(169): Illuminate\\Routing\\Router->Illuminate\\Routing\\{closure}(Object(Illuminate\\Http\\Request))
#6 C:\\repositorio\\app\\api-proveedores\\app\\Http\\Middleware\\LogApiActions.php(58): Illuminate\\Pipeline\\Pipeline->Illuminate\\Pipeline\\{closure}(Object(Illuminate\\Http\\Request))
#7 C:\\repositorio\\app\\api-proveedores\\vendor\\laravel\\framework\\src\\Illuminate\\Pipeline\\Pipeline.php(208): App\\Http\\Middleware\\LogApiActions->handle(Object(Illuminate\\Http\\Request), Object(Closure))
#8 C:\\repositorio\\app\\api-proveedores\\vendor\\laravel\\framework\\src\\Illuminate\\Routing\\Middleware\\SubstituteBindings.php(50): Illuminate\\Pipeline\\Pipeline->Illuminate\\Pipeline\\{closure}(Object(Illuminate\\Http\\Request))
#9 C:\\repositorio\\app\\api-proveedores\\vendor\\laravel\\framework\\src\\Illuminate\\Pipeline\\Pipeline.php(208): Illuminate\\Routing\\Middleware\\SubstituteBindings->handle(Object(Illuminate\\Http\\Request), Object(Closure))
#10 C:\\repositorio\\app\\api-proveedores\\vendor\\laravel\\framework\\src\\Illuminate\\Pipeline\\Pipeline.php(126): Illuminate\\Pipeline\\Pipeline->Illuminate\\Pipeline\\{closure}(Object(Illuminate\\Http\\Request))
#11 C:\\repositorio\\app\\api-proveedores\\vendor\\laravel\\framework\\src\\Illuminate\\Routing\\Router.php(807): Illuminate\\Pipeline\\Pipeline->then(Object(Closure))
#12 C:\\repositorio\\app\\api-proveedores\\vendor\\laravel\\framework\\src\\Illuminate\\Routing\\Router.php(786): Illuminate\\Routing\\Router->runRouteWithinStack(Object(Illuminate\\Routing\\Route), Object(Illuminate\\Http\\Request))
#13 C:\\repositorio\\app\\api-proveedores\\vendor\\laravel\\framework\\src\\Illuminate\\Routing\\Router.php(750): Illuminate\\Routing\\Router->runRoute(Object(Illuminate\\Http\\Request), Object(Illuminate\\Routing\\Route))
#14 C:\\repositorio\\app\\api-proveedores\\vendor\\laravel\\framework\\src\\Illuminate\\Routing\\Router.php(739): Illuminate\\Routing\\Router->dispatchToRoute(Object(Illuminate\\Http\\Request))
#15 C:\\repositorio\\app\\api-proveedores\\vendor\\laravel\\framework\\src\\Illuminate\\Foundation\\Http\\Kernel.php(200): Illuminate\\Routing\\Router->dispatch(Object(Illuminate\\Http\\Request))
#16 C:\\repositorio\\app\\api-proveedores\\vendor\\laravel\\framework\\src\\Illuminate\\Pipeline\\Pipeline.php(169): Illuminate\\Foundation\\Http\\Kernel->Illuminate\\Foundation\\Http\\{closure}(Object(Illuminate\\Http\\Request))
#17 C:\\repositorio\\app\\api-proveedores\\app\\Http\\Middleware\\LogIncomingRequests.php(27): Illuminate\\Pipeline\\Pipeline->Illuminate\\Pipeline\\{closure}(Object(Illuminate\\Http\\Request))
#18 C:\\repositorio\\app\\api-proveedores\\vendor\\laravel\\framework\\src\\Illuminate\\Pipeline\\Pipeline.php(208): App\\Http\\Middleware\\LogIncomingRequests->handle(Object(Illuminate\\Http\\Request), Object(Closure))
#19 C:\\repositorio\\app\\api-proveedores\\vendor\\laravel\\framework\\src\\Illuminate\\Http\\Middleware\\ValidatePostSize.php(27): Illuminate\\Pipeline\\Pipeline->Illuminate\\Pipeline\\{closure}(Object(Illuminate\\Http\\Request))
#20 C:\\repositorio\\app\\api-proveedores\\vendor\\laravel\\framework\\src\\Illuminate\\Pipeline\\Pipeline.php(208): Illuminate\\Http\\Middleware\\ValidatePostSize->handle(Object(Illuminate\\Http\\Request), Object(Closure))
#21 C:\\repositorio\\app\\api-proveedores\\vendor\\laravel\\framework\\src\\Illuminate\\Foundation\\Http\\Middleware\\TransformsRequest.php(21): Illuminate\\Pipeline\\Pipeline->Illuminate\\Pipeline\\{closure}(Object(Illuminate\\Http\\Request))
#22 C:\\repositorio\\app\\api-proveedores\\vendor\\laravel\\framework\\src\\Illuminate\\Foundation\\Http\\Middleware\\ConvertEmptyStringsToNull.php(31): Illuminate\\Foundation\\Http\\Middleware\\TransformsRequest->handle(Object(Illuminate\\Http\\Request), Object(Closure))
#23 C:\\repositorio\\app\\api-proveedores\\vendor\\laravel\\framework\\src\\Illuminate\\Pipeline\\Pipeline.php(208): Illuminate\\Foundation\\Http\\Middleware\\ConvertEmptyStringsToNull->handle(Object(Illuminate\\Http\\Request), Object(Closure))
#24 C:\\repositorio\\app\\api-proveedores\\vendor\\laravel\\framework\\src\\Illuminate\\Foundation\\Http\\Middleware\\TransformsRequest.php(21): Illuminate\\Pipeline\\Pipeline->Illuminate\\Pipeline\\{closure}(Object(Illuminate\\Http\\Request))
#25 C:\\repositorio\\app\\api-proveedores\\vendor\\laravel\\framework\\src\\Illuminate\\Foundation\\Http\\Middleware\\TrimStrings.php(51): Illuminate\\Foundation\\Http\\Middleware\\TransformsRequest->handle(Object(Illuminate\\Http\\Request), Object(Closure))
#26 C:\\repositorio\\app\\api-proveedores\\vendor\\laravel\\framework\\src\\Illuminate\\Pipeline\\Pipeline.php(208): Illuminate\\Foundation\\Http\\Middleware\\TrimStrings->handle(Object(Illuminate\\Http\\Request), Object(Closure))
#27 C:\\repositorio\\app\\api-proveedores\\vendor\\laravel\\framework\\src\\Illuminate\\Http\\Middleware\\ValidatePostSize.php(27): Illuminate\\Pipeline\\Pipeline->Illuminate\\Pipeline\\{closure}(Object(Illuminate\\Http\\Request))
#28 C:\\repositorio\\app\\api-proveedores\\vendor\\laravel\\framework\\src\\Illuminate\\Pipeline\\Pipeline.php(208): Illuminate\\Http\\Middleware\\ValidatePostSize->handle(Object(Illuminate\\Http\\Request), Object(Closure))
#29 C:\\repositorio\\app\\api-proveedores\\vendor\\laravel\\framework\\src\\Illuminate\\Foundation\\Http\\Middleware\\PreventRequestsDuringMaintenance.php(109): Illuminate\\Pipeline\\Pipeline->Illuminate\\Pipeline\\{closure}(Object(Illuminate\\Http\\Request))
#30 C:\\repositorio\\app\\api-proveedores\\vendor\\laravel\\framework\\src\\Illuminate\\Pipeline\\Pipeline.php(208): Illuminate\\Foundation\\Http\\Middleware\\PreventRequestsDuringMaintenance->handle(Object(Illuminate\\Http\\Request), Object(Closure))
#31 C:\\repositorio\\app\\api-proveedores\\vendor\\laravel\\framework\\src\\Illuminate\\Http\\Middleware\\HandleCors.php(61): Illuminate\\Pipeline\\Pipeline->Illuminate\\Pipeline\\{closure}(Object(Illuminate\\Http\\Request))
#32 C:\\repositorio\\app\\api-proveedores\\vendor\\laravel\\framework\\src\\Illuminate\\Pipeline\\Pipeline.php(208): Illuminate\\Http\\Middleware\\HandleCors->handle(Object(Illuminate\\Http\\Request), Object(Closure))
#33 C:\\repositorio\\app\\api-proveedores\\vendor\\laravel\\framework\\src\\Illuminate\\Http\\Middleware\\TrustProxies.php(58): Illuminate\\Pipeline\\Pipeline->Illuminate\\Pipeline\\{closure}(Object(Illuminate\\Http\\Request))
#34 C:\\repositorio\\app\\api-proveedores\\vendor\\laravel\\framework\\src\\Illuminate\\Pipeline\\Pipeline.php(208): Illuminate\\Http\\Middleware\\TrustProxies->handle(Object(Illuminate\\Http\\Request), Object(Closure))
#35 C:\\repositorio\\app\\api-proveedores\\vendor\\laravel\\framework\\src\\Illuminate\\Foundation\\Http\\Middleware\\InvokeDeferredCallbacks.php(22): Illuminate\\Pipeline\\Pipeline->Illuminate\\Pipeline\\{closure}(Object(Illuminate\\Http\\Request))
#36 C:\\repositorio\\app\\api-proveedores\\vendor\\laravel\\framework\\src\\Illuminate\\Pipeline\\Pipeline.php(208): Illuminate\\Foundation\\Http\\Middleware\\InvokeDeferredCallbacks->handle(Object(Illuminate\\Http\\Request), Object(Closure))
#37 C:\\repositorio\\app\\api-proveedores\\vendor\\laravel\\framework\\src\\Illuminate\\Http\\Middleware\\ValidatePathEncoding.php(26): Illuminate\\Pipeline\\Pipeline->Illuminate\\Pipeline\\{closure}(Object(Illuminate\\Http\\Request))
#38 C:\\repositorio\\app\\api-proveedores\\vendor\\laravel\\framework\\src\\Illuminate\\Pipeline\\Pipeline.php(208): Illuminate\\Http\\Middleware\\ValidatePathEncoding->handle(Object(Illuminate\\Http\\Request), Object(Closure))
#39 C:\\repositorio\\app\\api-proveedores\\vendor\\laravel\\framework\\src\\Illuminate\\Pipeline\\Pipeline.php(126): Illuminate\\Pipeline\\Pipeline->Illuminate\\Pipeline\\{closure}(Object(Illuminate\\Http\\Request))
#40 C:\\repositorio\\app\\api-proveedores\\vendor\\laravel\\framework\\src\\Illuminate\\Foundation\\Http\\Kernel.php(175): Illuminate\\Pipeline\\Pipeline->then(Object(Closure))
#41 C:\\repositorio\\app\\api-proveedores\\vendor\\laravel\\framework\\src\\Illuminate\\Foundation\\Http\\Kernel.php(144): Illuminate\\Foundation\\Http\\Kernel->sendRequestThroughRouter(Object(Illuminate\\Http\\Request))
#42 C:\\repositorio\\app\\api-proveedores\\vendor\\laravel\\framework\\src\\Illuminate\\Foundation\\Application.php(1219): Illuminate\\Foundation\\Http\\Kernel->handle(Object(Illuminate\\Http\\Request))
#43 C:\\repositorio\\app\\api-proveedores\\public\\index.php(20): Illuminate\\Foundation\\Application->handleRequest(Object(Illuminate\\Http\\Request))
#44 C:\\repositorio\\app\\api-proveedores\\vendor\\laravel\\framework\\src\\Illuminate\\Foundation\\resources\\server.php(23): require_once('C:\\\\repositorio\\\\...')
#45 {main}
"} 
[2025-10-02 16:57:39] local.INFO: User Action {"action":"request_end","model":"API_Request","model_id":0,"user_id":null,"user_email":null,"ip_address":"::1","user_agent":"Mozilla/5.0 (Windows NT 10.0; Win64; x64) AppleWebKit/537.36 (KHTML, like Gecko) Chrome/140.0.0.0 Safari/537.36","data":{"request_id":"req_68df11736ebe95.80663877","method":"POST","path":"api/auth/login","status_code":500,"execution_time_ms":250.64,"response_size":92,"memory_usage_mb":28.0,"memory_peak_mb":28.0,"user_id":null,"performance_category":"normal","response_headers":{"content_type":"application/json"}},"timestamp":"2025-10-02T23:57:39.704296Z"} 
[2025-10-02 16:57:39] local.ERROR: System Error {"error":"HTTP_500","context":"API_Error","user_id":null,"ip_address":"::1","data":{"request_id":"req_68df11736ebe95.80663877","error_type":"server_error","status_code":500,"method":"POST","path":"api/auth/login","error_data":{"success":false,"message":"Credenciales incorrectas.","error_code":"INTERNAL_SERVER_ERROR"},"user_id":null,"ip_address":"::1","user_agent":"Mozilla/5.0 (Windows NT 10.0; Win64; x64) AppleWebKit/537.36 (KHTML, like Gecko) Chrome/140.0.0.0 Safari/537.36","request_data":{"email":"proveedor@materialesconstruccion.mx","password":"[HIDDEN]"}},"timestamp":"2025-10-02T23:57:39.704811Z"} 
[2025-10-02 16:57:39] local.WARNING: Sensitive Data Change {"model":"Critical_API_Action","model_id":0,"changes":{"request_id":"req_68df11736ebe95.80663877","action_type":"authentication","method":"POST","path":"api/auth/login","status_code":500,"user_id":null,"user_email":null,"ip_address":"::1","request_data":{"email":"proveedor@materialesconstruccion.mx","password":"[HIDDEN]"},"success":false},"user_id":null,"timestamp":"2025-10-02T23:57:39.705130Z"} 
[2025-10-02 16:57:43] local.INFO: User Action {"action":"request_start","model":"API_Request","model_id":0,"user_id":null,"user_email":null,"ip_address":"::1","user_agent":"Mozilla/5.0 (Windows NT 10.0; Win64; x64) AppleWebKit/537.36 (KHTML, like Gecko) Chrome/140.0.0.0 Safari/537.36","data":{"request_id":"req_68df1177b957d0.57983727","method":"POST","path":"api/auth/login","full_url":"http://localhost:8080/api/auth/login","ip_address":"::1","user_agent":"Mozilla/5.0 (Windows NT 10.0; Win64; x64) AppleWebKit/537.36 (KHTML, like Gecko) Chrome/140.0.0.0 Safari/537.36","referer":"http://localhost:4200/","user_id":null,"user_email":null,"headers":{"host":["localhost:8080"],"connection":["keep-alive"],"content-length":["69"],"sec-ch-ua-platform":["\"Windows\""],"user-agent":["Mozilla/5.0 (Windows NT 10.0; Win64; x64) AppleWebKit/537.36 (KHTML, like Gecko) Chrome/140.0.0.0 Safari/537.36"],"accept":["application/json, text/plain, */*"],"sec-ch-ua":["\"Chromium\";v=\"140\", \"Not=A?Brand\";v=\"24\", \"Google Chrome\";v=\"140\""],"content-type":["application/json"],"sec-ch-ua-mobile":["?0"],"access-control-allow-credentials":["true"],"origin":["http://localhost:4200"],"sec-fetch-site":["same-site"],"sec-fetch-mode":["cors"],"sec-fetch-dest":["empty"],"referer":["http://localhost:4200/"],"accept-encoding":["gzip, deflate, br, zstd"],"accept-language":["es-419,es;q=0.9"]},"query_params":[],"request_data":{"email":"proveedor@materialesconstruccion.mx","password":"[HIDDEN]"},"request_size":69,"timestamp":"2025-10-02T23:57:43.761199Z"},"timestamp":"2025-10-02T23:57:43.761519Z"} 
[2025-10-02 16:57:44] local.INFO: User Action {"action":"request_end","model":"API_Request","model_id":0,"user_id":null,"user_email":null,"ip_address":"::1","user_agent":"Mozilla/5.0 (Windows NT 10.0; Win64; x64) AppleWebKit/537.36 (KHTML, like Gecko) Chrome/140.0.0.0 Safari/537.36","data":{"request_id":"req_68df1177b957d0.57983727","method":"POST","path":"api/auth/login","status_code":201,"execution_time_ms":308.83,"response_size":533,"memory_usage_mb":28.0,"memory_peak_mb":28.0,"user_id":null,"performance_category":"normal","response_headers":{"content_type":"application/json"}},"timestamp":"2025-10-02T23:57:44.068054Z"} 
[2025-10-02 16:57:44] local.WARNING: Sensitive Data Change {"model":"Critical_API_Action","model_id":0,"changes":{"request_id":"req_68df1177b957d0.57983727","action_type":"authentication","method":"POST","path":"api/auth/login","status_code":201,"user_id":null,"user_email":null,"ip_address":"::1","request_data":{"email":"proveedor@materialesconstruccion.mx","password":"[HIDDEN]"},"success":true},"user_id":null,"timestamp":"2025-10-02T23:57:44.068260Z"} 
[2025-10-02 16:57:44] local.INFO: User Action {"action":"request_start","model":"API_Request","model_id":0,"user_id":15,"user_email":"proveedor@materialesconstruccion.mx","ip_address":"::1","user_agent":"Mozilla/5.0 (Windows NT 10.0; Win64; x64) AppleWebKit/537.36 (KHTML, like Gecko) Chrome/140.0.0.0 Safari/537.36","data":{"request_id":"req_68df1178599f24.37262124","method":"GET","path":"api/auth/me","full_url":"http://localhost:8080/api/auth/me","ip_address":"::1","user_agent":"Mozilla/5.0 (Windows NT 10.0; Win64; x64) AppleWebKit/537.36 (KHTML, like Gecko) Chrome/140.0.0.0 Safari/537.36","referer":"http://localhost:4200/","user_id":15,"user_email":"proveedor@materialesconstruccion.mx","headers":{"host":["localhost:8080"],"connection":["keep-alive"],"sec-ch-ua-platform":["\"Windows\""],"authorization":"[HIDDEN]","sec-ch-ua":["\"Chromium\";v=\"140\", \"Not=A?Brand\";v=\"24\", \"Google Chrome\";v=\"140\""],"sec-ch-ua-mobile":["?0"],"access-control-allow-credentials":["true"],"user-agent":["Mozilla/5.0 (Windows NT 10.0; Win64; x64) AppleWebKit/537.36 (KHTML, like Gecko) Chrome/140.0.0.0 Safari/537.36"],"accept":["application/json"],"content-type":["application/json"],"origin":["http://localhost:4200"],"sec-fetch-site":["same-site"],"sec-fetch-mode":["cors"],"sec-fetch-dest":["empty"],"referer":["http://localhost:4200/"],"accept-encoding":["gzip, deflate, br, zstd"],"accept-language":["es-419,es;q=0.9"]},"query_params":[],"request_data":[],"request_size":0,"timestamp":"2025-10-02T23:57:44.367209Z"},"timestamp":"2025-10-02T23:57:44.367557Z"} 
[2025-10-02 16:57:44] local.INFO: User Action {"action":"request_end","model":"API_Request","model_id":0,"user_id":15,"user_email":"proveedor@materialesconstruccion.mx","ip_address":"::1","user_agent":"Mozilla/5.0 (Windows NT 10.0; Win64; x64) AppleWebKit/537.36 (KHTML, like Gecko) Chrome/140.0.0.0 Safari/537.36","data":{"request_id":"req_68df1178599f24.37262124","method":"GET","path":"api/auth/me","status_code":200,"execution_time_ms":29.4,"response_size":1979,"memory_usage_mb":28.0,"memory_peak_mb":28.0,"user_id":15,"performance_category":"fast","response_headers":{"content_type":"application/json"}},"timestamp":"2025-10-02T23:57:44.396556Z"} 
[2025-10-02 16:57:45] local.INFO: User Action {"action":"request_start","model":"API_Request","model_id":0,"user_id":15,"user_email":"proveedor@materialesconstruccion.mx","ip_address":"::1","user_agent":"Mozilla/5.0 (Windows NT 10.0; Win64; x64) AppleWebKit/537.36 (KHTML, like Gecko) Chrome/140.0.0.0 Safari/537.36","data":{"request_id":"req_68df1179367fd6.60597930","method":"GET","path":"api/notifications","full_url":"http://localhost:8080/api/notifications","ip_address":"::1","user_agent":"Mozilla/5.0 (Windows NT 10.0; Win64; x64) AppleWebKit/537.36 (KHTML, like Gecko) Chrome/140.0.0.0 Safari/537.36","referer":"http://localhost:4200/","user_id":15,"user_email":"proveedor@materialesconstruccion.mx","headers":{"host":["localhost:8080"],"connection":["keep-alive"],"sec-ch-ua-platform":["\"Windows\""],"authorization":"[HIDDEN]","sec-ch-ua":["\"Chromium\";v=\"140\", \"Not=A?Brand\";v=\"24\", \"Google Chrome\";v=\"140\""],"sec-ch-ua-mobile":["?0"],"access-control-allow-credentials":["true"],"user-agent":["Mozilla/5.0 (Windows NT 10.0; Win64; x64) AppleWebKit/537.36 (KHTML, like Gecko) Chrome/140.0.0.0 Safari/537.36"],"accept":["application/json, text/plain, */*"],"content-type":["application/json"],"origin":["http://localhost:4200"],"sec-fetch-site":["same-site"],"sec-fetch-mode":["cors"],"sec-fetch-dest":["empty"],"referer":["http://localhost:4200/"],"accept-encoding":["gzip, deflate, br, zstd"],"accept-language":["es-419,es;q=0.9"]},"query_params":[],"request_data":[],"request_size":0,"timestamp":"2025-10-02T23:57:45.223349Z"},"timestamp":"2025-10-02T23:57:45.223688Z"} 
[2025-10-02 16:57:45] local.INFO: User Action {"action":"request_end","model":"API_Request","model_id":0,"user_id":15,"user_email":"proveedor@materialesconstruccion.mx","ip_address":"::1","user_agent":"Mozilla/5.0 (Windows NT 10.0; Win64; x64) AppleWebKit/537.36 (KHTML, like Gecko) Chrome/140.0.0.0 Safari/537.36","data":{"request_id":"req_68df1179367fd6.60597930","method":"GET","path":"api/notifications","status_code":200,"execution_time_ms":26.58,"response_size":558,"memory_usage_mb":26.0,"memory_peak_mb":26.0,"user_id":15,"performance_category":"fast","response_headers":{"content_type":"application/json"}},"timestamp":"2025-10-02T23:57:45.249885Z"} 
[2025-10-02 16:57:45] local.INFO: User Action {"action":"request_start","model":"API_Request","model_id":0,"user_id":15,"user_email":"proveedor@materialesconstruccion.mx","ip_address":"::1","user_agent":"Mozilla/5.0 (Windows NT 10.0; Win64; x64) AppleWebKit/537.36 (KHTML, like Gecko) Chrome/140.0.0.0 Safari/537.36","data":{"request_id":"req_68df117965eb71.79918049","method":"GET","path":"api/proveedores/user/15","full_url":"http://localhost:8080/api/proveedores/user/15","ip_address":"::1","user_agent":"Mozilla/5.0 (Windows NT 10.0; Win64; x64) AppleWebKit/537.36 (KHTML, like Gecko) Chrome/140.0.0.0 Safari/537.36","referer":"http://localhost:4200/","user_id":15,"user_email":"proveedor@materialesconstruccion.mx","headers":{"host":["localhost:8080"],"connection":["keep-alive"],"sec-ch-ua-platform":["\"Windows\""],"authorization":"[HIDDEN]","sec-ch-ua":["\"Chromium\";v=\"140\", \"Not=A?Brand\";v=\"24\", \"Google Chrome\";v=\"140\""],"sec-ch-ua-mobile":["?0"],"access-control-allow-credentials":["true"],"user-agent":["Mozilla/5.0 (Windows NT 10.0; Win64; x64) AppleWebKit/537.36 (KHTML, like Gecko) Chrome/140.0.0.0 Safari/537.36"],"accept":["application/json, text/plain, */*"],"content-type":["application/json"],"origin":["http://localhost:4200"],"sec-fetch-site":["same-site"],"sec-fetch-mode":["cors"],"sec-fetch-dest":["empty"],"referer":["http://localhost:4200/"],"accept-encoding":["gzip, deflate, br, zstd"],"accept-language":["es-419,es;q=0.9"]},"query_params":[],"request_data":[],"request_size":0,"timestamp":"2025-10-02T23:57:45.417556Z"},"timestamp":"2025-10-02T23:57:45.417905Z"} 
[2025-10-02 16:57:45] local.INFO: User Action {"action":"request_end","model":"API_Request","model_id":0,"user_id":15,"user_email":"proveedor@materialesconstruccion.mx","ip_address":"::1","user_agent":"Mozilla/5.0 (Windows NT 10.0; Win64; x64) AppleWebKit/537.36 (KHTML, like Gecko) Chrome/140.0.0.0 Safari/537.36","data":{"request_id":"req_68df117965eb71.79918049","method":"GET","path":"api/proveedores/user/15","status_code":200,"execution_time_ms":34.88,"response_size":1566,"memory_usage_mb":28.0,"memory_peak_mb":28.0,"user_id":15,"performance_category":"fast","response_headers":{"content_type":"application/json"}},"timestamp":"2025-10-02T23:57:45.452417Z"} 
[2025-10-02 16:57:45] local.INFO: User Action {"action":"request_start","model":"API_Request","model_id":0,"user_id":15,"user_email":"proveedor@materialesconstruccion.mx","ip_address":"::1","user_agent":"Mozilla/5.0 (Windows NT 10.0; Win64; x64) AppleWebKit/537.36 (KHTML, like Gecko) Chrome/140.0.0.0 Safari/537.36","data":{"request_id":"req_68df11798f6c91.46064984","method":"GET","path":"api/auth/me","full_url":"http://localhost:8080/api/auth/me","ip_address":"::1","user_agent":"Mozilla/5.0 (Windows NT 10.0; Win64; x64) AppleWebKit/537.36 (KHTML, like Gecko) Chrome/140.0.0.0 Safari/537.36","referer":"http://localhost:4200/","user_id":15,"user_email":"proveedor@materialesconstruccion.mx","headers":{"host":["localhost:8080"],"connection":["keep-alive"],"sec-ch-ua-platform":["\"Windows\""],"authorization":"[HIDDEN]","sec-ch-ua":["\"Chromium\";v=\"140\", \"Not=A?Brand\";v=\"24\", \"Google Chrome\";v=\"140\""],"sec-ch-ua-mobile":["?0"],"access-control-allow-credentials":["true"],"user-agent":["Mozilla/5.0 (Windows NT 10.0; Win64; x64) AppleWebKit/537.36 (KHTML, like Gecko) Chrome/140.0.0.0 Safari/537.36"],"accept":["application/json"],"content-type":["application/json"],"origin":["http://localhost:4200"],"sec-fetch-site":["same-site"],"sec-fetch-mode":["cors"],"sec-fetch-dest":["empty"],"referer":["http://localhost:4200/"],"accept-encoding":["gzip, deflate, br, zstd"],"accept-language":["es-419,es;q=0.9"]},"query_params":[],"request_data":[],"request_size":0,"timestamp":"2025-10-02T23:57:45.587607Z"},"timestamp":"2025-10-02T23:57:45.587984Z"} 
[2025-10-02 16:57:45] local.INFO: User Action {"action":"request_end","model":"API_Request","model_id":0,"user_id":15,"user_email":"proveedor@materialesconstruccion.mx","ip_address":"::1","user_agent":"Mozilla/5.0 (Windows NT 10.0; Win64; x64) AppleWebKit/537.36 (KHTML, like Gecko) Chrome/140.0.0.0 Safari/537.36","data":{"request_id":"req_68df11798f6c91.46064984","method":"GET","path":"api/auth/me","status_code":200,"execution_time_ms":12.1,"response_size":1979,"memory_usage_mb":28.0,"memory_peak_mb":28.0,"user_id":15,"performance_category":"fast","response_headers":{"content_type":"application/json"}},"timestamp":"2025-10-02T23:57:45.599637Z"} 
[2025-10-02 16:57:46] local.INFO: User Action {"action":"request_start","model":"API_Request","model_id":0,"user_id":15,"user_email":"proveedor@materialesconstruccion.mx","ip_address":"::1","user_agent":"Mozilla/5.0 (Windows NT 10.0; Win64; x64) AppleWebKit/537.36 (KHTML, like Gecko) Chrome/140.0.0.0 Safari/537.36","data":{"request_id":"req_68df117a3c46b2.91281471","method":"GET","path":"api/proveedores/4/solicitudes-pago","full_url":"http://localhost:8080/api/proveedores/4/solicitudes-pago?estado_solicitud=pendiente&order=desc&per_page=15&sort_by=fecha_registro_pendiente","ip_address":"::1","user_agent":"Mozilla/5.0 (Windows NT 10.0; Win64; x64) AppleWebKit/537.36 (KHTML, like Gecko) Chrome/140.0.0.0 Safari/537.36","referer":"http://localhost:4200/","user_id":15,"user_email":"proveedor@materialesconstruccion.mx","headers":{"host":["localhost:8080"],"connection":["keep-alive"],"sec-ch-ua-platform":["\"Windows\""],"authorization":"[HIDDEN]","sec-ch-ua":["\"Chromium\";v=\"140\", \"Not=A?Brand\";v=\"24\", \"Google Chrome\";v=\"140\""],"sec-ch-ua-mobile":["?0"],"access-control-allow-credentials":["true"],"user-agent":["Mozilla/5.0 (Windows NT 10.0; Win64; x64) AppleWebKit/537.36 (KHTML, like Gecko) Chrome/140.0.0.0 Safari/537.36"],"accept":["application/json, text/plain, */*"],"content-type":["application/json"],"origin":["http://localhost:4200"],"sec-fetch-site":["same-site"],"sec-fetch-mode":["cors"],"sec-fetch-dest":["empty"],"referer":["http://localhost:4200/"],"accept-encoding":["gzip, deflate, br, zstd"],"accept-language":["es-419,es;q=0.9"]},"query_params":{"estado_solicitud":"pendiente","per_page":"15","sort_by":"fecha_registro_pendiente","order":"desc"},"request_data":{"_proveedor_id":4,"_user_proveedor_relation":"PRINCIPAL","estado_solicitud":"pendiente","per_page":"15","sort_by":"fecha_registro_pendiente","order":"desc"},"request_size":0,"timestamp":"2025-10-02T23:57:46.247046Z"},"timestamp":"2025-10-02T23:57:46.247528Z"} 
[2025-10-02 16:57:46] local.INFO: User Action {"action":"request_end","model":"API_Request","model_id":0,"user_id":15,"user_email":"proveedor@materialesconstruccion.mx","ip_address":"::1","user_agent":"Mozilla/5.0 (Windows NT 10.0; Win64; x64) AppleWebKit/537.36 (KHTML, like Gecko) Chrome/140.0.0.0 Safari/537.36","data":{"request_id":"req_68df117a3c46b2.91281471","method":"GET","path":"api/proveedores/4/solicitudes-pago","status_code":200,"execution_time_ms":16.0,"response_size":9744,"memory_usage_mb":28.0,"memory_peak_mb":28.0,"user_id":15,"performance_category":"fast","response_headers":{"content_type":"application/json"}},"timestamp":"2025-10-02T23:57:46.262966Z"} 
[2025-10-02 16:58:20] local.INFO: User Action {"action":"request_start","model":"API_Request","model_id":0,"user_id":15,"user_email":"proveedor@materialesconstruccion.mx","ip_address":"::1","user_agent":"Mozilla/5.0 (Windows NT 10.0; Win64; x64) AppleWebKit/537.36 (KHTML, like Gecko) Chrome/140.0.0.0 Safari/537.36","data":{"request_id":"req_68df119c8a0547.68390024","method":"GET","path":"api/auth/me","full_url":"http://localhost:8080/api/auth/me","ip_address":"::1","user_agent":"Mozilla/5.0 (Windows NT 10.0; Win64; x64) AppleWebKit/537.36 (KHTML, like Gecko) Chrome/140.0.0.0 Safari/537.36","referer":"http://localhost:4200/","user_id":15,"user_email":"proveedor@materialesconstruccion.mx","headers":{"host":["localhost:8080"],"connection":["keep-alive"],"sec-ch-ua-platform":["\"Windows\""],"authorization":"[HIDDEN]","sec-ch-ua":["\"Chromium\";v=\"140\", \"Not=A?Brand\";v=\"24\", \"Google Chrome\";v=\"140\""],"sec-ch-ua-mobile":["?0"],"access-control-allow-credentials":["true"],"user-agent":["Mozilla/5.0 (Windows NT 10.0; Win64; x64) AppleWebKit/537.36 (KHTML, like Gecko) Chrome/140.0.0.0 Safari/537.36"],"accept":["application/json"],"content-type":["application/json"],"origin":["http://localhost:4200"],"sec-fetch-site":["same-site"],"sec-fetch-mode":["cors"],"sec-fetch-dest":["empty"],"referer":["http://localhost:4200/"],"accept-encoding":["gzip, deflate, br, zstd"],"accept-language":["es-419,es;q=0.9"]},"query_params":[],"request_data":[],"request_size":0,"timestamp":"2025-10-02T23:58:20.565455Z"},"timestamp":"2025-10-02T23:58:20.566060Z"} 
[2025-10-02 16:58:20] local.INFO: User Action {"action":"request_end","model":"API_Request","model_id":0,"user_id":15,"user_email":"proveedor@materialesconstruccion.mx","ip_address":"::1","user_agent":"Mozilla/5.0 (Windows NT 10.0; Win64; x64) AppleWebKit/537.36 (KHTML, like Gecko) Chrome/140.0.0.0 Safari/537.36","data":{"request_id":"req_68df119c8a0547.68390024","method":"GET","path":"api/auth/me","status_code":200,"execution_time_ms":11.4,"response_size":1979,"memory_usage_mb":28.0,"memory_peak_mb":28.0,"user_id":15,"performance_category":"fast","response_headers":{"content_type":"application/json"}},"timestamp":"2025-10-02T23:58:20.576801Z"} 
[2025-10-02 16:58:21] local.INFO: User Action {"action":"request_start","model":"API_Request","model_id":0,"user_id":15,"user_email":"proveedor@materialesconstruccion.mx","ip_address":"::1","user_agent":"Mozilla/5.0 (Windows NT 10.0; Win64; x64) AppleWebKit/537.36 (KHTML, like Gecko) Chrome/140.0.0.0 Safari/537.36","data":{"request_id":"req_68df119d31bcb6.89792741","method":"GET","path":"api/notifications","full_url":"http://localhost:8080/api/notifications","ip_address":"::1","user_agent":"Mozilla/5.0 (Windows NT 10.0; Win64; x64) AppleWebKit/537.36 (KHTML, like Gecko) Chrome/140.0.0.0 Safari/537.36","referer":"http://localhost:4200/","user_id":15,"user_email":"proveedor@materialesconstruccion.mx","headers":{"host":["localhost:8080"],"connection":["keep-alive"],"sec-ch-ua-platform":["\"Windows\""],"authorization":"[HIDDEN]","sec-ch-ua":["\"Chromium\";v=\"140\", \"Not=A?Brand\";v=\"24\", \"Google Chrome\";v=\"140\""],"sec-ch-ua-mobile":["?0"],"access-control-allow-credentials":["true"],"user-agent":["Mozilla/5.0 (Windows NT 10.0; Win64; x64) AppleWebKit/537.36 (KHTML, like Gecko) Chrome/140.0.0.0 Safari/537.36"],"accept":["application/json, text/plain, */*"],"content-type":["application/json"],"origin":["http://localhost:4200"],"sec-fetch-site":["same-site"],"sec-fetch-mode":["cors"],"sec-fetch-dest":["empty"],"referer":["http://localhost:4200/"],"accept-encoding":["gzip, deflate, br, zstd"],"accept-language":["es-419,es;q=0.9"]},"query_params":[],"request_data":[],"request_size":0,"timestamp":"2025-10-02T23:58:21.203840Z"},"timestamp":"2025-10-02T23:58:21.204202Z"} 
[2025-10-02 16:58:21] local.INFO: User Action {"action":"request_end","model":"API_Request","model_id":0,"user_id":15,"user_email":"proveedor@materialesconstruccion.mx","ip_address":"::1","user_agent":"Mozilla/5.0 (Windows NT 10.0; Win64; x64) AppleWebKit/537.36 (KHTML, like Gecko) Chrome/140.0.0.0 Safari/537.36","data":{"request_id":"req_68df119d31bcb6.89792741","method":"GET","path":"api/notifications","status_code":200,"execution_time_ms":8.02,"response_size":558,"memory_usage_mb":26.0,"memory_peak_mb":26.0,"user_id":15,"performance_category":"fast","response_headers":{"content_type":"application/json"}},"timestamp":"2025-10-02T23:58:21.211823Z"} 
[2025-10-02 16:58:21] local.INFO: User Action {"action":"request_start","model":"API_Request","model_id":0,"user_id":15,"user_email":"proveedor@materialesconstruccion.mx","ip_address":"::1","user_agent":"Mozilla/5.0 (Windows NT 10.0; Win64; x64) AppleWebKit/537.36 (KHTML, like Gecko) Chrome/140.0.0.0 Safari/537.36","data":{"request_id":"req_68df119d588f85.80554310","method":"GET","path":"api/proveedores/user/15","full_url":"http://localhost:8080/api/proveedores/user/15","ip_address":"::1","user_agent":"Mozilla/5.0 (Windows NT 10.0; Win64; x64) AppleWebKit/537.36 (KHTML, like Gecko) Chrome/140.0.0.0 Safari/537.36","referer":"http://localhost:4200/","user_id":15,"user_email":"proveedor@materialesconstruccion.mx","headers":{"host":["localhost:8080"],"connection":["keep-alive"],"sec-ch-ua-platform":["\"Windows\""],"authorization":"[HIDDEN]","sec-ch-ua":["\"Chromium\";v=\"140\", \"Not=A?Brand\";v=\"24\", \"Google Chrome\";v=\"140\""],"sec-ch-ua-mobile":["?0"],"access-control-allow-credentials":["true"],"user-agent":["Mozilla/5.0 (Windows NT 10.0; Win64; x64) AppleWebKit/537.36 (KHTML, like Gecko) Chrome/140.0.0.0 Safari/537.36"],"accept":["application/json, text/plain, */*"],"content-type":["application/json"],"origin":["http://localhost:4200"],"sec-fetch-site":["same-site"],"sec-fetch-mode":["cors"],"sec-fetch-dest":["empty"],"referer":["http://localhost:4200/"],"accept-encoding":["gzip, deflate, br, zstd"],"accept-language":["es-419,es;q=0.9"]},"query_params":[],"request_data":[],"request_size":0,"timestamp":"2025-10-02T23:58:21.362850Z"},"timestamp":"2025-10-02T23:58:21.363267Z"} 
[2025-10-02 16:58:21] local.INFO: User Action {"action":"request_end","model":"API_Request","model_id":0,"user_id":15,"user_email":"proveedor@materialesconstruccion.mx","ip_address":"::1","user_agent":"Mozilla/5.0 (Windows NT 10.0; Win64; x64) AppleWebKit/537.36 (KHTML, like Gecko) Chrome/140.0.0.0 Safari/537.36","data":{"request_id":"req_68df119d588f85.80554310","method":"GET","path":"api/proveedores/user/15","status_code":200,"execution_time_ms":12.99,"response_size":1566,"memory_usage_mb":28.0,"memory_peak_mb":28.0,"user_id":15,"performance_category":"fast","response_headers":{"content_type":"application/json"}},"timestamp":"2025-10-02T23:58:21.375817Z"} 
[2025-10-02 16:58:21] local.INFO: User Action {"action":"request_start","model":"API_Request","model_id":0,"user_id":15,"user_email":"proveedor@materialesconstruccion.mx","ip_address":"::1","user_agent":"Mozilla/5.0 (Windows NT 10.0; Win64; x64) AppleWebKit/537.36 (KHTML, like Gecko) Chrome/140.0.0.0 Safari/537.36","data":{"request_id":"req_68df119d98c596.61797441","method":"GET","path":"api/auth/me","full_url":"http://localhost:8080/api/auth/me","ip_address":"::1","user_agent":"Mozilla/5.0 (Windows NT 10.0; Win64; x64) AppleWebKit/537.36 (KHTML, like Gecko) Chrome/140.0.0.0 Safari/537.36","referer":"http://localhost:4200/","user_id":15,"user_email":"proveedor@materialesconstruccion.mx","headers":{"host":["localhost:8080"],"connection":["keep-alive"],"sec-ch-ua-platform":["\"Windows\""],"authorization":"[HIDDEN]","sec-ch-ua":["\"Chromium\";v=\"140\", \"Not=A?Brand\";v=\"24\", \"Google Chrome\";v=\"140\""],"sec-ch-ua-mobile":["?0"],"access-control-allow-credentials":["true"],"user-agent":["Mozilla/5.0 (Windows NT 10.0; Win64; x64) AppleWebKit/537.36 (KHTML, like Gecko) Chrome/140.0.0.0 Safari/537.36"],"accept":["application/json"],"content-type":["application/json"],"origin":["http://localhost:4200"],"sec-fetch-site":["same-site"],"sec-fetch-mode":["cors"],"sec-fetch-dest":["empty"],"referer":["http://localhost:4200/"],"accept-encoding":["gzip, deflate, br, zstd"],"accept-language":["es-419,es;q=0.9"]},"query_params":[],"request_data":[],"request_size":0,"timestamp":"2025-10-02T23:58:21.625859Z"},"timestamp":"2025-10-02T23:58:21.626217Z"} 
[2025-10-02 16:58:21] local.INFO: User Action {"action":"request_end","model":"API_Request","model_id":0,"user_id":15,"user_email":"proveedor@materialesconstruccion.mx","ip_address":"::1","user_agent":"Mozilla/5.0 (Windows NT 10.0; Win64; x64) AppleWebKit/537.36 (KHTML, like Gecko) Chrome/140.0.0.0 Safari/537.36","data":{"request_id":"req_68df119d98c596.61797441","method":"GET","path":"api/auth/me","status_code":200,"execution_time_ms":10.37,"response_size":1979,"memory_usage_mb":28.0,"memory_peak_mb":28.0,"user_id":15,"performance_category":"fast","response_headers":{"content_type":"application/json"}},"timestamp":"2025-10-02T23:58:21.636189Z"} 
[2025-10-02 16:58:22] local.INFO: User Action {"action":"request_start","model":"API_Request","model_id":0,"user_id":15,"user_email":"proveedor@materialesconstruccion.mx","ip_address":"::1","user_agent":"Mozilla/5.0 (Windows NT 10.0; Win64; x64) AppleWebKit/537.36 (KHTML, like Gecko) Chrome/140.0.0.0 Safari/537.36","data":{"request_id":"req_68df119e00a519.75684687","method":"GET","path":"api/proveedores/4/solicitudes-pago","full_url":"http://localhost:8080/api/proveedores/4/solicitudes-pago?estado_solicitud=pendiente&order=desc&per_page=15&sort_by=fecha_registro_pendiente","ip_address":"::1","user_agent":"Mozilla/5.0 (Windows NT 10.0; Win64; x64) AppleWebKit/537.36 (KHTML, like Gecko) Chrome/140.0.0.0 Safari/537.36","referer":"http://localhost:4200/","user_id":15,"user_email":"proveedor@materialesconstruccion.mx","headers":{"host":["localhost:8080"],"connection":["keep-alive"],"sec-ch-ua-platform":["\"Windows\""],"authorization":"[HIDDEN]","sec-ch-ua":["\"Chromium\";v=\"140\", \"Not=A?Brand\";v=\"24\", \"Google Chrome\";v=\"140\""],"sec-ch-ua-mobile":["?0"],"access-control-allow-credentials":["true"],"user-agent":["Mozilla/5.0 (Windows NT 10.0; Win64; x64) AppleWebKit/537.36 (KHTML, like Gecko) Chrome/140.0.0.0 Safari/537.36"],"accept":["application/json, text/plain, */*"],"content-type":["application/json"],"origin":["http://localhost:4200"],"sec-fetch-site":["same-site"],"sec-fetch-mode":["cors"],"sec-fetch-dest":["empty"],"referer":["http://localhost:4200/"],"accept-encoding":["gzip, deflate, br, zstd"],"accept-language":["es-419,es;q=0.9"]},"query_params":{"estado_solicitud":"pendiente","per_page":"15","sort_by":"fecha_registro_pendiente","order":"desc"},"request_data":{"_proveedor_id":4,"_user_proveedor_relation":"PRINCIPAL","estado_solicitud":"pendiente","per_page":"15","sort_by":"fecha_registro_pendiente","order":"desc"},"request_size":0,"timestamp":"2025-10-02T23:58:22.002736Z"},"timestamp":"2025-10-02T23:58:22.003105Z"} 
[2025-10-02 16:58:22] local.INFO: User Action {"action":"request_end","model":"API_Request","model_id":0,"user_id":15,"user_email":"proveedor@materialesconstruccion.mx","ip_address":"::1","user_agent":"Mozilla/5.0 (Windows NT 10.0; Win64; x64) AppleWebKit/537.36 (KHTML, like Gecko) Chrome/140.0.0.0 Safari/537.36","data":{"request_id":"req_68df119e00a519.75684687","method":"GET","path":"api/proveedores/4/solicitudes-pago","status_code":200,"execution_time_ms":12.85,"response_size":9744,"memory_usage_mb":28.0,"memory_peak_mb":28.0,"user_id":15,"performance_category":"fast","response_headers":{"content_type":"application/json"}},"timestamp":"2025-10-02T23:58:22.015580Z"} 
[2025-10-02 16:58:25] local.INFO: User Action {"action":"request_start","model":"API_Request","model_id":0,"user_id":15,"user_email":"proveedor@materialesconstruccion.mx","ip_address":"::1","user_agent":"Mozilla/5.0 (Windows NT 10.0; Win64; x64) AppleWebKit/537.36 (KHTML, like Gecko) Chrome/140.0.0.0 Safari/537.36","data":{"request_id":"req_68df11a1803c86.04272022","method":"GET","path":"api/auth/me","full_url":"http://localhost:8080/api/auth/me","ip_address":"::1","user_agent":"Mozilla/5.0 (Windows NT 10.0; Win64; x64) AppleWebKit/537.36 (KHTML, like Gecko) Chrome/140.0.0.0 Safari/537.36","referer":"http://localhost:4200/","user_id":15,"user_email":"proveedor@materialesconstruccion.mx","headers":{"host":["localhost:8080"],"connection":["keep-alive"],"sec-ch-ua-platform":["\"Windows\""],"authorization":"[HIDDEN]","sec-ch-ua":["\"Chromium\";v=\"140\", \"Not=A?Brand\";v=\"24\", \"Google Chrome\";v=\"140\""],"sec-ch-ua-mobile":["?0"],"access-control-allow-credentials":["true"],"user-agent":["Mozilla/5.0 (Windows NT 10.0; Win64; x64) AppleWebKit/537.36 (KHTML, like Gecko) Chrome/140.0.0.0 Safari/537.36"],"accept":["application/json"],"content-type":["application/json"],"origin":["http://localhost:4200"],"sec-fetch-site":["same-site"],"sec-fetch-mode":["cors"],"sec-fetch-dest":["empty"],"referer":["http://localhost:4200/"],"accept-encoding":["gzip, deflate, br, zstd"],"accept-language":["es-419,es;q=0.9"]},"query_params":[],"request_data":[],"request_size":0,"timestamp":"2025-10-02T23:58:25.525390Z"},"timestamp":"2025-10-02T23:58:25.525797Z"} 
[2025-10-02 16:58:25] local.INFO: User Action {"action":"request_end","model":"API_Request","model_id":0,"user_id":15,"user_email":"proveedor@materialesconstruccion.mx","ip_address":"::1","user_agent":"Mozilla/5.0 (Windows NT 10.0; Win64; x64) AppleWebKit/537.36 (KHTML, like Gecko) Chrome/140.0.0.0 Safari/537.36","data":{"request_id":"req_68df11a1803c86.04272022","method":"GET","path":"api/auth/me","status_code":200,"execution_time_ms":13.17,"response_size":1979,"memory_usage_mb":28.0,"memory_peak_mb":28.0,"user_id":15,"performance_category":"fast","response_headers":{"content_type":"application/json"}},"timestamp":"2025-10-02T23:58:25.538500Z"} 
[2025-10-02 16:58:25] local.INFO: User Action {"action":"request_start","model":"API_Request","model_id":0,"user_id":15,"user_email":"proveedor@materialesconstruccion.mx","ip_address":"::1","user_agent":"Mozilla/5.0 (Windows NT 10.0; Win64; x64) AppleWebKit/537.36 (KHTML, like Gecko) Chrome/140.0.0.0 Safari/537.36","data":{"request_id":"req_68df11a1da8c49.59002932","method":"GET","path":"api/auth/me","full_url":"http://localhost:8080/api/auth/me","ip_address":"::1","user_agent":"Mozilla/5.0 (Windows NT 10.0; Win64; x64) AppleWebKit/537.36 (KHTML, like Gecko) Chrome/140.0.0.0 Safari/537.36","referer":"http://localhost:4200/","user_id":15,"user_email":"proveedor@materialesconstruccion.mx","headers":{"host":["localhost:8080"],"connection":["keep-alive"],"sec-ch-ua-platform":["\"Windows\""],"authorization":"[HIDDEN]","sec-ch-ua":["\"Chromium\";v=\"140\", \"Not=A?Brand\";v=\"24\", \"Google Chrome\";v=\"140\""],"sec-ch-ua-mobile":["?0"],"access-control-allow-credentials":["true"],"user-agent":["Mozilla/5.0 (Windows NT 10.0; Win64; x64) AppleWebKit/537.36 (KHTML, like Gecko) Chrome/140.0.0.0 Safari/537.36"],"accept":["application/json"],"content-type":["application/json"],"origin":["http://localhost:4200"],"sec-fetch-site":["same-site"],"sec-fetch-mode":["cors"],"sec-fetch-dest":["empty"],"referer":["http://localhost:4200/"],"accept-encoding":["gzip, deflate, br, zstd"],"accept-language":["es-419,es;q=0.9"]},"query_params":[],"request_data":[],"request_size":0,"timestamp":"2025-10-02T23:58:25.895324Z"},"timestamp":"2025-10-02T23:58:25.895740Z"} 
[2025-10-02 16:58:25] local.INFO: User Action {"action":"request_end","model":"API_Request","model_id":0,"user_id":15,"user_email":"proveedor@materialesconstruccion.mx","ip_address":"::1","user_agent":"Mozilla/5.0 (Windows NT 10.0; Win64; x64) AppleWebKit/537.36 (KHTML, like Gecko) Chrome/140.0.0.0 Safari/537.36","data":{"request_id":"req_68df11a1da8c49.59002932","method":"GET","path":"api/auth/me","status_code":200,"execution_time_ms":12.58,"response_size":1979,"memory_usage_mb":28.0,"memory_peak_mb":28.0,"user_id":15,"performance_category":"fast","response_headers":{"content_type":"application/json"}},"timestamp":"2025-10-02T23:58:25.907839Z"} 
[2025-10-02 16:58:26] local.INFO: User Action {"action":"request_start","model":"API_Request","model_id":0,"user_id":15,"user_email":"proveedor@materialesconstruccion.mx","ip_address":"::1","user_agent":"Mozilla/5.0 (Windows NT 10.0; Win64; x64) AppleWebKit/537.36 (KHTML, like Gecko) Chrome/140.0.0.0 Safari/537.36","data":{"request_id":"req_68df11a262ab84.85720600","method":"GET","path":"api/notifications","full_url":"http://localhost:8080/api/notifications","ip_address":"::1","user_agent":"Mozilla/5.0 (Windows NT 10.0; Win64; x64) AppleWebKit/537.36 (KHTML, like Gecko) Chrome/140.0.0.0 Safari/537.36","referer":"http://localhost:4200/","user_id":15,"user_email":"proveedor@materialesconstruccion.mx","headers":{"host":["localhost:8080"],"connection":["keep-alive"],"sec-ch-ua-platform":["\"Windows\""],"authorization":"[HIDDEN]","sec-ch-ua":["\"Chromium\";v=\"140\", \"Not=A?Brand\";v=\"24\", \"Google Chrome\";v=\"140\""],"sec-ch-ua-mobile":["?0"],"access-control-allow-credentials":["true"],"user-agent":["Mozilla/5.0 (Windows NT 10.0; Win64; x64) AppleWebKit/537.36 (KHTML, like Gecko) Chrome/140.0.0.0 Safari/537.36"],"accept":["application/json, text/plain, */*"],"content-type":["application/json"],"origin":["http://localhost:4200"],"sec-fetch-site":["same-site"],"sec-fetch-mode":["cors"],"sec-fetch-dest":["empty"],"referer":["http://localhost:4200/"],"accept-encoding":["gzip, deflate, br, zstd"],"accept-language":["es-419,es;q=0.9"]},"query_params":[],"request_data":[],"request_size":0,"timestamp":"2025-10-02T23:58:26.404382Z"},"timestamp":"2025-10-02T23:58:26.405077Z"} 
[2025-10-02 16:58:26] local.INFO: User Action {"action":"request_end","model":"API_Request","model_id":0,"user_id":15,"user_email":"proveedor@materialesconstruccion.mx","ip_address":"::1","user_agent":"Mozilla/5.0 (Windows NT 10.0; Win64; x64) AppleWebKit/537.36 (KHTML, like Gecko) Chrome/140.0.0.0 Safari/537.36","data":{"request_id":"req_68df11a262ab84.85720600","method":"GET","path":"api/notifications","status_code":200,"execution_time_ms":9.45,"response_size":558,"memory_usage_mb":26.0,"memory_peak_mb":26.0,"user_id":15,"performance_category":"fast","response_headers":{"content_type":"application/json"}},"timestamp":"2025-10-02T23:58:26.413692Z"} 
[2025-10-02 16:58:26] local.INFO: User Action {"action":"request_start","model":"API_Request","model_id":0,"user_id":15,"user_email":"proveedor@materialesconstruccion.mx","ip_address":"::1","user_agent":"Mozilla/5.0 (Windows NT 10.0; Win64; x64) AppleWebKit/537.36 (KHTML, like Gecko) Chrome/140.0.0.0 Safari/537.36","data":{"request_id":"req_68df11a2a972c9.23245537","method":"GET","path":"api/proveedores/user/15","full_url":"http://localhost:8080/api/proveedores/user/15","ip_address":"::1","user_agent":"Mozilla/5.0 (Windows NT 10.0; Win64; x64) AppleWebKit/537.36 (KHTML, like Gecko) Chrome/140.0.0.0 Safari/537.36","referer":"http://localhost:4200/","user_id":15,"user_email":"proveedor@materialesconstruccion.mx","headers":{"host":["localhost:8080"],"connection":["keep-alive"],"sec-ch-ua-platform":["\"Windows\""],"authorization":"[HIDDEN]","sec-ch-ua":["\"Chromium\";v=\"140\", \"Not=A?Brand\";v=\"24\", \"Google Chrome\";v=\"140\""],"sec-ch-ua-mobile":["?0"],"access-control-allow-credentials":["true"],"user-agent":["Mozilla/5.0 (Windows NT 10.0; Win64; x64) AppleWebKit/537.36 (KHTML, like Gecko) Chrome/140.0.0.0 Safari/537.36"],"accept":["application/json, text/plain, */*"],"content-type":["application/json"],"origin":["http://localhost:4200"],"sec-fetch-site":["same-site"],"sec-fetch-mode":["cors"],"sec-fetch-dest":["empty"],"referer":["http://localhost:4200/"],"accept-encoding":["gzip, deflate, br, zstd"],"accept-language":["es-419,es;q=0.9"]},"query_params":[],"request_data":[],"request_size":0,"timestamp":"2025-10-02T23:58:26.694156Z"},"timestamp":"2025-10-02T23:58:26.694555Z"} 
[2025-10-02 16:58:26] local.INFO: User Action {"action":"request_end","model":"API_Request","model_id":0,"user_id":15,"user_email":"proveedor@materialesconstruccion.mx","ip_address":"::1","user_agent":"Mozilla/5.0 (Windows NT 10.0; Win64; x64) AppleWebKit/537.36 (KHTML, like Gecko) Chrome/140.0.0.0 Safari/537.36","data":{"request_id":"req_68df11a2a972c9.23245537","method":"GET","path":"api/proveedores/user/15","status_code":200,"execution_time_ms":12.23,"response_size":1566,"memory_usage_mb":28.0,"memory_peak_mb":28.0,"user_id":15,"performance_category":"fast","response_headers":{"content_type":"application/json"}},"timestamp":"2025-10-02T23:58:26.706360Z"} 
[2025-10-02 16:58:26] local.INFO: User Action {"action":"request_start","model":"API_Request","model_id":0,"user_id":15,"user_email":"proveedor@materialesconstruccion.mx","ip_address":"::1","user_agent":"Mozilla/5.0 (Windows NT 10.0; Win64; x64) AppleWebKit/537.36 (KHTML, like Gecko) Chrome/140.0.0.0 Safari/537.36","data":{"request_id":"req_68df11a2ca3d93.46529242","method":"GET","path":"api/auth/me","full_url":"http://localhost:8080/api/auth/me","ip_address":"::1","user_agent":"Mozilla/5.0 (Windows NT 10.0; Win64; x64) AppleWebKit/537.36 (KHTML, like Gecko) Chrome/140.0.0.0 Safari/537.36","referer":"http://localhost:4200/","user_id":15,"user_email":"proveedor@materialesconstruccion.mx","headers":{"host":["localhost:8080"],"connection":["keep-alive"],"sec-ch-ua-platform":["\"Windows\""],"authorization":"[HIDDEN]","sec-ch-ua":["\"Chromium\";v=\"140\", \"Not=A?Brand\";v=\"24\", \"Google Chrome\";v=\"140\""],"sec-ch-ua-mobile":["?0"],"access-control-allow-credentials":["true"],"user-agent":["Mozilla/5.0 (Windows NT 10.0; Win64; x64) AppleWebKit/537.36 (KHTML, like Gecko) Chrome/140.0.0.0 Safari/537.36"],"accept":["application/json"],"content-type":["application/json"],"origin":["http://localhost:4200"],"sec-fetch-site":["same-site"],"sec-fetch-mode":["cors"],"sec-fetch-dest":["empty"],"referer":["http://localhost:4200/"],"accept-encoding":["gzip, deflate, br, zstd"],"accept-language":["es-419,es;q=0.9"]},"query_params":[],"request_data":[],"request_size":0,"timestamp":"2025-10-02T23:58:26.828466Z"},"timestamp":"2025-10-02T23:58:26.828786Z"} 
[2025-10-02 16:58:26] local.INFO: User Action {"action":"request_end","model":"API_Request","model_id":0,"user_id":15,"user_email":"proveedor@materialesconstruccion.mx","ip_address":"::1","user_agent":"Mozilla/5.0 (Windows NT 10.0; Win64; x64) AppleWebKit/537.36 (KHTML, like Gecko) Chrome/140.0.0.0 Safari/537.36","data":{"request_id":"req_68df11a2ca3d93.46529242","method":"GET","path":"api/auth/me","status_code":200,"execution_time_ms":10.17,"response_size":1979,"memory_usage_mb":28.0,"memory_peak_mb":28.0,"user_id":15,"performance_category":"fast","response_headers":{"content_type":"application/json"}},"timestamp":"2025-10-02T23:58:26.838624Z"} 
[2025-10-02 16:58:27] local.INFO: User Action {"action":"request_start","model":"API_Request","model_id":0,"user_id":15,"user_email":"proveedor@materialesconstruccion.mx","ip_address":"::1","user_agent":"Mozilla/5.0 (Windows NT 10.0; Win64; x64) AppleWebKit/537.36 (KHTML, like Gecko) Chrome/140.0.0.0 Safari/537.36","data":{"request_id":"req_68df11a34a4164.42255061","method":"GET","path":"api/proveedores/4/solicitudes-pago","full_url":"http://localhost:8080/api/proveedores/4/solicitudes-pago?estado_solicitud=pendiente&order=desc&per_page=15&sort_by=fecha_registro_pendiente","ip_address":"::1","user_agent":"Mozilla/5.0 (Windows NT 10.0; Win64; x64) AppleWebKit/537.36 (KHTML, like Gecko) Chrome/140.0.0.0 Safari/537.36","referer":"http://localhost:4200/","user_id":15,"user_email":"proveedor@materialesconstruccion.mx","headers":{"host":["localhost:8080"],"connection":["keep-alive"],"sec-ch-ua-platform":["\"Windows\""],"authorization":"[HIDDEN]","sec-ch-ua":["\"Chromium\";v=\"140\", \"Not=A?Brand\";v=\"24\", \"Google Chrome\";v=\"140\""],"sec-ch-ua-mobile":["?0"],"access-control-allow-credentials":["true"],"user-agent":["Mozilla/5.0 (Windows NT 10.0; Win64; x64) AppleWebKit/537.36 (KHTML, like Gecko) Chrome/140.0.0.0 Safari/537.36"],"accept":["application/json, text/plain, */*"],"content-type":["application/json"],"origin":["http://localhost:4200"],"sec-fetch-site":["same-site"],"sec-fetch-mode":["cors"],"sec-fetch-dest":["empty"],"referer":["http://localhost:4200/"],"accept-encoding":["gzip, deflate, br, zstd"],"accept-language":["es-419,es;q=0.9"]},"query_params":{"estado_solicitud":"pendiente","per_page":"15","sort_by":"fecha_registro_pendiente","order":"desc"},"request_data":{"_proveedor_id":4,"_user_proveedor_relation":"PRINCIPAL","estado_solicitud":"pendiente","per_page":"15","sort_by":"fecha_registro_pendiente","order":"desc"},"request_size":0,"timestamp":"2025-10-02T23:58:27.304249Z"},"timestamp":"2025-10-02T23:58:27.304573Z"} 
[2025-10-02 16:58:27] local.INFO: User Action {"action":"request_end","model":"API_Request","model_id":0,"user_id":15,"user_email":"proveedor@materialesconstruccion.mx","ip_address":"::1","user_agent":"Mozilla/5.0 (Windows NT 10.0; Win64; x64) AppleWebKit/537.36 (KHTML, like Gecko) Chrome/140.0.0.0 Safari/537.36","data":{"request_id":"req_68df11a34a4164.42255061","method":"GET","path":"api/proveedores/4/solicitudes-pago","status_code":200,"execution_time_ms":11.19,"response_size":9744,"memory_usage_mb":28.0,"memory_peak_mb":28.0,"user_id":15,"performance_category":"fast","response_headers":{"content_type":"application/json"}},"timestamp":"2025-10-02T23:58:27.315411Z"} 
[2025-10-02 16:58:33] local.INFO: User Action {"action":"request_start","model":"API_Request","model_id":0,"user_id":15,"user_email":"proveedor@materialesconstruccion.mx","ip_address":"::1","user_agent":"Mozilla/5.0 (Windows NT 10.0; Win64; x64) AppleWebKit/537.36 (KHTML, like Gecko) Chrome/140.0.0.0 Safari/537.36","data":{"request_id":"req_68df11a96b38a7.98323320","method":"GET","path":"api/auth/me","full_url":"http://localhost:8080/api/auth/me","ip_address":"::1","user_agent":"Mozilla/5.0 (Windows NT 10.0; Win64; x64) AppleWebKit/537.36 (KHTML, like Gecko) Chrome/140.0.0.0 Safari/537.36","referer":"http://localhost:4200/","user_id":15,"user_email":"proveedor@materialesconstruccion.mx","headers":{"host":["localhost:8080"],"connection":["keep-alive"],"sec-ch-ua-platform":["\"Windows\""],"authorization":"[HIDDEN]","sec-ch-ua":["\"Chromium\";v=\"140\", \"Not=A?Brand\";v=\"24\", \"Google Chrome\";v=\"140\""],"sec-ch-ua-mobile":["?0"],"access-control-allow-credentials":["true"],"user-agent":["Mozilla/5.0 (Windows NT 10.0; Win64; x64) AppleWebKit/537.36 (KHTML, like Gecko) Chrome/140.0.0.0 Safari/537.36"],"accept":["application/json"],"content-type":["application/json"],"origin":["http://localhost:4200"],"sec-fetch-site":["same-site"],"sec-fetch-mode":["cors"],"sec-fetch-dest":["empty"],"referer":["http://localhost:4200/"],"accept-encoding":["gzip, deflate, br, zstd"],"accept-language":["es-419,es;q=0.9"]},"query_params":[],"request_data":[],"request_size":0,"timestamp":"2025-10-02T23:58:33.439297Z"},"timestamp":"2025-10-02T23:58:33.439661Z"} 
[2025-10-02 16:58:33] local.INFO: User Action {"action":"request_end","model":"API_Request","model_id":0,"user_id":15,"user_email":"proveedor@materialesconstruccion.mx","ip_address":"::1","user_agent":"Mozilla/5.0 (Windows NT 10.0; Win64; x64) AppleWebKit/537.36 (KHTML, like Gecko) Chrome/140.0.0.0 Safari/537.36","data":{"request_id":"req_68df11a96b38a7.98323320","method":"GET","path":"api/auth/me","status_code":200,"execution_time_ms":10.84,"response_size":1979,"memory_usage_mb":28.0,"memory_peak_mb":28.0,"user_id":15,"performance_category":"fast","response_headers":{"content_type":"application/json"}},"timestamp":"2025-10-02T23:58:33.450084Z"} 
[2025-10-02 16:58:33] local.INFO: User Action {"action":"request_start","model":"API_Request","model_id":0,"user_id":15,"user_email":"proveedor@materialesconstruccion.mx","ip_address":"::1","user_agent":"Mozilla/5.0 (Windows NT 10.0; Win64; x64) AppleWebKit/537.36 (KHTML, like Gecko) Chrome/140.0.0.0 Safari/537.36","data":{"request_id":"req_68df11a9bca7c1.46952230","method":"GET","path":"api/auth/me","full_url":"http://localhost:8080/api/auth/me","ip_address":"::1","user_agent":"Mozilla/5.0 (Windows NT 10.0; Win64; x64) AppleWebKit/537.36 (KHTML, like Gecko) Chrome/140.0.0.0 Safari/537.36","referer":"http://localhost:4200/","user_id":15,"user_email":"proveedor@materialesconstruccion.mx","headers":{"host":["localhost:8080"],"connection":["keep-alive"],"sec-ch-ua-platform":["\"Windows\""],"authorization":"[HIDDEN]","sec-ch-ua":["\"Chromium\";v=\"140\", \"Not=A?Brand\";v=\"24\", \"Google Chrome\";v=\"140\""],"sec-ch-ua-mobile":["?0"],"access-control-allow-credentials":["true"],"user-agent":["Mozilla/5.0 (Windows NT 10.0; Win64; x64) AppleWebKit/537.36 (KHTML, like Gecko) Chrome/140.0.0.0 Safari/537.36"],"accept":["application/json"],"content-type":["application/json"],"origin":["http://localhost:4200"],"sec-fetch-site":["same-site"],"sec-fetch-mode":["cors"],"sec-fetch-dest":["empty"],"referer":["http://localhost:4200/"],"accept-encoding":["gzip, deflate, br, zstd"],"accept-language":["es-419,es;q=0.9"]},"query_params":[],"request_data":[],"request_size":0,"timestamp":"2025-10-02T23:58:33.772832Z"},"timestamp":"2025-10-02T23:58:33.773175Z"} 
[2025-10-02 16:58:33] local.INFO: User Action {"action":"request_end","model":"API_Request","model_id":0,"user_id":15,"user_email":"proveedor@materialesconstruccion.mx","ip_address":"::1","user_agent":"Mozilla/5.0 (Windows NT 10.0; Win64; x64) AppleWebKit/537.36 (KHTML, like Gecko) Chrome/140.0.0.0 Safari/537.36","data":{"request_id":"req_68df11a9bca7c1.46952230","method":"GET","path":"api/auth/me","status_code":200,"execution_time_ms":10.21,"response_size":1979,"memory_usage_mb":28.0,"memory_peak_mb":28.0,"user_id":15,"performance_category":"fast","response_headers":{"content_type":"application/json"}},"timestamp":"2025-10-02T23:58:33.783007Z"} 
[2025-10-02 16:58:34] local.INFO: User Action {"action":"request_start","model":"API_Request","model_id":0,"user_id":15,"user_email":"proveedor@materialesconstruccion.mx","ip_address":"::1","user_agent":"Mozilla/5.0 (Windows NT 10.0; Win64; x64) AppleWebKit/537.36 (KHTML, like Gecko) Chrome/140.0.0.0 Safari/537.36","data":{"request_id":"req_68df11aa5ca4a1.17819227","method":"GET","path":"api/notifications","full_url":"http://localhost:8080/api/notifications","ip_address":"::1","user_agent":"Mozilla/5.0 (Windows NT 10.0; Win64; x64) AppleWebKit/537.36 (KHTML, like Gecko) Chrome/140.0.0.0 Safari/537.36","referer":"http://localhost:4200/","user_id":15,"user_email":"proveedor@materialesconstruccion.mx","headers":{"host":["localhost:8080"],"connection":["keep-alive"],"sec-ch-ua-platform":["\"Windows\""],"authorization":"[HIDDEN]","sec-ch-ua":["\"Chromium\";v=\"140\", \"Not=A?Brand\";v=\"24\", \"Google Chrome\";v=\"140\""],"sec-ch-ua-mobile":["?0"],"access-control-allow-credentials":["true"],"user-agent":["Mozilla/5.0 (Windows NT 10.0; Win64; x64) AppleWebKit/537.36 (KHTML, like Gecko) Chrome/140.0.0.0 Safari/537.36"],"accept":["application/json, text/plain, */*"],"content-type":["application/json"],"origin":["http://localhost:4200"],"sec-fetch-site":["same-site"],"sec-fetch-mode":["cors"],"sec-fetch-dest":["empty"],"referer":["http://localhost:4200/"],"accept-encoding":["gzip, deflate, br, zstd"],"accept-language":["es-419,es;q=0.9"]},"query_params":[],"request_data":[],"request_size":0,"timestamp":"2025-10-02T23:58:34.379571Z"},"timestamp":"2025-10-02T23:58:34.379911Z"} 
[2025-10-02 16:58:34] local.INFO: User Action {"action":"request_end","model":"API_Request","model_id":0,"user_id":15,"user_email":"proveedor@materialesconstruccion.mx","ip_address":"::1","user_agent":"Mozilla/5.0 (Windows NT 10.0; Win64; x64) AppleWebKit/537.36 (KHTML, like Gecko) Chrome/140.0.0.0 Safari/537.36","data":{"request_id":"req_68df11aa5ca4a1.17819227","method":"GET","path":"api/notifications","status_code":200,"execution_time_ms":6.75,"response_size":558,"memory_usage_mb":26.0,"memory_peak_mb":26.0,"user_id":15,"performance_category":"fast","response_headers":{"content_type":"application/json"}},"timestamp":"2025-10-02T23:58:34.386289Z"} 
[2025-10-02 16:58:34] local.INFO: User Action {"action":"request_start","model":"API_Request","model_id":0,"user_id":15,"user_email":"proveedor@materialesconstruccion.mx","ip_address":"::1","user_agent":"Mozilla/5.0 (Windows NT 10.0; Win64; x64) AppleWebKit/537.36 (KHTML, like Gecko) Chrome/140.0.0.0 Safari/537.36","data":{"request_id":"req_68df11aa80f0c2.89398696","method":"GET","path":"api/proveedores/user/15","full_url":"http://localhost:8080/api/proveedores/user/15","ip_address":"::1","user_agent":"Mozilla/5.0 (Windows NT 10.0; Win64; x64) AppleWebKit/537.36 (KHTML, like Gecko) Chrome/140.0.0.0 Safari/537.36","referer":"http://localhost:4200/","user_id":15,"user_email":"proveedor@materialesconstruccion.mx","headers":{"host":["localhost:8080"],"connection":["keep-alive"],"sec-ch-ua-platform":["\"Windows\""],"authorization":"[HIDDEN]","sec-ch-ua":["\"Chromium\";v=\"140\", \"Not=A?Brand\";v=\"24\", \"Google Chrome\";v=\"140\""],"sec-ch-ua-mobile":["?0"],"access-control-allow-credentials":["true"],"user-agent":["Mozilla/5.0 (Windows NT 10.0; Win64; x64) AppleWebKit/537.36 (KHTML, like Gecko) Chrome/140.0.0.0 Safari/537.36"],"accept":["application/json, text/plain, */*"],"content-type":["application/json"],"origin":["http://localhost:4200"],"sec-fetch-site":["same-site"],"sec-fetch-mode":["cors"],"sec-fetch-dest":["empty"],"referer":["http://localhost:4200/"],"accept-encoding":["gzip, deflate, br, zstd"],"accept-language":["es-419,es;q=0.9"]},"query_params":[],"request_data":[],"request_size":0,"timestamp":"2025-10-02T23:58:34.528232Z"},"timestamp":"2025-10-02T23:58:34.528580Z"} 
[2025-10-02 16:58:34] local.INFO: User Action {"action":"request_end","model":"API_Request","model_id":0,"user_id":15,"user_email":"proveedor@materialesconstruccion.mx","ip_address":"::1","user_agent":"Mozilla/5.0 (Windows NT 10.0; Win64; x64) AppleWebKit/537.36 (KHTML, like Gecko) Chrome/140.0.0.0 Safari/537.36","data":{"request_id":"req_68df11aa80f0c2.89398696","method":"GET","path":"api/proveedores/user/15","status_code":200,"execution_time_ms":10.83,"response_size":1566,"memory_usage_mb":28.0,"memory_peak_mb":28.0,"user_id":15,"performance_category":"fast","response_headers":{"content_type":"application/json"}},"timestamp":"2025-10-02T23:58:34.539035Z"} 
[2025-10-02 16:58:34] local.INFO: User Action {"action":"request_start","model":"API_Request","model_id":0,"user_id":15,"user_email":"proveedor@materialesconstruccion.mx","ip_address":"::1","user_agent":"Mozilla/5.0 (Windows NT 10.0; Win64; x64) AppleWebKit/537.36 (KHTML, like Gecko) Chrome/140.0.0.0 Safari/537.36","data":{"request_id":"req_68df11aac0a505.18545758","method":"GET","path":"api/auth/me","full_url":"http://localhost:8080/api/auth/me","ip_address":"::1","user_agent":"Mozilla/5.0 (Windows NT 10.0; Win64; x64) AppleWebKit/537.36 (KHTML, like Gecko) Chrome/140.0.0.0 Safari/537.36","referer":"http://localhost:4200/","user_id":15,"user_email":"proveedor@materialesconstruccion.mx","headers":{"host":["localhost:8080"],"connection":["keep-alive"],"sec-ch-ua-platform":["\"Windows\""],"authorization":"[HIDDEN]","sec-ch-ua":["\"Chromium\";v=\"140\", \"Not=A?Brand\";v=\"24\", \"Google Chrome\";v=\"140\""],"sec-ch-ua-mobile":["?0"],"access-control-allow-credentials":["true"],"user-agent":["Mozilla/5.0 (Windows NT 10.0; Win64; x64) AppleWebKit/537.36 (KHTML, like Gecko) Chrome/140.0.0.0 Safari/537.36"],"accept":["application/json"],"content-type":["application/json"],"origin":["http://localhost:4200"],"sec-fetch-site":["same-site"],"sec-fetch-mode":["cors"],"sec-fetch-dest":["empty"],"referer":["http://localhost:4200/"],"accept-encoding":["gzip, deflate, br, zstd"],"accept-language":["es-419,es;q=0.9"]},"query_params":[],"request_data":[],"request_size":0,"timestamp":"2025-10-02T23:58:34.789170Z"},"timestamp":"2025-10-02T23:58:34.789510Z"} 
[2025-10-02 16:58:34] local.INFO: User Action {"action":"request_end","model":"API_Request","model_id":0,"user_id":15,"user_email":"proveedor@materialesconstruccion.mx","ip_address":"::1","user_agent":"Mozilla/5.0 (Windows NT 10.0; Win64; x64) AppleWebKit/537.36 (KHTML, like Gecko) Chrome/140.0.0.0 Safari/537.36","data":{"request_id":"req_68df11aac0a505.18545758","method":"GET","path":"api/auth/me","status_code":200,"execution_time_ms":10.05,"response_size":1979,"memory_usage_mb":28.0,"memory_peak_mb":28.0,"user_id":15,"performance_category":"fast","response_headers":{"content_type":"application/json"}},"timestamp":"2025-10-02T23:58:34.799188Z"} 
[2025-10-02 16:58:35] local.INFO: User Action {"action":"request_start","model":"API_Request","model_id":0,"user_id":15,"user_email":"proveedor@materialesconstruccion.mx","ip_address":"::1","user_agent":"Mozilla/5.0 (Windows NT 10.0; Win64; x64) AppleWebKit/537.36 (KHTML, like Gecko) Chrome/140.0.0.0 Safari/537.36","data":{"request_id":"req_68df11ab28b760.99881540","method":"GET","path":"api/proveedores/4/solicitudes-pago","full_url":"http://localhost:8080/api/proveedores/4/solicitudes-pago?estado_solicitud=pendiente&order=desc&per_page=15&sort_by=fecha_registro_pendiente","ip_address":"::1","user_agent":"Mozilla/5.0 (Windows NT 10.0; Win64; x64) AppleWebKit/537.36 (KHTML, like Gecko) Chrome/140.0.0.0 Safari/537.36","referer":"http://localhost:4200/","user_id":15,"user_email":"proveedor@materialesconstruccion.mx","headers":{"host":["localhost:8080"],"connection":["keep-alive"],"sec-ch-ua-platform":["\"Windows\""],"authorization":"[HIDDEN]","sec-ch-ua":["\"Chromium\";v=\"140\", \"Not=A?Brand\";v=\"24\", \"Google Chrome\";v=\"140\""],"sec-ch-ua-mobile":["?0"],"access-control-allow-credentials":["true"],"user-agent":["Mozilla/5.0 (Windows NT 10.0; Win64; x64) AppleWebKit/537.36 (KHTML, like Gecko) Chrome/140.0.0.0 Safari/537.36"],"accept":["application/json, text/plain, */*"],"content-type":["application/json"],"origin":["http://localhost:4200"],"sec-fetch-site":["same-site"],"sec-fetch-mode":["cors"],"sec-fetch-dest":["empty"],"referer":["http://localhost:4200/"],"accept-encoding":["gzip, deflate, br, zstd"],"accept-language":["es-419,es;q=0.9"]},"query_params":{"estado_solicitud":"pendiente","per_page":"15","sort_by":"fecha_registro_pendiente","order":"desc"},"request_data":{"_proveedor_id":4,"_user_proveedor_relation":"PRINCIPAL","estado_solicitud":"pendiente","per_page":"15","sort_by":"fecha_registro_pendiente","order":"desc"},"request_size":0,"timestamp":"2025-10-02T23:58:35.166873Z"},"timestamp":"2025-10-02T23:58:35.167246Z"} 
[2025-10-02 16:58:35] local.INFO: User Action {"action":"request_end","model":"API_Request","model_id":0,"user_id":15,"user_email":"proveedor@materialesconstruccion.mx","ip_address":"::1","user_agent":"Mozilla/5.0 (Windows NT 10.0; Win64; x64) AppleWebKit/537.36 (KHTML, like Gecko) Chrome/140.0.0.0 Safari/537.36","data":{"request_id":"req_68df11ab28b760.99881540","method":"GET","path":"api/proveedores/4/solicitudes-pago","status_code":200,"execution_time_ms":12.03,"response_size":9744,"memory_usage_mb":28.0,"memory_peak_mb":28.0,"user_id":15,"performance_category":"fast","response_headers":{"content_type":"application/json"}},"timestamp":"2025-10-02T23:58:35.178883Z"} 
[2025-10-02 17:58:06] local.INFO: User Action {"action":"request_start","model":"API_Request","model_id":0,"user_id":15,"user_email":"proveedor@materialesconstruccion.mx","ip_address":"::1","user_agent":"Mozilla/5.0 (Windows NT 10.0; Win64; x64) AppleWebKit/537.36 (KHTML, like Gecko) Chrome/140.0.0.0 Safari/537.36","data":{"request_id":"req_68df1f9e3af1c4.81504463","method":"GET","path":"api/auth/me","full_url":"http://localhost:8080/api/auth/me","ip_address":"::1","user_agent":"Mozilla/5.0 (Windows NT 10.0; Win64; x64) AppleWebKit/537.36 (KHTML, like Gecko) Chrome/140.0.0.0 Safari/537.36","referer":"http://localhost:4200/","user_id":15,"user_email":"proveedor@materialesconstruccion.mx","headers":{"host":["localhost:8080"],"connection":["keep-alive"],"sec-ch-ua-platform":["\"Windows\""],"authorization":"[HIDDEN]","sec-ch-ua":["\"Chromium\";v=\"140\", \"Not=A?Brand\";v=\"24\", \"Google Chrome\";v=\"140\""],"sec-ch-ua-mobile":["?0"],"access-control-allow-credentials":["true"],"user-agent":["Mozilla/5.0 (Windows NT 10.0; Win64; x64) AppleWebKit/537.36 (KHTML, like Gecko) Chrome/140.0.0.0 Safari/537.36"],"accept":["application/json"],"content-type":["application/json"],"origin":["http://localhost:4200"],"sec-fetch-site":["same-site"],"sec-fetch-mode":["cors"],"sec-fetch-dest":["empty"],"referer":["http://localhost:4200/"],"accept-encoding":["gzip, deflate, br, zstd"],"accept-language":["es-419,es;q=0.9"]},"query_params":[],"request_data":[],"request_size":0,"timestamp":"2025-10-03T00:58:06.241606Z"},"timestamp":"2025-10-03T00:58:06.270165Z"} 
[2025-10-02 17:58:06] local.INFO: User Action {"action":"request_end","model":"API_Request","model_id":0,"user_id":15,"user_email":"proveedor@materialesconstruccion.mx","ip_address":"::1","user_agent":"Mozilla/5.0 (Windows NT 10.0; Win64; x64) AppleWebKit/537.36 (KHTML, like Gecko) Chrome/140.0.0.0 Safari/537.36","data":{"request_id":"req_68df1f9e3af1c4.81504463","method":"GET","path":"api/auth/me","status_code":200,"execution_time_ms":450.99,"response_size":1979,"memory_usage_mb":28.0,"memory_peak_mb":28.0,"user_id":15,"performance_category":"normal","response_headers":{"content_type":"application/json"}},"timestamp":"2025-10-03T00:58:06.692537Z"} 
[2025-10-02 17:58:08] local.INFO: User Action {"action":"request_start","model":"API_Request","model_id":0,"user_id":15,"user_email":"proveedor@materialesconstruccion.mx","ip_address":"::1","user_agent":"Mozilla/5.0 (Windows NT 10.0; Win64; x64) AppleWebKit/537.36 (KHTML, like Gecko) Chrome/140.0.0.0 Safari/537.36","data":{"request_id":"req_68df1fa06f5ff1.38813172","method":"GET","path":"api/notifications","full_url":"http://localhost:8080/api/notifications","ip_address":"::1","user_agent":"Mozilla/5.0 (Windows NT 10.0; Win64; x64) AppleWebKit/537.36 (KHTML, like Gecko) Chrome/140.0.0.0 Safari/537.36","referer":"http://localhost:4200/","user_id":15,"user_email":"proveedor@materialesconstruccion.mx","headers":{"host":["localhost:8080"],"connection":["keep-alive"],"sec-ch-ua-platform":["\"Windows\""],"authorization":"[HIDDEN]","sec-ch-ua":["\"Chromium\";v=\"140\", \"Not=A?Brand\";v=\"24\", \"Google Chrome\";v=\"140\""],"sec-ch-ua-mobile":["?0"],"access-control-allow-credentials":["true"],"user-agent":["Mozilla/5.0 (Windows NT 10.0; Win64; x64) AppleWebKit/537.36 (KHTML, like Gecko) Chrome/140.0.0.0 Safari/537.36"],"accept":["application/json, text/plain, */*"],"content-type":["application/json"],"origin":["http://localhost:4200"],"sec-fetch-site":["same-site"],"sec-fetch-mode":["cors"],"sec-fetch-dest":["empty"],"referer":["http://localhost:4200/"],"accept-encoding":["gzip, deflate, br, zstd"],"accept-language":["es-419,es;q=0.9"]},"query_params":[],"request_data":[],"request_size":0,"timestamp":"2025-10-03T00:58:08.456297Z"},"timestamp":"2025-10-03T00:58:08.456653Z"} 
[2025-10-02 17:58:08] local.INFO: User Action {"action":"request_end","model":"API_Request","model_id":0,"user_id":15,"user_email":"proveedor@materialesconstruccion.mx","ip_address":"::1","user_agent":"Mozilla/5.0 (Windows NT 10.0; Win64; x64) AppleWebKit/537.36 (KHTML, like Gecko) Chrome/140.0.0.0 Safari/537.36","data":{"request_id":"req_68df1fa06f5ff1.38813172","method":"GET","path":"api/notifications","status_code":200,"execution_time_ms":103.49,"response_size":558,"memory_usage_mb":26.0,"memory_peak_mb":26.0,"user_id":15,"performance_category":"fast","response_headers":{"content_type":"application/json"}},"timestamp":"2025-10-03T00:58:08.559763Z"} 
[2025-10-02 17:58:08] local.INFO: User Action {"action":"request_start","model":"API_Request","model_id":0,"user_id":15,"user_email":"proveedor@materialesconstruccion.mx","ip_address":"::1","user_agent":"Mozilla/5.0 (Windows NT 10.0; Win64; x64) AppleWebKit/537.36 (KHTML, like Gecko) Chrome/140.0.0.0 Safari/537.36","data":{"request_id":"req_68df1fa0aeb6a2.94036913","method":"GET","path":"api/proveedores/user/15","full_url":"http://localhost:8080/api/proveedores/user/15","ip_address":"::1","user_agent":"Mozilla/5.0 (Windows NT 10.0; Win64; x64) AppleWebKit/537.36 (KHTML, like Gecko) Chrome/140.0.0.0 Safari/537.36","referer":"http://localhost:4200/","user_id":15,"user_email":"proveedor@materialesconstruccion.mx","headers":{"host":["localhost:8080"],"connection":["keep-alive"],"sec-ch-ua-platform":["\"Windows\""],"authorization":"[HIDDEN]","sec-ch-ua":["\"Chromium\";v=\"140\", \"Not=A?Brand\";v=\"24\", \"Google Chrome\";v=\"140\""],"sec-ch-ua-mobile":["?0"],"access-control-allow-credentials":["true"],"user-agent":["Mozilla/5.0 (Windows NT 10.0; Win64; x64) AppleWebKit/537.36 (KHTML, like Gecko) Chrome/140.0.0.0 Safari/537.36"],"accept":["application/json, text/plain, */*"],"content-type":["application/json"],"origin":["http://localhost:4200"],"sec-fetch-site":["same-site"],"sec-fetch-mode":["cors"],"sec-fetch-dest":["empty"],"referer":["http://localhost:4200/"],"accept-encoding":["gzip, deflate, br, zstd"],"accept-language":["es-419,es;q=0.9"]},"query_params":[],"request_data":[],"request_size":0,"timestamp":"2025-10-03T00:58:08.715720Z"},"timestamp":"2025-10-03T00:58:08.716072Z"} 
[2025-10-02 17:58:08] local.INFO: User Action {"action":"request_end","model":"API_Request","model_id":0,"user_id":15,"user_email":"proveedor@materialesconstruccion.mx","ip_address":"::1","user_agent":"Mozilla/5.0 (Windows NT 10.0; Win64; x64) AppleWebKit/537.36 (KHTML, like Gecko) Chrome/140.0.0.0 Safari/537.36","data":{"request_id":"req_68df1fa0aeb6a2.94036913","method":"GET","path":"api/proveedores/user/15","status_code":200,"execution_time_ms":75.08,"response_size":1566,"memory_usage_mb":28.0,"memory_peak_mb":28.0,"user_id":15,"performance_category":"fast","response_headers":{"content_type":"application/json"}},"timestamp":"2025-10-03T00:58:08.790779Z"} 
[2025-10-02 17:58:08] local.INFO: User Action {"action":"request_start","model":"API_Request","model_id":0,"user_id":15,"user_email":"proveedor@materialesconstruccion.mx","ip_address":"::1","user_agent":"Mozilla/5.0 (Windows NT 10.0; Win64; x64) AppleWebKit/537.36 (KHTML, like Gecko) Chrome/140.0.0.0 Safari/537.36","data":{"request_id":"req_68df1fa0e28ee6.05797080","method":"GET","path":"api/auth/me","full_url":"http://localhost:8080/api/auth/me","ip_address":"::1","user_agent":"Mozilla/5.0 (Windows NT 10.0; Win64; x64) AppleWebKit/537.36 (KHTML, like Gecko) Chrome/140.0.0.0 Safari/537.36","referer":"http://localhost:4200/","user_id":15,"user_email":"proveedor@materialesconstruccion.mx","headers":{"host":["localhost:8080"],"connection":["keep-alive"],"sec-ch-ua-platform":["\"Windows\""],"authorization":"[HIDDEN]","sec-ch-ua":["\"Chromium\";v=\"140\", \"Not=A?Brand\";v=\"24\", \"Google Chrome\";v=\"140\""],"sec-ch-ua-mobile":["?0"],"access-control-allow-credentials":["true"],"user-agent":["Mozilla/5.0 (Windows NT 10.0; Win64; x64) AppleWebKit/537.36 (KHTML, like Gecko) Chrome/140.0.0.0 Safari/537.36"],"accept":["application/json"],"content-type":["application/json"],"origin":["http://localhost:4200"],"sec-fetch-site":["same-site"],"sec-fetch-mode":["cors"],"sec-fetch-dest":["empty"],"referer":["http://localhost:4200/"],"accept-encoding":["gzip, deflate, br, zstd"],"accept-language":["es-419,es;q=0.9"]},"query_params":[],"request_data":[],"request_size":0,"timestamp":"2025-10-03T00:58:08.928121Z"},"timestamp":"2025-10-03T00:58:08.928593Z"} 
[2025-10-02 17:58:08] local.INFO: User Action {"action":"request_end","model":"API_Request","model_id":0,"user_id":15,"user_email":"proveedor@materialesconstruccion.mx","ip_address":"::1","user_agent":"Mozilla/5.0 (Windows NT 10.0; Win64; x64) AppleWebKit/537.36 (KHTML, like Gecko) Chrome/140.0.0.0 Safari/537.36","data":{"request_id":"req_68df1fa0e28ee6.05797080","method":"GET","path":"api/auth/me","status_code":200,"execution_time_ms":11.62,"response_size":1979,"memory_usage_mb":28.0,"memory_peak_mb":28.0,"user_id":15,"performance_category":"fast","response_headers":{"content_type":"application/json"}},"timestamp":"2025-10-03T00:58:08.939672Z"} 
[2025-10-02 17:58:09] local.INFO: User Action {"action":"request_start","model":"API_Request","model_id":0,"user_id":15,"user_email":"proveedor@materialesconstruccion.mx","ip_address":"::1","user_agent":"Mozilla/5.0 (Windows NT 10.0; Win64; x64) AppleWebKit/537.36 (KHTML, like Gecko) Chrome/140.0.0.0 Safari/537.36","data":{"request_id":"req_68df1fa17a11c1.46179756","method":"GET","path":"api/proveedores/4/solicitudes-pago","full_url":"http://localhost:8080/api/proveedores/4/solicitudes-pago?estado_solicitud=pendiente&order=desc&per_page=15&sort_by=fecha_registro_pendiente","ip_address":"::1","user_agent":"Mozilla/5.0 (Windows NT 10.0; Win64; x64) AppleWebKit/537.36 (KHTML, like Gecko) Chrome/140.0.0.0 Safari/537.36","referer":"http://localhost:4200/","user_id":15,"user_email":"proveedor@materialesconstruccion.mx","headers":{"host":["localhost:8080"],"connection":["keep-alive"],"sec-ch-ua-platform":["\"Windows\""],"authorization":"[HIDDEN]","sec-ch-ua":["\"Chromium\";v=\"140\", \"Not=A?Brand\";v=\"24\", \"Google Chrome\";v=\"140\""],"sec-ch-ua-mobile":["?0"],"access-control-allow-credentials":["true"],"user-agent":["Mozilla/5.0 (Windows NT 10.0; Win64; x64) AppleWebKit/537.36 (KHTML, like Gecko) Chrome/140.0.0.0 Safari/537.36"],"accept":["application/json, text/plain, */*"],"content-type":["application/json"],"origin":["http://localhost:4200"],"sec-fetch-site":["same-site"],"sec-fetch-mode":["cors"],"sec-fetch-dest":["empty"],"referer":["http://localhost:4200/"],"accept-encoding":["gzip, deflate, br, zstd"],"accept-language":["es-419,es;q=0.9"]},"query_params":{"estado_solicitud":"pendiente","per_page":"15","sort_by":"fecha_registro_pendiente","order":"desc"},"request_data":{"_proveedor_id":4,"_user_proveedor_relation":"PRINCIPAL","estado_solicitud":"pendiente","per_page":"15","sort_by":"fecha_registro_pendiente","order":"desc"},"request_size":0,"timestamp":"2025-10-03T00:58:09.500131Z"},"timestamp":"2025-10-03T00:58:09.500631Z"} 
[2025-10-02 17:58:09] local.INFO: User Action {"action":"request_end","model":"API_Request","model_id":0,"user_id":15,"user_email":"proveedor@materialesconstruccion.mx","ip_address":"::1","user_agent":"Mozilla/5.0 (Windows NT 10.0; Win64; x64) AppleWebKit/537.36 (KHTML, like Gecko) Chrome/140.0.0.0 Safari/537.36","data":{"request_id":"req_68df1fa17a11c1.46179756","method":"GET","path":"api/proveedores/4/solicitudes-pago","status_code":200,"execution_time_ms":196.09,"response_size":9744,"memory_usage_mb":28.0,"memory_peak_mb":28.0,"user_id":15,"performance_category":"fast","response_headers":{"content_type":"application/json"}},"timestamp":"2025-10-03T00:58:09.696165Z"} 
[2025-10-02 17:58:19] local.INFO: User Action {"action":"request_start","model":"API_Request","model_id":0,"user_id":15,"user_email":"proveedor@materialesconstruccion.mx","ip_address":"::1","user_agent":"Mozilla/5.0 (Windows NT 10.0; Win64; x64) AppleWebKit/537.36 (KHTML, like Gecko) Chrome/140.0.0.0 Safari/537.36","data":{"request_id":"req_68df1fab8bca05.00117785","method":"GET","path":"api/auth/me","full_url":"http://localhost:8080/api/auth/me","ip_address":"::1","user_agent":"Mozilla/5.0 (Windows NT 10.0; Win64; x64) AppleWebKit/537.36 (KHTML, like Gecko) Chrome/140.0.0.0 Safari/537.36","referer":"http://localhost:4200/","user_id":15,"user_email":"proveedor@materialesconstruccion.mx","headers":{"host":["localhost:8080"],"connection":["keep-alive"],"sec-ch-ua-platform":["\"Windows\""],"authorization":"[HIDDEN]","sec-ch-ua":["\"Chromium\";v=\"140\", \"Not=A?Brand\";v=\"24\", \"Google Chrome\";v=\"140\""],"sec-ch-ua-mobile":["?0"],"access-control-allow-credentials":["true"],"user-agent":["Mozilla/5.0 (Windows NT 10.0; Win64; x64) AppleWebKit/537.36 (KHTML, like Gecko) Chrome/140.0.0.0 Safari/537.36"],"accept":["application/json"],"content-type":["application/json"],"origin":["http://localhost:4200"],"sec-fetch-site":["same-site"],"sec-fetch-mode":["cors"],"sec-fetch-dest":["empty"],"referer":["http://localhost:4200/"],"accept-encoding":["gzip, deflate, br, zstd"],"accept-language":["es-419,es;q=0.9"]},"query_params":[],"request_data":[],"request_size":0,"timestamp":"2025-10-03T00:58:19.572687Z"},"timestamp":"2025-10-03T00:58:19.573055Z"} 
[2025-10-02 17:58:19] local.INFO: User Action {"action":"request_end","model":"API_Request","model_id":0,"user_id":15,"user_email":"proveedor@materialesconstruccion.mx","ip_address":"::1","user_agent":"Mozilla/5.0 (Windows NT 10.0; Win64; x64) AppleWebKit/537.36 (KHTML, like Gecko) Chrome/140.0.0.0 Safari/537.36","data":{"request_id":"req_68df1fab8bca05.00117785","method":"GET","path":"api/auth/me","status_code":200,"execution_time_ms":10.74,"response_size":1979,"memory_usage_mb":28.0,"memory_peak_mb":28.0,"user_id":15,"performance_category":"fast","response_headers":{"content_type":"application/json"}},"timestamp":"2025-10-03T00:58:19.583453Z"} 
[2025-10-02 17:58:19] local.INFO: User Action {"action":"request_start","model":"API_Request","model_id":0,"user_id":15,"user_email":"proveedor@materialesconstruccion.mx","ip_address":"::1","user_agent":"Mozilla/5.0 (Windows NT 10.0; Win64; x64) AppleWebKit/537.36 (KHTML, like Gecko) Chrome/140.0.0.0 Safari/537.36","data":{"request_id":"req_68df1fabcb3bf5.40598811","method":"GET","path":"api/notifications","full_url":"http://localhost:8080/api/notifications","ip_address":"::1","user_agent":"Mozilla/5.0 (Windows NT 10.0; Win64; x64) AppleWebKit/537.36 (KHTML, like Gecko) Chrome/140.0.0.0 Safari/537.36","referer":"http://localhost:4200/","user_id":15,"user_email":"proveedor@materialesconstruccion.mx","headers":{"host":["localhost:8080"],"connection":["keep-alive"],"sec-ch-ua-platform":["\"Windows\""],"authorization":"[HIDDEN]","sec-ch-ua":["\"Chromium\";v=\"140\", \"Not=A?Brand\";v=\"24\", \"Google Chrome\";v=\"140\""],"sec-ch-ua-mobile":["?0"],"access-control-allow-credentials":["true"],"user-agent":["Mozilla/5.0 (Windows NT 10.0; Win64; x64) AppleWebKit/537.36 (KHTML, like Gecko) Chrome/140.0.0.0 Safari/537.36"],"accept":["application/json, text/plain, */*"],"content-type":["application/json"],"origin":["http://localhost:4200"],"sec-fetch-site":["same-site"],"sec-fetch-mode":["cors"],"sec-fetch-dest":["empty"],"referer":["http://localhost:4200/"],"accept-encoding":["gzip, deflate, br, zstd"],"accept-language":["es-419,es;q=0.9"]},"query_params":[],"request_data":[],"request_size":0,"timestamp":"2025-10-03T00:58:19.832571Z"},"timestamp":"2025-10-03T00:58:19.833017Z"} 
[2025-10-02 17:58:19] local.INFO: User Action {"action":"request_end","model":"API_Request","model_id":0,"user_id":15,"user_email":"proveedor@materialesconstruccion.mx","ip_address":"::1","user_agent":"Mozilla/5.0 (Windows NT 10.0; Win64; x64) AppleWebKit/537.36 (KHTML, like Gecko) Chrome/140.0.0.0 Safari/537.36","data":{"request_id":"req_68df1fabcb3bf5.40598811","method":"GET","path":"api/notifications","status_code":200,"execution_time_ms":7.13,"response_size":558,"memory_usage_mb":26.0,"memory_peak_mb":26.0,"user_id":15,"performance_category":"fast","response_headers":{"content_type":"application/json"}},"timestamp":"2025-10-03T00:58:19.839660Z"} 
[2025-10-02 17:58:20] local.INFO: User Action {"action":"request_start","model":"API_Request","model_id":0,"user_id":15,"user_email":"proveedor@materialesconstruccion.mx","ip_address":"::1","user_agent":"Mozilla/5.0 (Windows NT 10.0; Win64; x64) AppleWebKit/537.36 (KHTML, like Gecko) Chrome/140.0.0.0 Safari/537.36","data":{"request_id":"req_68df1fac502403.92585914","method":"GET","path":"api/proveedores/user/15","full_url":"http://localhost:8080/api/proveedores/user/15","ip_address":"::1","user_agent":"Mozilla/5.0 (Windows NT 10.0; Win64; x64) AppleWebKit/537.36 (KHTML, like Gecko) Chrome/140.0.0.0 Safari/537.36","referer":"http://localhost:4200/","user_id":15,"user_email":"proveedor@materialesconstruccion.mx","headers":{"host":["localhost:8080"],"connection":["keep-alive"],"sec-ch-ua-platform":["\"Windows\""],"authorization":"[HIDDEN]","sec-ch-ua":["\"Chromium\";v=\"140\", \"Not=A?Brand\";v=\"24\", \"Google Chrome\";v=\"140\""],"sec-ch-ua-mobile":["?0"],"access-control-allow-credentials":["true"],"user-agent":["Mozilla/5.0 (Windows NT 10.0; Win64; x64) AppleWebKit/537.36 (KHTML, like Gecko) Chrome/140.0.0.0 Safari/537.36"],"accept":["application/json, text/plain, */*"],"content-type":["application/json"],"origin":["http://localhost:4200"],"sec-fetch-site":["same-site"],"sec-fetch-mode":["cors"],"sec-fetch-dest":["empty"],"referer":["http://localhost:4200/"],"accept-encoding":["gzip, deflate, br, zstd"],"accept-language":["es-419,es;q=0.9"]},"query_params":[],"request_data":[],"request_size":0,"timestamp":"2025-10-03T00:58:20.328363Z"},"timestamp":"2025-10-03T00:58:20.328766Z"} 
[2025-10-02 17:58:20] local.INFO: User Action {"action":"request_end","model":"API_Request","model_id":0,"user_id":15,"user_email":"proveedor@materialesconstruccion.mx","ip_address":"::1","user_agent":"Mozilla/5.0 (Windows NT 10.0; Win64; x64) AppleWebKit/537.36 (KHTML, like Gecko) Chrome/140.0.0.0 Safari/537.36","data":{"request_id":"req_68df1fac502403.92585914","method":"GET","path":"api/proveedores/user/15","status_code":200,"execution_time_ms":11.5,"response_size":1566,"memory_usage_mb":28.0,"memory_peak_mb":28.0,"user_id":15,"performance_category":"fast","response_headers":{"content_type":"application/json"}},"timestamp":"2025-10-03T00:58:20.339834Z"} 
[2025-10-02 17:58:20] local.INFO: User Action {"action":"request_start","model":"API_Request","model_id":0,"user_id":15,"user_email":"proveedor@materialesconstruccion.mx","ip_address":"::1","user_agent":"Mozilla/5.0 (Windows NT 10.0; Win64; x64) AppleWebKit/537.36 (KHTML, like Gecko) Chrome/140.0.0.0 Safari/537.36","data":{"request_id":"req_68df1fac8c1ba0.94841596","method":"GET","path":"api/auth/me","full_url":"http://localhost:8080/api/auth/me","ip_address":"::1","user_agent":"Mozilla/5.0 (Windows NT 10.0; Win64; x64) AppleWebKit/537.36 (KHTML, like Gecko) Chrome/140.0.0.0 Safari/537.36","referer":"http://localhost:4200/","user_id":15,"user_email":"proveedor@materialesconstruccion.mx","headers":{"host":["localhost:8080"],"connection":["keep-alive"],"sec-ch-ua-platform":["\"Windows\""],"authorization":"[HIDDEN]","sec-ch-ua":["\"Chromium\";v=\"140\", \"Not=A?Brand\";v=\"24\", \"Google Chrome\";v=\"140\""],"sec-ch-ua-mobile":["?0"],"access-control-allow-credentials":["true"],"user-agent":["Mozilla/5.0 (Windows NT 10.0; Win64; x64) AppleWebKit/537.36 (KHTML, like Gecko) Chrome/140.0.0.0 Safari/537.36"],"accept":["application/json"],"content-type":["application/json"],"origin":["http://localhost:4200"],"sec-fetch-site":["same-site"],"sec-fetch-mode":["cors"],"sec-fetch-dest":["empty"],"referer":["http://localhost:4200/"],"accept-encoding":["gzip, deflate, br, zstd"],"accept-language":["es-419,es;q=0.9"]},"query_params":[],"request_data":[],"request_size":0,"timestamp":"2025-10-03T00:58:20.573989Z"},"timestamp":"2025-10-03T00:58:20.574356Z"} 
[2025-10-02 17:58:20] local.INFO: User Action {"action":"request_end","model":"API_Request","model_id":0,"user_id":15,"user_email":"proveedor@materialesconstruccion.mx","ip_address":"::1","user_agent":"Mozilla/5.0 (Windows NT 10.0; Win64; x64) AppleWebKit/537.36 (KHTML, like Gecko) Chrome/140.0.0.0 Safari/537.36","data":{"request_id":"req_68df1fac8c1ba0.94841596","method":"GET","path":"api/auth/me","status_code":200,"execution_time_ms":11.3,"response_size":1979,"memory_usage_mb":28.0,"memory_peak_mb":28.0,"user_id":15,"performance_category":"fast","response_headers":{"content_type":"application/json"}},"timestamp":"2025-10-03T00:58:20.585253Z"} 
[2025-10-02 17:58:20] local.INFO: User Action {"action":"request_start","model":"API_Request","model_id":0,"user_id":15,"user_email":"proveedor@materialesconstruccion.mx","ip_address":"::1","user_agent":"Mozilla/5.0 (Windows NT 10.0; Win64; x64) AppleWebKit/537.36 (KHTML, like Gecko) Chrome/140.0.0.0 Safari/537.36","data":{"request_id":"req_68df1facea8332.64498976","method":"GET","path":"api/proveedores/4/solicitudes-pago","full_url":"http://localhost:8080/api/proveedores/4/solicitudes-pago?estado_solicitud=pendiente&order=desc&per_page=15&sort_by=fecha_registro_pendiente","ip_address":"::1","user_agent":"Mozilla/5.0 (Windows NT 10.0; Win64; x64) AppleWebKit/537.36 (KHTML, like Gecko) Chrome/140.0.0.0 Safari/537.36","referer":"http://localhost:4200/","user_id":15,"user_email":"proveedor@materialesconstruccion.mx","headers":{"host":["localhost:8080"],"connection":["keep-alive"],"sec-ch-ua-platform":["\"Windows\""],"authorization":"[HIDDEN]","sec-ch-ua":["\"Chromium\";v=\"140\", \"Not=A?Brand\";v=\"24\", \"Google Chrome\";v=\"140\""],"sec-ch-ua-mobile":["?0"],"access-control-allow-credentials":["true"],"user-agent":["Mozilla/5.0 (Windows NT 10.0; Win64; x64) AppleWebKit/537.36 (KHTML, like Gecko) Chrome/140.0.0.0 Safari/537.36"],"accept":["application/json, text/plain, */*"],"content-type":["application/json"],"origin":["http://localhost:4200"],"sec-fetch-site":["same-site"],"sec-fetch-mode":["cors"],"sec-fetch-dest":["empty"],"referer":["http://localhost:4200/"],"accept-encoding":["gzip, deflate, br, zstd"],"accept-language":["es-419,es;q=0.9"]},"query_params":{"estado_solicitud":"pendiente","per_page":"15","sort_by":"fecha_registro_pendiente","order":"desc"},"request_data":{"_proveedor_id":4,"_user_proveedor_relation":"PRINCIPAL","estado_solicitud":"pendiente","per_page":"15","sort_by":"fecha_registro_pendiente","order":"desc"},"request_size":0,"timestamp":"2025-10-03T00:58:20.960654Z"},"timestamp":"2025-10-03T00:58:20.960998Z"} 
[2025-10-02 17:58:20] local.INFO: User Action {"action":"request_end","model":"API_Request","model_id":0,"user_id":15,"user_email":"proveedor@materialesconstruccion.mx","ip_address":"::1","user_agent":"Mozilla/5.0 (Windows NT 10.0; Win64; x64) AppleWebKit/537.36 (KHTML, like Gecko) Chrome/140.0.0.0 Safari/537.36","data":{"request_id":"req_68df1facea8332.64498976","method":"GET","path":"api/proveedores/4/solicitudes-pago","status_code":200,"execution_time_ms":11.96,"response_size":9744,"memory_usage_mb":28.0,"memory_peak_mb":28.0,"user_id":15,"performance_category":"fast","response_headers":{"content_type":"application/json"}},"timestamp":"2025-10-03T00:58:20.972597Z"} 
[2025-10-02 17:58:23] local.INFO: User Action {"action":"request_start","model":"API_Request","model_id":0,"user_id":15,"user_email":"proveedor@materialesconstruccion.mx","ip_address":"::1","user_agent":"Mozilla/5.0 (Windows NT 10.0; Win64; x64) AppleWebKit/537.36 (KHTML, like Gecko) Chrome/140.0.0.0 Safari/537.36","data":{"request_id":"req_68df1faf481f85.79951937","method":"GET","path":"api/auth/me","full_url":"http://localhost:8080/api/auth/me","ip_address":"::1","user_agent":"Mozilla/5.0 (Windows NT 10.0; Win64; x64) AppleWebKit/537.36 (KHTML, like Gecko) Chrome/140.0.0.0 Safari/537.36","referer":"http://localhost:4200/","user_id":15,"user_email":"proveedor@materialesconstruccion.mx","headers":{"host":["localhost:8080"],"connection":["keep-alive"],"sec-ch-ua-platform":["\"Windows\""],"authorization":"[HIDDEN]","sec-ch-ua":["\"Chromium\";v=\"140\", \"Not=A?Brand\";v=\"24\", \"Google Chrome\";v=\"140\""],"sec-ch-ua-mobile":["?0"],"access-control-allow-credentials":["true"],"user-agent":["Mozilla/5.0 (Windows NT 10.0; Win64; x64) AppleWebKit/537.36 (KHTML, like Gecko) Chrome/140.0.0.0 Safari/537.36"],"accept":["application/json"],"content-type":["application/json"],"origin":["http://localhost:4200"],"sec-fetch-site":["same-site"],"sec-fetch-mode":["cors"],"sec-fetch-dest":["empty"],"referer":["http://localhost:4200/"],"accept-encoding":["gzip, deflate, br, zstd"],"accept-language":["es-419,es;q=0.9"]},"query_params":[],"request_data":[],"request_size":0,"timestamp":"2025-10-03T00:58:23.295557Z"},"timestamp":"2025-10-03T00:58:23.295965Z"} 
[2025-10-02 17:58:23] local.INFO: User Action {"action":"request_end","model":"API_Request","model_id":0,"user_id":15,"user_email":"proveedor@materialesconstruccion.mx","ip_address":"::1","user_agent":"Mozilla/5.0 (Windows NT 10.0; Win64; x64) AppleWebKit/537.36 (KHTML, like Gecko) Chrome/140.0.0.0 Safari/537.36","data":{"request_id":"req_68df1faf481f85.79951937","method":"GET","path":"api/auth/me","status_code":200,"execution_time_ms":12.46,"response_size":1979,"memory_usage_mb":28.0,"memory_peak_mb":28.0,"user_id":15,"performance_category":"fast","response_headers":{"content_type":"application/json"}},"timestamp":"2025-10-03T00:58:23.307962Z"} 
[2025-10-02 17:58:23] local.INFO: User Action {"action":"request_start","model":"API_Request","model_id":0,"user_id":15,"user_email":"proveedor@materialesconstruccion.mx","ip_address":"::1","user_agent":"Mozilla/5.0 (Windows NT 10.0; Win64; x64) AppleWebKit/537.36 (KHTML, like Gecko) Chrome/140.0.0.0 Safari/537.36","data":{"request_id":"req_68df1faf8df1e5.09256510","method":"GET","path":"api/notifications","full_url":"http://localhost:8080/api/notifications","ip_address":"::1","user_agent":"Mozilla/5.0 (Windows NT 10.0; Win64; x64) AppleWebKit/537.36 (KHTML, like Gecko) Chrome/140.0.0.0 Safari/537.36","referer":"http://localhost:4200/","user_id":15,"user_email":"proveedor@materialesconstruccion.mx","headers":{"host":["localhost:8080"],"connection":["keep-alive"],"sec-ch-ua-platform":["\"Windows\""],"authorization":"[HIDDEN]","sec-ch-ua":["\"Chromium\";v=\"140\", \"Not=A?Brand\";v=\"24\", \"Google Chrome\";v=\"140\""],"sec-ch-ua-mobile":["?0"],"access-control-allow-credentials":["true"],"user-agent":["Mozilla/5.0 (Windows NT 10.0; Win64; x64) AppleWebKit/537.36 (KHTML, like Gecko) Chrome/140.0.0.0 Safari/537.36"],"accept":["application/json, text/plain, */*"],"content-type":["application/json"],"origin":["http://localhost:4200"],"sec-fetch-site":["same-site"],"sec-fetch-mode":["cors"],"sec-fetch-dest":["empty"],"referer":["http://localhost:4200/"],"accept-encoding":["gzip, deflate, br, zstd"],"accept-language":["es-419,es;q=0.9"]},"query_params":[],"request_data":[],"request_size":0,"timestamp":"2025-10-03T00:58:23.581599Z"},"timestamp":"2025-10-03T00:58:23.582140Z"} 
[2025-10-02 17:58:23] local.INFO: User Action {"action":"request_end","model":"API_Request","model_id":0,"user_id":15,"user_email":"proveedor@materialesconstruccion.mx","ip_address":"::1","user_agent":"Mozilla/5.0 (Windows NT 10.0; Win64; x64) AppleWebKit/537.36 (KHTML, like Gecko) Chrome/140.0.0.0 Safari/537.36","data":{"request_id":"req_68df1faf8df1e5.09256510","method":"GET","path":"api/notifications","status_code":200,"execution_time_ms":9.93,"response_size":558,"memory_usage_mb":26.0,"memory_peak_mb":26.0,"user_id":15,"performance_category":"fast","response_headers":{"content_type":"application/json"}},"timestamp":"2025-10-03T00:58:23.591447Z"} 
[2025-10-02 17:58:24] local.INFO: User Action {"action":"request_start","model":"API_Request","model_id":0,"user_id":15,"user_email":"proveedor@materialesconstruccion.mx","ip_address":"::1","user_agent":"Mozilla/5.0 (Windows NT 10.0; Win64; x64) AppleWebKit/537.36 (KHTML, like Gecko) Chrome/140.0.0.0 Safari/537.36","data":{"request_id":"req_68df1fb034f242.52831780","method":"GET","path":"api/auth/me","full_url":"http://localhost:8080/api/auth/me","ip_address":"::1","user_agent":"Mozilla/5.0 (Windows NT 10.0; Win64; x64) AppleWebKit/537.36 (KHTML, like Gecko) Chrome/140.0.0.0 Safari/537.36","referer":"http://localhost:4200/","user_id":15,"user_email":"proveedor@materialesconstruccion.mx","headers":{"host":["localhost:8080"],"connection":["keep-alive"],"sec-ch-ua-platform":["\"Windows\""],"authorization":"[HIDDEN]","sec-ch-ua":["\"Chromium\";v=\"140\", \"Not=A?Brand\";v=\"24\", \"Google Chrome\";v=\"140\""],"sec-ch-ua-mobile":["?0"],"access-control-allow-credentials":["true"],"user-agent":["Mozilla/5.0 (Windows NT 10.0; Win64; x64) AppleWebKit/537.36 (KHTML, like Gecko) Chrome/140.0.0.0 Safari/537.36"],"accept":["application/json"],"content-type":["application/json"],"origin":["http://localhost:4200"],"sec-fetch-site":["same-site"],"sec-fetch-mode":["cors"],"sec-fetch-dest":["empty"],"referer":["http://localhost:4200/"],"accept-encoding":["gzip, deflate, br, zstd"],"accept-language":["es-419,es;q=0.9"]},"query_params":[],"request_data":[],"request_size":0,"timestamp":"2025-10-03T00:58:24.217032Z"},"timestamp":"2025-10-03T00:58:24.217579Z"} 
[2025-10-02 17:58:24] local.INFO: User Action {"action":"request_end","model":"API_Request","model_id":0,"user_id":15,"user_email":"proveedor@materialesconstruccion.mx","ip_address":"::1","user_agent":"Mozilla/5.0 (Windows NT 10.0; Win64; x64) AppleWebKit/537.36 (KHTML, like Gecko) Chrome/140.0.0.0 Safari/537.36","data":{"request_id":"req_68df1fb034f242.52831780","method":"GET","path":"api/auth/me","status_code":200,"execution_time_ms":12.41,"response_size":1979,"memory_usage_mb":28.0,"memory_peak_mb":28.0,"user_id":15,"performance_category":"fast","response_headers":{"content_type":"application/json"}},"timestamp":"2025-10-03T00:58:24.229385Z"} 
[2025-10-02 17:58:24] local.INFO: User Action {"action":"request_start","model":"API_Request","model_id":0,"user_id":15,"user_email":"proveedor@materialesconstruccion.mx","ip_address":"::1","user_agent":"Mozilla/5.0 (Windows NT 10.0; Win64; x64) AppleWebKit/537.36 (KHTML, like Gecko) Chrome/140.0.0.0 Safari/537.36","data":{"request_id":"req_68df1fb079dfe4.79149505","method":"GET","path":"api/notifications","full_url":"http://localhost:8080/api/notifications","ip_address":"::1","user_agent":"Mozilla/5.0 (Windows NT 10.0; Win64; x64) AppleWebKit/537.36 (KHTML, like Gecko) Chrome/140.0.0.0 Safari/537.36","referer":"http://localhost:4200/","user_id":15,"user_email":"proveedor@materialesconstruccion.mx","headers":{"host":["localhost:8080"],"connection":["keep-alive"],"sec-ch-ua-platform":["\"Windows\""],"authorization":"[HIDDEN]","sec-ch-ua":["\"Chromium\";v=\"140\", \"Not=A?Brand\";v=\"24\", \"Google Chrome\";v=\"140\""],"sec-ch-ua-mobile":["?0"],"access-control-allow-credentials":["true"],"user-agent":["Mozilla/5.0 (Windows NT 10.0; Win64; x64) AppleWebKit/537.36 (KHTML, like Gecko) Chrome/140.0.0.0 Safari/537.36"],"accept":["application/json, text/plain, */*"],"content-type":["application/json"],"origin":["http://localhost:4200"],"sec-fetch-site":["same-site"],"sec-fetch-mode":["cors"],"sec-fetch-dest":["empty"],"referer":["http://localhost:4200/"],"accept-encoding":["gzip, deflate, br, zstd"],"accept-language":["es-419,es;q=0.9"]},"query_params":[],"request_data":[],"request_size":0,"timestamp":"2025-10-03T00:58:24.499313Z"},"timestamp":"2025-10-03T00:58:24.499687Z"} 
[2025-10-02 17:58:24] local.INFO: User Action {"action":"request_end","model":"API_Request","model_id":0,"user_id":15,"user_email":"proveedor@materialesconstruccion.mx","ip_address":"::1","user_agent":"Mozilla/5.0 (Windows NT 10.0; Win64; x64) AppleWebKit/537.36 (KHTML, like Gecko) Chrome/140.0.0.0 Safari/537.36","data":{"request_id":"req_68df1fb079dfe4.79149505","method":"GET","path":"api/notifications","status_code":200,"execution_time_ms":7.72,"response_size":558,"memory_usage_mb":26.0,"memory_peak_mb":26.0,"user_id":15,"performance_category":"fast","response_headers":{"content_type":"application/json"}},"timestamp":"2025-10-03T00:58:24.507003Z"} 
[2025-10-02 17:58:24] local.INFO: User Action {"action":"request_start","model":"API_Request","model_id":0,"user_id":15,"user_email":"proveedor@materialesconstruccion.mx","ip_address":"::1","user_agent":"Mozilla/5.0 (Windows NT 10.0; Win64; x64) AppleWebKit/537.36 (KHTML, like Gecko) Chrome/140.0.0.0 Safari/537.36","data":{"request_id":"req_68df1fb0f00897.52342591","method":"GET","path":"api/proveedores/user/15","full_url":"http://localhost:8080/api/proveedores/user/15","ip_address":"::1","user_agent":"Mozilla/5.0 (Windows NT 10.0; Win64; x64) AppleWebKit/537.36 (KHTML, like Gecko) Chrome/140.0.0.0 Safari/537.36","referer":"http://localhost:4200/","user_id":15,"user_email":"proveedor@materialesconstruccion.mx","headers":{"host":["localhost:8080"],"connection":["keep-alive"],"sec-ch-ua-platform":["\"Windows\""],"authorization":"[HIDDEN]","sec-ch-ua":["\"Chromium\";v=\"140\", \"Not=A?Brand\";v=\"24\", \"Google Chrome\";v=\"140\""],"sec-ch-ua-mobile":["?0"],"access-control-allow-credentials":["true"],"user-agent":["Mozilla/5.0 (Windows NT 10.0; Win64; x64) AppleWebKit/537.36 (KHTML, like Gecko) Chrome/140.0.0.0 Safari/537.36"],"accept":["application/json, text/plain, */*"],"content-type":["application/json"],"origin":["http://localhost:4200"],"sec-fetch-site":["same-site"],"sec-fetch-mode":["cors"],"sec-fetch-dest":["empty"],"referer":["http://localhost:4200/"],"accept-encoding":["gzip, deflate, br, zstd"],"accept-language":["es-419,es;q=0.9"]},"query_params":[],"request_data":[],"request_size":0,"timestamp":"2025-10-03T00:58:24.983272Z"},"timestamp":"2025-10-03T00:58:24.983658Z"} 
[2025-10-02 17:58:24] local.INFO: User Action {"action":"request_end","model":"API_Request","model_id":0,"user_id":15,"user_email":"proveedor@materialesconstruccion.mx","ip_address":"::1","user_agent":"Mozilla/5.0 (Windows NT 10.0; Win64; x64) AppleWebKit/537.36 (KHTML, like Gecko) Chrome/140.0.0.0 Safari/537.36","data":{"request_id":"req_68df1fb0f00897.52342591","method":"GET","path":"api/proveedores/user/15","status_code":200,"execution_time_ms":12.05,"response_size":1566,"memory_usage_mb":28.0,"memory_peak_mb":28.0,"user_id":15,"performance_category":"fast","response_headers":{"content_type":"application/json"}},"timestamp":"2025-10-03T00:58:24.995301Z"} 
[2025-10-02 17:58:25] local.INFO: User Action {"action":"request_start","model":"API_Request","model_id":0,"user_id":15,"user_email":"proveedor@materialesconstruccion.mx","ip_address":"::1","user_agent":"Mozilla/5.0 (Windows NT 10.0; Win64; x64) AppleWebKit/537.36 (KHTML, like Gecko) Chrome/140.0.0.0 Safari/537.36","data":{"request_id":"req_68df1fb11df0b1.79624637","method":"GET","path":"api/auth/me","full_url":"http://localhost:8080/api/auth/me","ip_address":"::1","user_agent":"Mozilla/5.0 (Windows NT 10.0; Win64; x64) AppleWebKit/537.36 (KHTML, like Gecko) Chrome/140.0.0.0 Safari/537.36","referer":"http://localhost:4200/","user_id":15,"user_email":"proveedor@materialesconstruccion.mx","headers":{"host":["localhost:8080"],"connection":["keep-alive"],"sec-ch-ua-platform":["\"Windows\""],"authorization":"[HIDDEN]","sec-ch-ua":["\"Chromium\";v=\"140\", \"Not=A?Brand\";v=\"24\", \"Google Chrome\";v=\"140\""],"sec-ch-ua-mobile":["?0"],"access-control-allow-credentials":["true"],"user-agent":["Mozilla/5.0 (Windows NT 10.0; Win64; x64) AppleWebKit/537.36 (KHTML, like Gecko) Chrome/140.0.0.0 Safari/537.36"],"accept":["application/json"],"content-type":["application/json"],"origin":["http://localhost:4200"],"sec-fetch-site":["same-site"],"sec-fetch-mode":["cors"],"sec-fetch-dest":["empty"],"referer":["http://localhost:4200/"],"accept-encoding":["gzip, deflate, br, zstd"],"accept-language":["es-419,es;q=0.9"]},"query_params":[],"request_data":[],"request_size":0,"timestamp":"2025-10-03T00:58:25.122753Z"},"timestamp":"2025-10-03T00:58:25.123118Z"} 
[2025-10-02 17:58:25] local.INFO: User Action {"action":"request_end","model":"API_Request","model_id":0,"user_id":15,"user_email":"proveedor@materialesconstruccion.mx","ip_address":"::1","user_agent":"Mozilla/5.0 (Windows NT 10.0; Win64; x64) AppleWebKit/537.36 (KHTML, like Gecko) Chrome/140.0.0.0 Safari/537.36","data":{"request_id":"req_68df1fb11df0b1.79624637","method":"GET","path":"api/auth/me","status_code":200,"execution_time_ms":11.42,"response_size":1979,"memory_usage_mb":28.0,"memory_peak_mb":28.0,"user_id":15,"performance_category":"fast","response_headers":{"content_type":"application/json"}},"timestamp":"2025-10-03T00:58:25.134118Z"} 
[2025-10-02 17:58:25] local.INFO: User Action {"action":"request_start","model":"API_Request","model_id":0,"user_id":15,"user_email":"proveedor@materialesconstruccion.mx","ip_address":"::1","user_agent":"Mozilla/5.0 (Windows NT 10.0; Win64; x64) AppleWebKit/537.36 (KHTML, like Gecko) Chrome/140.0.0.0 Safari/537.36","data":{"request_id":"req_68df1fb1915be7.52345702","method":"GET","path":"api/proveedores/4/solicitudes-pago","full_url":"http://localhost:8080/api/proveedores/4/solicitudes-pago?estado_solicitud=pendiente&order=desc&per_page=15&sort_by=fecha_registro_pendiente","ip_address":"::1","user_agent":"Mozilla/5.0 (Windows NT 10.0; Win64; x64) AppleWebKit/537.36 (KHTML, like Gecko) Chrome/140.0.0.0 Safari/537.36","referer":"http://localhost:4200/","user_id":15,"user_email":"proveedor@materialesconstruccion.mx","headers":{"host":["localhost:8080"],"connection":["keep-alive"],"sec-ch-ua-platform":["\"Windows\""],"authorization":"[HIDDEN]","sec-ch-ua":["\"Chromium\";v=\"140\", \"Not=A?Brand\";v=\"24\", \"Google Chrome\";v=\"140\""],"sec-ch-ua-mobile":["?0"],"access-control-allow-credentials":["true"],"user-agent":["Mozilla/5.0 (Windows NT 10.0; Win64; x64) AppleWebKit/537.36 (KHTML, like Gecko) Chrome/140.0.0.0 Safari/537.36"],"accept":["application/json, text/plain, */*"],"content-type":["application/json"],"origin":["http://localhost:4200"],"sec-fetch-site":["same-site"],"sec-fetch-mode":["cors"],"sec-fetch-dest":["empty"],"referer":["http://localhost:4200/"],"accept-encoding":["gzip, deflate, br, zstd"],"accept-language":["es-419,es;q=0.9"]},"query_params":{"estado_solicitud":"pendiente","per_page":"15","sort_by":"fecha_registro_pendiente","order":"desc"},"request_data":{"_proveedor_id":4,"_user_proveedor_relation":"PRINCIPAL","estado_solicitud":"pendiente","per_page":"15","sort_by":"fecha_registro_pendiente","order":"desc"},"request_size":0,"timestamp":"2025-10-03T00:58:25.595485Z"},"timestamp":"2025-10-03T00:58:25.595852Z"} 
[2025-10-02 17:58:25] local.INFO: User Action {"action":"request_end","model":"API_Request","model_id":0,"user_id":15,"user_email":"proveedor@materialesconstruccion.mx","ip_address":"::1","user_agent":"Mozilla/5.0 (Windows NT 10.0; Win64; x64) AppleWebKit/537.36 (KHTML, like Gecko) Chrome/140.0.0.0 Safari/537.36","data":{"request_id":"req_68df1fb1915be7.52345702","method":"GET","path":"api/proveedores/4/solicitudes-pago","status_code":200,"execution_time_ms":14.45,"response_size":9744,"memory_usage_mb":28.0,"memory_peak_mb":28.0,"user_id":15,"performance_category":"fast","response_headers":{"content_type":"application/json"}},"timestamp":"2025-10-03T00:58:25.609927Z"} 
[2025-10-02 18:01:34] local.INFO: User Action {"action":"request_start","model":"API_Request","model_id":0,"user_id":15,"user_email":"proveedor@materialesconstruccion.mx","ip_address":"::1","user_agent":"Mozilla/5.0 (Windows NT 10.0; Win64; x64) AppleWebKit/537.36 (KHTML, like Gecko) Chrome/140.0.0.0 Safari/537.36","data":{"request_id":"req_68df206e19dfb9.63598743","method":"GET","path":"api/auth/me","full_url":"http://localhost:8080/api/auth/me","ip_address":"::1","user_agent":"Mozilla/5.0 (Windows NT 10.0; Win64; x64) AppleWebKit/537.36 (KHTML, like Gecko) Chrome/140.0.0.0 Safari/537.36","referer":"http://localhost:4200/","user_id":15,"user_email":"proveedor@materialesconstruccion.mx","headers":{"host":["localhost:8080"],"connection":["keep-alive"],"sec-ch-ua-platform":["\"Windows\""],"authorization":"[HIDDEN]","sec-ch-ua":["\"Chromium\";v=\"140\", \"Not=A?Brand\";v=\"24\", \"Google Chrome\";v=\"140\""],"sec-ch-ua-mobile":["?0"],"access-control-allow-credentials":["true"],"user-agent":["Mozilla/5.0 (Windows NT 10.0; Win64; x64) AppleWebKit/537.36 (KHTML, like Gecko) Chrome/140.0.0.0 Safari/537.36"],"accept":["application/json"],"content-type":["application/json"],"origin":["http://localhost:4200"],"sec-fetch-site":["same-site"],"sec-fetch-mode":["cors"],"sec-fetch-dest":["empty"],"referer":["http://localhost:4200/"],"accept-encoding":["gzip, deflate, br, zstd"],"accept-language":["es-419,es;q=0.9"]},"query_params":[],"request_data":[],"request_size":0,"timestamp":"2025-10-03T01:01:34.106106Z"},"timestamp":"2025-10-03T01:01:34.106536Z"} 
[2025-10-02 18:01:34] local.INFO: User Action {"action":"request_end","model":"API_Request","model_id":0,"user_id":15,"user_email":"proveedor@materialesconstruccion.mx","ip_address":"::1","user_agent":"Mozilla/5.0 (Windows NT 10.0; Win64; x64) AppleWebKit/537.36 (KHTML, like Gecko) Chrome/140.0.0.0 Safari/537.36","data":{"request_id":"req_68df206e19dfb9.63598743","method":"GET","path":"api/auth/me","status_code":200,"execution_time_ms":13.0,"response_size":1979,"memory_usage_mb":28.0,"memory_peak_mb":28.0,"user_id":15,"performance_category":"fast","response_headers":{"content_type":"application/json"}},"timestamp":"2025-10-03T01:01:34.119059Z"} 
[2025-10-02 18:01:34] local.INFO: User Action {"action":"request_start","model":"API_Request","model_id":0,"user_id":15,"user_email":"proveedor@materialesconstruccion.mx","ip_address":"::1","user_agent":"Mozilla/5.0 (Windows NT 10.0; Win64; x64) AppleWebKit/537.36 (KHTML, like Gecko) Chrome/140.0.0.0 Safari/537.36","data":{"request_id":"req_68df206ec37104.38174685","method":"GET","path":"api/notifications","full_url":"http://localhost:8080/api/notifications","ip_address":"::1","user_agent":"Mozilla/5.0 (Windows NT 10.0; Win64; x64) AppleWebKit/537.36 (KHTML, like Gecko) Chrome/140.0.0.0 Safari/537.36","referer":"http://localhost:4200/","user_id":15,"user_email":"proveedor@materialesconstruccion.mx","headers":{"host":["localhost:8080"],"connection":["keep-alive"],"sec-ch-ua-platform":["\"Windows\""],"authorization":"[HIDDEN]","sec-ch-ua":["\"Chromium\";v=\"140\", \"Not=A?Brand\";v=\"24\", \"Google Chrome\";v=\"140\""],"sec-ch-ua-mobile":["?0"],"access-control-allow-credentials":["true"],"user-agent":["Mozilla/5.0 (Windows NT 10.0; Win64; x64) AppleWebKit/537.36 (KHTML, like Gecko) Chrome/140.0.0.0 Safari/537.36"],"accept":["application/json, text/plain, */*"],"content-type":["application/json"],"origin":["http://localhost:4200"],"sec-fetch-site":["same-site"],"sec-fetch-mode":["cors"],"sec-fetch-dest":["empty"],"referer":["http://localhost:4200/"],"accept-encoding":["gzip, deflate, br, zstd"],"accept-language":["es-419,es;q=0.9"]},"query_params":[],"request_data":[],"request_size":0,"timestamp":"2025-10-03T01:01:34.800634Z"},"timestamp":"2025-10-03T01:01:34.800990Z"} 
[2025-10-02 18:01:34] local.INFO: User Action {"action":"request_end","model":"API_Request","model_id":0,"user_id":15,"user_email":"proveedor@materialesconstruccion.mx","ip_address":"::1","user_agent":"Mozilla/5.0 (Windows NT 10.0; Win64; x64) AppleWebKit/537.36 (KHTML, like Gecko) Chrome/140.0.0.0 Safari/537.36","data":{"request_id":"req_68df206ec37104.38174685","method":"GET","path":"api/notifications","status_code":200,"execution_time_ms":6.96,"response_size":558,"memory_usage_mb":26.0,"memory_peak_mb":26.0,"user_id":15,"performance_category":"fast","response_headers":{"content_type":"application/json"}},"timestamp":"2025-10-03T01:01:34.807638Z"} 
[2025-10-02 18:01:34] local.INFO: User Action {"action":"request_start","model":"API_Request","model_id":0,"user_id":15,"user_email":"proveedor@materialesconstruccion.mx","ip_address":"::1","user_agent":"Mozilla/5.0 (Windows NT 10.0; Win64; x64) AppleWebKit/537.36 (KHTML, like Gecko) Chrome/140.0.0.0 Safari/537.36","data":{"request_id":"req_68df206ee8b833.77560715","method":"GET","path":"api/proveedores/user/15","full_url":"http://localhost:8080/api/proveedores/user/15","ip_address":"::1","user_agent":"Mozilla/5.0 (Windows NT 10.0; Win64; x64) AppleWebKit/537.36 (KHTML, like Gecko) Chrome/140.0.0.0 Safari/537.36","referer":"http://localhost:4200/","user_id":15,"user_email":"proveedor@materialesconstruccion.mx","headers":{"host":["localhost:8080"],"connection":["keep-alive"],"sec-ch-ua-platform":["\"Windows\""],"authorization":"[HIDDEN]","sec-ch-ua":["\"Chromium\";v=\"140\", \"Not=A?Brand\";v=\"24\", \"Google Chrome\";v=\"140\""],"sec-ch-ua-mobile":["?0"],"access-control-allow-credentials":["true"],"user-agent":["Mozilla/5.0 (Windows NT 10.0; Win64; x64) AppleWebKit/537.36 (KHTML, like Gecko) Chrome/140.0.0.0 Safari/537.36"],"accept":["application/json, text/plain, */*"],"content-type":["application/json"],"origin":["http://localhost:4200"],"sec-fetch-site":["same-site"],"sec-fetch-mode":["cors"],"sec-fetch-dest":["empty"],"referer":["http://localhost:4200/"],"accept-encoding":["gzip, deflate, br, zstd"],"accept-language":["es-419,es;q=0.9"]},"query_params":[],"request_data":[],"request_size":0,"timestamp":"2025-10-03T01:01:34.953313Z"},"timestamp":"2025-10-03T01:01:34.953693Z"} 
[2025-10-02 18:01:34] local.INFO: User Action {"action":"request_end","model":"API_Request","model_id":0,"user_id":15,"user_email":"proveedor@materialesconstruccion.mx","ip_address":"::1","user_agent":"Mozilla/5.0 (Windows NT 10.0; Win64; x64) AppleWebKit/537.36 (KHTML, like Gecko) Chrome/140.0.0.0 Safari/537.36","data":{"request_id":"req_68df206ee8b833.77560715","method":"GET","path":"api/proveedores/user/15","status_code":200,"execution_time_ms":13.19,"response_size":1566,"memory_usage_mb":28.0,"memory_peak_mb":28.0,"user_id":15,"performance_category":"fast","response_headers":{"content_type":"application/json"}},"timestamp":"2025-10-03T01:01:34.966474Z"} 
[2025-10-02 18:01:35] local.INFO: User Action {"action":"request_start","model":"API_Request","model_id":0,"user_id":15,"user_email":"proveedor@materialesconstruccion.mx","ip_address":"::1","user_agent":"Mozilla/5.0 (Windows NT 10.0; Win64; x64) AppleWebKit/537.36 (KHTML, like Gecko) Chrome/140.0.0.0 Safari/537.36","data":{"request_id":"req_68df206f363747.11956434","method":"GET","path":"api/auth/me","full_url":"http://localhost:8080/api/auth/me","ip_address":"::1","user_agent":"Mozilla/5.0 (Windows NT 10.0; Win64; x64) AppleWebKit/537.36 (KHTML, like Gecko) Chrome/140.0.0.0 Safari/537.36","referer":"http://localhost:4200/","user_id":15,"user_email":"proveedor@materialesconstruccion.mx","headers":{"host":["localhost:8080"],"connection":["keep-alive"],"sec-ch-ua-platform":["\"Windows\""],"authorization":"[HIDDEN]","sec-ch-ua":["\"Chromium\";v=\"140\", \"Not=A?Brand\";v=\"24\", \"Google Chrome\";v=\"140\""],"sec-ch-ua-mobile":["?0"],"access-control-allow-credentials":["true"],"user-agent":["Mozilla/5.0 (Windows NT 10.0; Win64; x64) AppleWebKit/537.36 (KHTML, like Gecko) Chrome/140.0.0.0 Safari/537.36"],"accept":["application/json"],"content-type":["application/json"],"origin":["http://localhost:4200"],"sec-fetch-site":["same-site"],"sec-fetch-mode":["cors"],"sec-fetch-dest":["empty"],"referer":["http://localhost:4200/"],"accept-encoding":["gzip, deflate, br, zstd"],"accept-language":["es-419,es;q=0.9"]},"query_params":[],"request_data":[],"request_size":0,"timestamp":"2025-10-03T01:01:35.222383Z"},"timestamp":"2025-10-03T01:01:35.223039Z"} 
[2025-10-02 18:01:35] local.INFO: User Action {"action":"request_end","model":"API_Request","model_id":0,"user_id":15,"user_email":"proveedor@materialesconstruccion.mx","ip_address":"::1","user_agent":"Mozilla/5.0 (Windows NT 10.0; Win64; x64) AppleWebKit/537.36 (KHTML, like Gecko) Chrome/140.0.0.0 Safari/537.36","data":{"request_id":"req_68df206f363747.11956434","method":"GET","path":"api/auth/me","status_code":200,"execution_time_ms":12.81,"response_size":1979,"memory_usage_mb":28.0,"memory_peak_mb":28.0,"user_id":15,"performance_category":"fast","response_headers":{"content_type":"application/json"}},"timestamp":"2025-10-03T01:01:35.234941Z"} 
[2025-10-02 18:01:35] local.INFO: User Action {"action":"request_start","model":"API_Request","model_id":0,"user_id":15,"user_email":"proveedor@materialesconstruccion.mx","ip_address":"::1","user_agent":"Mozilla/5.0 (Windows NT 10.0; Win64; x64) AppleWebKit/537.36 (KHTML, like Gecko) Chrome/140.0.0.0 Safari/537.36","data":{"request_id":"req_68df206f9eac98.70705749","method":"GET","path":"api/proveedores/4/solicitudes-pago","full_url":"http://localhost:8080/api/proveedores/4/solicitudes-pago?estado_solicitud=pendiente&order=desc&per_page=15&sort_by=fecha_registro_pendiente","ip_address":"::1","user_agent":"Mozilla/5.0 (Windows NT 10.0; Win64; x64) AppleWebKit/537.36 (KHTML, like Gecko) Chrome/140.0.0.0 Safari/537.36","referer":"http://localhost:4200/","user_id":15,"user_email":"proveedor@materialesconstruccion.mx","headers":{"host":["localhost:8080"],"connection":["keep-alive"],"sec-ch-ua-platform":["\"Windows\""],"authorization":"[HIDDEN]","sec-ch-ua":["\"Chromium\";v=\"140\", \"Not=A?Brand\";v=\"24\", \"Google Chrome\";v=\"140\""],"sec-ch-ua-mobile":["?0"],"access-control-allow-credentials":["true"],"user-agent":["Mozilla/5.0 (Windows NT 10.0; Win64; x64) AppleWebKit/537.36 (KHTML, like Gecko) Chrome/140.0.0.0 Safari/537.36"],"accept":["application/json, text/plain, */*"],"content-type":["application/json"],"origin":["http://localhost:4200"],"sec-fetch-site":["same-site"],"sec-fetch-mode":["cors"],"sec-fetch-dest":["empty"],"referer":["http://localhost:4200/"],"accept-encoding":["gzip, deflate, br, zstd"],"accept-language":["es-419,es;q=0.9"]},"query_params":{"estado_solicitud":"pendiente","per_page":"15","sort_by":"fecha_registro_pendiente","order":"desc"},"request_data":{"_proveedor_id":4,"_user_proveedor_relation":"PRINCIPAL","estado_solicitud":"pendiente","per_page":"15","sort_by":"fecha_registro_pendiente","order":"desc"},"request_size":0,"timestamp":"2025-10-03T01:01:35.650041Z"},"timestamp":"2025-10-03T01:01:35.650433Z"} 
[2025-10-02 18:01:35] local.INFO: User Action {"action":"request_end","model":"API_Request","model_id":0,"user_id":15,"user_email":"proveedor@materialesconstruccion.mx","ip_address":"::1","user_agent":"Mozilla/5.0 (Windows NT 10.0; Win64; x64) AppleWebKit/537.36 (KHTML, like Gecko) Chrome/140.0.0.0 Safari/537.36","data":{"request_id":"req_68df206f9eac98.70705749","method":"GET","path":"api/proveedores/4/solicitudes-pago","status_code":200,"execution_time_ms":12.92,"response_size":9744,"memory_usage_mb":28.0,"memory_peak_mb":28.0,"user_id":15,"performance_category":"fast","response_headers":{"content_type":"application/json"}},"timestamp":"2025-10-03T01:01:35.662924Z"} 
[2025-10-02 18:01:36] local.INFO: User Action {"action":"request_start","model":"API_Request","model_id":0,"user_id":15,"user_email":"proveedor@materialesconstruccion.mx","ip_address":"::1","user_agent":"Mozilla/5.0 (Windows NT 10.0; Win64; x64) AppleWebKit/537.36 (KHTML, like Gecko) Chrome/140.0.0.0 Safari/537.36","data":{"request_id":"req_68df20706b8fd3.17036936","method":"GET","path":"api/auth/me","full_url":"http://localhost:8080/api/auth/me","ip_address":"::1","user_agent":"Mozilla/5.0 (Windows NT 10.0; Win64; x64) AppleWebKit/537.36 (KHTML, like Gecko) Chrome/140.0.0.0 Safari/537.36","referer":"http://localhost:4200/","user_id":15,"user_email":"proveedor@materialesconstruccion.mx","headers":{"host":["localhost:8080"],"connection":["keep-alive"],"sec-ch-ua-platform":["\"Windows\""],"authorization":"[HIDDEN]","sec-ch-ua":["\"Chromium\";v=\"140\", \"Not=A?Brand\";v=\"24\", \"Google Chrome\";v=\"140\""],"sec-ch-ua-mobile":["?0"],"access-control-allow-credentials":["true"],"user-agent":["Mozilla/5.0 (Windows NT 10.0; Win64; x64) AppleWebKit/537.36 (KHTML, like Gecko) Chrome/140.0.0.0 Safari/537.36"],"accept":["application/json"],"content-type":["application/json"],"origin":["http://localhost:4200"],"sec-fetch-site":["same-site"],"sec-fetch-mode":["cors"],"sec-fetch-dest":["empty"],"referer":["http://localhost:4200/"],"accept-encoding":["gzip, deflate, br, zstd"],"accept-language":["es-419,es;q=0.9"]},"query_params":[],"request_data":[],"request_size":0,"timestamp":"2025-10-03T01:01:36.440690Z"},"timestamp":"2025-10-03T01:01:36.441048Z"} 
[2025-10-02 18:01:36] local.INFO: User Action {"action":"request_end","model":"API_Request","model_id":0,"user_id":15,"user_email":"proveedor@materialesconstruccion.mx","ip_address":"::1","user_agent":"Mozilla/5.0 (Windows NT 10.0; Win64; x64) AppleWebKit/537.36 (KHTML, like Gecko) Chrome/140.0.0.0 Safari/537.36","data":{"request_id":"req_68df20706b8fd3.17036936","method":"GET","path":"api/auth/me","status_code":200,"execution_time_ms":11.14,"response_size":1979,"memory_usage_mb":28.0,"memory_peak_mb":28.0,"user_id":15,"performance_category":"fast","response_headers":{"content_type":"application/json"}},"timestamp":"2025-10-03T01:01:36.451779Z"} 
[2025-10-02 18:01:37] local.INFO: User Action {"action":"request_start","model":"API_Request","model_id":0,"user_id":15,"user_email":"proveedor@materialesconstruccion.mx","ip_address":"::1","user_agent":"Mozilla/5.0 (Windows NT 10.0; Win64; x64) AppleWebKit/537.36 (KHTML, like Gecko) Chrome/140.0.0.0 Safari/537.36","data":{"request_id":"req_68df207119c898.13739123","method":"GET","path":"api/notifications","full_url":"http://localhost:8080/api/notifications","ip_address":"::1","user_agent":"Mozilla/5.0 (Windows NT 10.0; Win64; x64) AppleWebKit/537.36 (KHTML, like Gecko) Chrome/140.0.0.0 Safari/537.36","referer":"http://localhost:4200/","user_id":15,"user_email":"proveedor@materialesconstruccion.mx","headers":{"host":["localhost:8080"],"connection":["keep-alive"],"sec-ch-ua-platform":["\"Windows\""],"authorization":"[HIDDEN]","sec-ch-ua":["\"Chromium\";v=\"140\", \"Not=A?Brand\";v=\"24\", \"Google Chrome\";v=\"140\""],"sec-ch-ua-mobile":["?0"],"access-control-allow-credentials":["true"],"user-agent":["Mozilla/5.0 (Windows NT 10.0; Win64; x64) AppleWebKit/537.36 (KHTML, like Gecko) Chrome/140.0.0.0 Safari/537.36"],"accept":["application/json, text/plain, */*"],"content-type":["application/json"],"origin":["http://localhost:4200"],"sec-fetch-site":["same-site"],"sec-fetch-mode":["cors"],"sec-fetch-dest":["empty"],"referer":["http://localhost:4200/"],"accept-encoding":["gzip, deflate, br, zstd"],"accept-language":["es-419,es;q=0.9"]},"query_params":[],"request_data":[],"request_size":0,"timestamp":"2025-10-03T01:01:37.105722Z"},"timestamp":"2025-10-03T01:01:37.106096Z"} 
[2025-10-02 18:01:37] local.INFO: User Action {"action":"request_end","model":"API_Request","model_id":0,"user_id":15,"user_email":"proveedor@materialesconstruccion.mx","ip_address":"::1","user_agent":"Mozilla/5.0 (Windows NT 10.0; Win64; x64) AppleWebKit/537.36 (KHTML, like Gecko) Chrome/140.0.0.0 Safari/537.36","data":{"request_id":"req_68df207119c898.13739123","method":"GET","path":"api/notifications","status_code":200,"execution_time_ms":7.18,"response_size":558,"memory_usage_mb":26.0,"memory_peak_mb":26.0,"user_id":15,"performance_category":"fast","response_headers":{"content_type":"application/json"}},"timestamp":"2025-10-03T01:01:37.112858Z"} 
[2025-10-02 18:01:37] local.INFO: User Action {"action":"request_start","model":"API_Request","model_id":0,"user_id":15,"user_email":"proveedor@materialesconstruccion.mx","ip_address":"::1","user_agent":"Mozilla/5.0 (Windows NT 10.0; Win64; x64) AppleWebKit/537.36 (KHTML, like Gecko) Chrome/140.0.0.0 Safari/537.36","data":{"request_id":"req_68df20713b5066.35837332","method":"GET","path":"api/proveedores/user/15","full_url":"http://localhost:8080/api/proveedores/user/15","ip_address":"::1","user_agent":"Mozilla/5.0 (Windows NT 10.0; Win64; x64) AppleWebKit/537.36 (KHTML, like Gecko) Chrome/140.0.0.0 Safari/537.36","referer":"http://localhost:4200/","user_id":15,"user_email":"proveedor@materialesconstruccion.mx","headers":{"host":["localhost:8080"],"connection":["keep-alive"],"sec-ch-ua-platform":["\"Windows\""],"authorization":"[HIDDEN]","sec-ch-ua":["\"Chromium\";v=\"140\", \"Not=A?Brand\";v=\"24\", \"Google Chrome\";v=\"140\""],"sec-ch-ua-mobile":["?0"],"access-control-allow-credentials":["true"],"user-agent":["Mozilla/5.0 (Windows NT 10.0; Win64; x64) AppleWebKit/537.36 (KHTML, like Gecko) Chrome/140.0.0.0 Safari/537.36"],"accept":["application/json, text/plain, */*"],"content-type":["application/json"],"origin":["http://localhost:4200"],"sec-fetch-site":["same-site"],"sec-fetch-mode":["cors"],"sec-fetch-dest":["empty"],"referer":["http://localhost:4200/"],"accept-encoding":["gzip, deflate, br, zstd"],"accept-language":["es-419,es;q=0.9"]},"query_params":[],"request_data":[],"request_size":0,"timestamp":"2025-10-03T01:01:37.243078Z"},"timestamp":"2025-10-03T01:01:37.243504Z"} 
[2025-10-02 18:01:37] local.INFO: User Action {"action":"request_end","model":"API_Request","model_id":0,"user_id":15,"user_email":"proveedor@materialesconstruccion.mx","ip_address":"::1","user_agent":"Mozilla/5.0 (Windows NT 10.0; Win64; x64) AppleWebKit/537.36 (KHTML, like Gecko) Chrome/140.0.0.0 Safari/537.36","data":{"request_id":"req_68df20713b5066.35837332","method":"GET","path":"api/proveedores/user/15","status_code":200,"execution_time_ms":12.29,"response_size":1566,"memory_usage_mb":28.0,"memory_peak_mb":28.0,"user_id":15,"performance_category":"fast","response_headers":{"content_type":"application/json"}},"timestamp":"2025-10-03T01:01:37.255316Z"} 
[2025-10-02 18:01:37] local.INFO: User Action {"action":"request_start","model":"API_Request","model_id":0,"user_id":15,"user_email":"proveedor@materialesconstruccion.mx","ip_address":"::1","user_agent":"Mozilla/5.0 (Windows NT 10.0; Win64; x64) AppleWebKit/537.36 (KHTML, like Gecko) Chrome/140.0.0.0 Safari/537.36","data":{"request_id":"req_68df2071607099.84691218","method":"GET","path":"api/auth/me","full_url":"http://localhost:8080/api/auth/me","ip_address":"::1","user_agent":"Mozilla/5.0 (Windows NT 10.0; Win64; x64) AppleWebKit/537.36 (KHTML, like Gecko) Chrome/140.0.0.0 Safari/537.36","referer":"http://localhost:4200/","user_id":15,"user_email":"proveedor@materialesconstruccion.mx","headers":{"host":["localhost:8080"],"connection":["keep-alive"],"sec-ch-ua-platform":["\"Windows\""],"authorization":"[HIDDEN]","sec-ch-ua":["\"Chromium\";v=\"140\", \"Not=A?Brand\";v=\"24\", \"Google Chrome\";v=\"140\""],"sec-ch-ua-mobile":["?0"],"access-control-allow-credentials":["true"],"user-agent":["Mozilla/5.0 (Windows NT 10.0; Win64; x64) AppleWebKit/537.36 (KHTML, like Gecko) Chrome/140.0.0.0 Safari/537.36"],"accept":["application/json"],"content-type":["application/json"],"origin":["http://localhost:4200"],"sec-fetch-site":["same-site"],"sec-fetch-mode":["cors"],"sec-fetch-dest":["empty"],"referer":["http://localhost:4200/"],"accept-encoding":["gzip, deflate, br, zstd"],"accept-language":["es-419,es;q=0.9"]},"query_params":[],"request_data":[],"request_size":0,"timestamp":"2025-10-03T01:01:37.395120Z"},"timestamp":"2025-10-03T01:01:37.395555Z"} 
[2025-10-02 18:01:37] local.INFO: User Action {"action":"request_end","model":"API_Request","model_id":0,"user_id":15,"user_email":"proveedor@materialesconstruccion.mx","ip_address":"::1","user_agent":"Mozilla/5.0 (Windows NT 10.0; Win64; x64) AppleWebKit/537.36 (KHTML, like Gecko) Chrome/140.0.0.0 Safari/537.36","data":{"request_id":"req_68df2071607099.84691218","method":"GET","path":"api/auth/me","status_code":200,"execution_time_ms":12.16,"response_size":1979,"memory_usage_mb":28.0,"memory_peak_mb":28.0,"user_id":15,"performance_category":"fast","response_headers":{"content_type":"application/json"}},"timestamp":"2025-10-03T01:01:37.407329Z"} 
[2025-10-02 18:01:37] local.INFO: User Action {"action":"request_start","model":"API_Request","model_id":0,"user_id":15,"user_email":"proveedor@materialesconstruccion.mx","ip_address":"::1","user_agent":"Mozilla/5.0 (Windows NT 10.0; Win64; x64) AppleWebKit/537.36 (KHTML, like Gecko) Chrome/140.0.0.0 Safari/537.36","data":{"request_id":"req_68df2071dd17d0.28279363","method":"GET","path":"api/proveedores/4/solicitudes-pago","full_url":"http://localhost:8080/api/proveedores/4/solicitudes-pago?estado_solicitud=pendiente&order=desc&per_page=15&sort_by=fecha_registro_pendiente","ip_address":"::1","user_agent":"Mozilla/5.0 (Windows NT 10.0; Win64; x64) AppleWebKit/537.36 (KHTML, like Gecko) Chrome/140.0.0.0 Safari/537.36","referer":"http://localhost:4200/","user_id":15,"user_email":"proveedor@materialesconstruccion.mx","headers":{"host":["localhost:8080"],"connection":["keep-alive"],"sec-ch-ua-platform":["\"Windows\""],"authorization":"[HIDDEN]","sec-ch-ua":["\"Chromium\";v=\"140\", \"Not=A?Brand\";v=\"24\", \"Google Chrome\";v=\"140\""],"sec-ch-ua-mobile":["?0"],"access-control-allow-credentials":["true"],"user-agent":["Mozilla/5.0 (Windows NT 10.0; Win64; x64) AppleWebKit/537.36 (KHTML, like Gecko) Chrome/140.0.0.0 Safari/537.36"],"accept":["application/json, text/plain, */*"],"content-type":["application/json"],"origin":["http://localhost:4200"],"sec-fetch-site":["same-site"],"sec-fetch-mode":["cors"],"sec-fetch-dest":["empty"],"referer":["http://localhost:4200/"],"accept-encoding":["gzip, deflate, br, zstd"],"accept-language":["es-419,es;q=0.9"]},"query_params":{"estado_solicitud":"pendiente","per_page":"15","sort_by":"fecha_registro_pendiente","order":"desc"},"request_data":{"_proveedor_id":4,"_user_proveedor_relation":"PRINCIPAL","estado_solicitud":"pendiente","per_page":"15","sort_by":"fecha_registro_pendiente","order":"desc"},"request_size":0,"timestamp":"2025-10-03T01:01:37.905694Z"},"timestamp":"2025-10-03T01:01:37.906054Z"} 
[2025-10-02 18:01:37] local.INFO: User Action {"action":"request_end","model":"API_Request","model_id":0,"user_id":15,"user_email":"proveedor@materialesconstruccion.mx","ip_address":"::1","user_agent":"Mozilla/5.0 (Windows NT 10.0; Win64; x64) AppleWebKit/537.36 (KHTML, like Gecko) Chrome/140.0.0.0 Safari/537.36","data":{"request_id":"req_68df2071dd17d0.28279363","method":"GET","path":"api/proveedores/4/solicitudes-pago","status_code":200,"execution_time_ms":15.47,"response_size":9744,"memory_usage_mb":28.0,"memory_peak_mb":28.0,"user_id":15,"performance_category":"fast","response_headers":{"content_type":"application/json"}},"timestamp":"2025-10-03T01:01:37.921153Z"} 
[2025-10-02 18:01:38] local.INFO: User Action {"action":"request_start","model":"API_Request","model_id":0,"user_id":15,"user_email":"proveedor@materialesconstruccion.mx","ip_address":"::1","user_agent":"Mozilla/5.0 (Windows NT 10.0; Win64; x64) AppleWebKit/537.36 (KHTML, like Gecko) Chrome/140.0.0.0 Safari/537.36","data":{"request_id":"req_68df207293acf1.26954986","method":"GET","path":"api/auth/me","full_url":"http://localhost:8080/api/auth/me","ip_address":"::1","user_agent":"Mozilla/5.0 (Windows NT 10.0; Win64; x64) AppleWebKit/537.36 (KHTML, like Gecko) Chrome/140.0.0.0 Safari/537.36","referer":"http://localhost:4200/","user_id":15,"user_email":"proveedor@materialesconstruccion.mx","headers":{"host":["localhost:8080"],"connection":["keep-alive"],"sec-ch-ua-platform":["\"Windows\""],"authorization":"[HIDDEN]","sec-ch-ua":["\"Chromium\";v=\"140\", \"Not=A?Brand\";v=\"24\", \"Google Chrome\";v=\"140\""],"sec-ch-ua-mobile":["?0"],"access-control-allow-credentials":["true"],"user-agent":["Mozilla/5.0 (Windows NT 10.0; Win64; x64) AppleWebKit/537.36 (KHTML, like Gecko) Chrome/140.0.0.0 Safari/537.36"],"accept":["application/json"],"content-type":["application/json"],"origin":["http://localhost:4200"],"sec-fetch-site":["same-site"],"sec-fetch-mode":["cors"],"sec-fetch-dest":["empty"],"referer":["http://localhost:4200/"],"accept-encoding":["gzip, deflate, br, zstd"],"accept-language":["es-419,es;q=0.9"]},"query_params":[],"request_data":[],"request_size":0,"timestamp":"2025-10-03T01:01:38.605009Z"},"timestamp":"2025-10-03T01:01:38.605396Z"} 
[2025-10-02 18:01:38] local.INFO: User Action {"action":"request_end","model":"API_Request","model_id":0,"user_id":15,"user_email":"proveedor@materialesconstruccion.mx","ip_address":"::1","user_agent":"Mozilla/5.0 (Windows NT 10.0; Win64; x64) AppleWebKit/537.36 (KHTML, like Gecko) Chrome/140.0.0.0 Safari/537.36","data":{"request_id":"req_68df207293acf1.26954986","method":"GET","path":"api/auth/me","status_code":200,"execution_time_ms":12.28,"response_size":1979,"memory_usage_mb":28.0,"memory_peak_mb":28.0,"user_id":15,"performance_category":"fast","response_headers":{"content_type":"application/json"}},"timestamp":"2025-10-03T01:01:38.617266Z"} 
[2025-10-02 18:01:39] local.INFO: User Action {"action":"request_start","model":"API_Request","model_id":0,"user_id":15,"user_email":"proveedor@materialesconstruccion.mx","ip_address":"::1","user_agent":"Mozilla/5.0 (Windows NT 10.0; Win64; x64) AppleWebKit/537.36 (KHTML, like Gecko) Chrome/140.0.0.0 Safari/537.36","data":{"request_id":"req_68df207348ef17.82376064","method":"GET","path":"api/notifications","full_url":"http://localhost:8080/api/notifications","ip_address":"::1","user_agent":"Mozilla/5.0 (Windows NT 10.0; Win64; x64) AppleWebKit/537.36 (KHTML, like Gecko) Chrome/140.0.0.0 Safari/537.36","referer":"http://localhost:4200/","user_id":15,"user_email":"proveedor@materialesconstruccion.mx","headers":{"host":["localhost:8080"],"connection":["keep-alive"],"sec-ch-ua-platform":["\"Windows\""],"authorization":"[HIDDEN]","sec-ch-ua":["\"Chromium\";v=\"140\", \"Not=A?Brand\";v=\"24\", \"Google Chrome\";v=\"140\""],"sec-ch-ua-mobile":["?0"],"access-control-allow-credentials":["true"],"user-agent":["Mozilla/5.0 (Windows NT 10.0; Win64; x64) AppleWebKit/537.36 (KHTML, like Gecko) Chrome/140.0.0.0 Safari/537.36"],"accept":["application/json, text/plain, */*"],"content-type":["application/json"],"origin":["http://localhost:4200"],"sec-fetch-site":["same-site"],"sec-fetch-mode":["cors"],"sec-fetch-dest":["empty"],"referer":["http://localhost:4200/"],"accept-encoding":["gzip, deflate, br, zstd"],"accept-language":["es-419,es;q=0.9"]},"query_params":[],"request_data":[],"request_size":0,"timestamp":"2025-10-03T01:01:39.298857Z"},"timestamp":"2025-10-03T01:01:39.299239Z"} 
[2025-10-02 18:01:39] local.INFO: User Action {"action":"request_end","model":"API_Request","model_id":0,"user_id":15,"user_email":"proveedor@materialesconstruccion.mx","ip_address":"::1","user_agent":"Mozilla/5.0 (Windows NT 10.0; Win64; x64) AppleWebKit/537.36 (KHTML, like Gecko) Chrome/140.0.0.0 Safari/537.36","data":{"request_id":"req_68df207348ef17.82376064","method":"GET","path":"api/notifications","status_code":200,"execution_time_ms":6.98,"response_size":558,"memory_usage_mb":26.0,"memory_peak_mb":26.0,"user_id":15,"performance_category":"fast","response_headers":{"content_type":"application/json"}},"timestamp":"2025-10-03T01:01:39.305785Z"} 
[2025-10-02 18:01:39] local.INFO: User Action {"action":"request_start","model":"API_Request","model_id":0,"user_id":15,"user_email":"proveedor@materialesconstruccion.mx","ip_address":"::1","user_agent":"Mozilla/5.0 (Windows NT 10.0; Win64; x64) AppleWebKit/537.36 (KHTML, like Gecko) Chrome/140.0.0.0 Safari/537.36","data":{"request_id":"req_68df2073696510.03642689","method":"GET","path":"api/proveedores/user/15","full_url":"http://localhost:8080/api/proveedores/user/15","ip_address":"::1","user_agent":"Mozilla/5.0 (Windows NT 10.0; Win64; x64) AppleWebKit/537.36 (KHTML, like Gecko) Chrome/140.0.0.0 Safari/537.36","referer":"http://localhost:4200/","user_id":15,"user_email":"proveedor@materialesconstruccion.mx","headers":{"host":["localhost:8080"],"connection":["keep-alive"],"sec-ch-ua-platform":["\"Windows\""],"authorization":"[HIDDEN]","sec-ch-ua":["\"Chromium\";v=\"140\", \"Not=A?Brand\";v=\"24\", \"Google Chrome\";v=\"140\""],"sec-ch-ua-mobile":["?0"],"access-control-allow-credentials":["true"],"user-agent":["Mozilla/5.0 (Windows NT 10.0; Win64; x64) AppleWebKit/537.36 (KHTML, like Gecko) Chrome/140.0.0.0 Safari/537.36"],"accept":["application/json, text/plain, */*"],"content-type":["application/json"],"origin":["http://localhost:4200"],"sec-fetch-site":["same-site"],"sec-fetch-mode":["cors"],"sec-fetch-dest":["empty"],"referer":["http://localhost:4200/"],"accept-encoding":["gzip, deflate, br, zstd"],"accept-language":["es-419,es;q=0.9"]},"query_params":[],"request_data":[],"request_size":0,"timestamp":"2025-10-03T01:01:39.431835Z"},"timestamp":"2025-10-03T01:01:39.432246Z"} 
[2025-10-02 18:01:39] local.INFO: User Action {"action":"request_end","model":"API_Request","model_id":0,"user_id":15,"user_email":"proveedor@materialesconstruccion.mx","ip_address":"::1","user_agent":"Mozilla/5.0 (Windows NT 10.0; Win64; x64) AppleWebKit/537.36 (KHTML, like Gecko) Chrome/140.0.0.0 Safari/537.36","data":{"request_id":"req_68df2073696510.03642689","method":"GET","path":"api/proveedores/user/15","status_code":200,"execution_time_ms":11.14,"response_size":1566,"memory_usage_mb":28.0,"memory_peak_mb":28.0,"user_id":15,"performance_category":"fast","response_headers":{"content_type":"application/json"}},"timestamp":"2025-10-03T01:01:39.442908Z"} 
[2025-10-02 18:01:39] local.INFO: User Action {"action":"request_start","model":"API_Request","model_id":0,"user_id":15,"user_email":"proveedor@materialesconstruccion.mx","ip_address":"::1","user_agent":"Mozilla/5.0 (Windows NT 10.0; Win64; x64) AppleWebKit/537.36 (KHTML, like Gecko) Chrome/140.0.0.0 Safari/537.36","data":{"request_id":"req_68df2073aba940.92851649","method":"GET","path":"api/auth/me","full_url":"http://localhost:8080/api/auth/me","ip_address":"::1","user_agent":"Mozilla/5.0 (Windows NT 10.0; Win64; x64) AppleWebKit/537.36 (KHTML, like Gecko) Chrome/140.0.0.0 Safari/537.36","referer":"http://localhost:4200/","user_id":15,"user_email":"proveedor@materialesconstruccion.mx","headers":{"host":["localhost:8080"],"connection":["keep-alive"],"sec-ch-ua-platform":["\"Windows\""],"authorization":"[HIDDEN]","sec-ch-ua":["\"Chromium\";v=\"140\", \"Not=A?Brand\";v=\"24\", \"Google Chrome\";v=\"140\""],"sec-ch-ua-mobile":["?0"],"access-control-allow-credentials":["true"],"user-agent":["Mozilla/5.0 (Windows NT 10.0; Win64; x64) AppleWebKit/537.36 (KHTML, like Gecko) Chrome/140.0.0.0 Safari/537.36"],"accept":["application/json"],"content-type":["application/json"],"origin":["http://localhost:4200"],"sec-fetch-site":["same-site"],"sec-fetch-mode":["cors"],"sec-fetch-dest":["empty"],"referer":["http://localhost:4200/"],"accept-encoding":["gzip, deflate, br, zstd"],"accept-language":["es-419,es;q=0.9"]},"query_params":[],"request_data":[],"request_size":0,"timestamp":"2025-10-03T01:01:39.703225Z"},"timestamp":"2025-10-03T01:01:39.703574Z"} 
[2025-10-02 18:01:39] local.INFO: User Action {"action":"request_end","model":"API_Request","model_id":0,"user_id":15,"user_email":"proveedor@materialesconstruccion.mx","ip_address":"::1","user_agent":"Mozilla/5.0 (Windows NT 10.0; Win64; x64) AppleWebKit/537.36 (KHTML, like Gecko) Chrome/140.0.0.0 Safari/537.36","data":{"request_id":"req_68df2073aba940.92851649","method":"GET","path":"api/auth/me","status_code":200,"execution_time_ms":10.86,"response_size":1979,"memory_usage_mb":28.0,"memory_peak_mb":28.0,"user_id":15,"performance_category":"fast","response_headers":{"content_type":"application/json"}},"timestamp":"2025-10-03T01:01:39.714058Z"} 
[2025-10-02 18:01:40] local.INFO: User Action {"action":"request_start","model":"API_Request","model_id":0,"user_id":15,"user_email":"proveedor@materialesconstruccion.mx","ip_address":"::1","user_agent":"Mozilla/5.0 (Windows NT 10.0; Win64; x64) AppleWebKit/537.36 (KHTML, like Gecko) Chrome/140.0.0.0 Safari/537.36","data":{"request_id":"req_68df207419e0c4.75154819","method":"GET","path":"api/proveedores/4/solicitudes-pago","full_url":"http://localhost:8080/api/proveedores/4/solicitudes-pago?estado_solicitud=pendiente&order=desc&per_page=15&sort_by=fecha_registro_pendiente","ip_address":"::1","user_agent":"Mozilla/5.0 (Windows NT 10.0; Win64; x64) AppleWebKit/537.36 (KHTML, like Gecko) Chrome/140.0.0.0 Safari/537.36","referer":"http://localhost:4200/","user_id":15,"user_email":"proveedor@materialesconstruccion.mx","headers":{"host":["localhost:8080"],"connection":["keep-alive"],"sec-ch-ua-platform":["\"Windows\""],"authorization":"[HIDDEN]","sec-ch-ua":["\"Chromium\";v=\"140\", \"Not=A?Brand\";v=\"24\", \"Google Chrome\";v=\"140\""],"sec-ch-ua-mobile":["?0"],"access-control-allow-credentials":["true"],"user-agent":["Mozilla/5.0 (Windows NT 10.0; Win64; x64) AppleWebKit/537.36 (KHTML, like Gecko) Chrome/140.0.0.0 Safari/537.36"],"accept":["application/json, text/plain, */*"],"content-type":["application/json"],"origin":["http://localhost:4200"],"sec-fetch-site":["same-site"],"sec-fetch-mode":["cors"],"sec-fetch-dest":["empty"],"referer":["http://localhost:4200/"],"accept-encoding":["gzip, deflate, br, zstd"],"accept-language":["es-419,es;q=0.9"]},"query_params":{"estado_solicitud":"pendiente","per_page":"15","sort_by":"fecha_registro_pendiente","order":"desc"},"request_data":{"_proveedor_id":4,"_user_proveedor_relation":"PRINCIPAL","estado_solicitud":"pendiente","per_page":"15","sort_by":"fecha_registro_pendiente","order":"desc"},"request_size":0,"timestamp":"2025-10-03T01:01:40.106092Z"},"timestamp":"2025-10-03T01:01:40.106459Z"} 
[2025-10-02 18:01:40] local.INFO: User Action {"action":"request_end","model":"API_Request","model_id":0,"user_id":15,"user_email":"proveedor@materialesconstruccion.mx","ip_address":"::1","user_agent":"Mozilla/5.0 (Windows NT 10.0; Win64; x64) AppleWebKit/537.36 (KHTML, like Gecko) Chrome/140.0.0.0 Safari/537.36","data":{"request_id":"req_68df207419e0c4.75154819","method":"GET","path":"api/proveedores/4/solicitudes-pago","status_code":200,"execution_time_ms":16.36,"response_size":9744,"memory_usage_mb":28.0,"memory_peak_mb":28.0,"user_id":15,"performance_category":"fast","response_headers":{"content_type":"application/json"}},"timestamp":"2025-10-03T01:01:40.122437Z"} 
[2025-10-02 18:01:41] local.INFO: User Action {"action":"request_start","model":"API_Request","model_id":0,"user_id":15,"user_email":"proveedor@materialesconstruccion.mx","ip_address":"::1","user_agent":"Mozilla/5.0 (Windows NT 10.0; Win64; x64) AppleWebKit/537.36 (KHTML, like Gecko) Chrome/140.0.0.0 Safari/537.36","data":{"request_id":"req_68df207566ad10.52496226","method":"GET","path":"api/auth/me","full_url":"http://localhost:8080/api/auth/me","ip_address":"::1","user_agent":"Mozilla/5.0 (Windows NT 10.0; Win64; x64) AppleWebKit/537.36 (KHTML, like Gecko) Chrome/140.0.0.0 Safari/537.36","referer":"http://localhost:4200/","user_id":15,"user_email":"proveedor@materialesconstruccion.mx","headers":{"host":["localhost:8080"],"connection":["keep-alive"],"sec-ch-ua-platform":["\"Windows\""],"authorization":"[HIDDEN]","sec-ch-ua":["\"Chromium\";v=\"140\", \"Not=A?Brand\";v=\"24\", \"Google Chrome\";v=\"140\""],"sec-ch-ua-mobile":["?0"],"access-control-allow-credentials":["true"],"user-agent":["Mozilla/5.0 (Windows NT 10.0; Win64; x64) AppleWebKit/537.36 (KHTML, like Gecko) Chrome/140.0.0.0 Safari/537.36"],"accept":["application/json"],"content-type":["application/json"],"origin":["http://localhost:4200"],"sec-fetch-site":["same-site"],"sec-fetch-mode":["cors"],"sec-fetch-dest":["empty"],"referer":["http://localhost:4200/"],"accept-encoding":["gzip, deflate, br, zstd"],"accept-language":["es-419,es;q=0.9"]},"query_params":[],"request_data":[],"request_size":0,"timestamp":"2025-10-03T01:01:41.420695Z"},"timestamp":"2025-10-03T01:01:41.421091Z"} 
[2025-10-02 18:01:41] local.INFO: User Action {"action":"request_end","model":"API_Request","model_id":0,"user_id":15,"user_email":"proveedor@materialesconstruccion.mx","ip_address":"::1","user_agent":"Mozilla/5.0 (Windows NT 10.0; Win64; x64) AppleWebKit/537.36 (KHTML, like Gecko) Chrome/140.0.0.0 Safari/537.36","data":{"request_id":"req_68df207566ad10.52496226","method":"GET","path":"api/auth/me","status_code":200,"execution_time_ms":12.24,"response_size":1979,"memory_usage_mb":28.0,"memory_peak_mb":28.0,"user_id":15,"performance_category":"fast","response_headers":{"content_type":"application/json"}},"timestamp":"2025-10-03T01:01:41.432868Z"} 
[2025-10-02 18:01:42] local.INFO: User Action {"action":"request_start","model":"API_Request","model_id":0,"user_id":15,"user_email":"proveedor@materialesconstruccion.mx","ip_address":"::1","user_agent":"Mozilla/5.0 (Windows NT 10.0; Win64; x64) AppleWebKit/537.36 (KHTML, like Gecko) Chrome/140.0.0.0 Safari/537.36","data":{"request_id":"req_68df20761a5ea4.44083212","method":"GET","path":"api/notifications","full_url":"http://localhost:8080/api/notifications","ip_address":"::1","user_agent":"Mozilla/5.0 (Windows NT 10.0; Win64; x64) AppleWebKit/537.36 (KHTML, like Gecko) Chrome/140.0.0.0 Safari/537.36","referer":"http://localhost:4200/","user_id":15,"user_email":"proveedor@materialesconstruccion.mx","headers":{"host":["localhost:8080"],"connection":["keep-alive"],"sec-ch-ua-platform":["\"Windows\""],"authorization":"[HIDDEN]","sec-ch-ua":["\"Chromium\";v=\"140\", \"Not=A?Brand\";v=\"24\", \"Google Chrome\";v=\"140\""],"sec-ch-ua-mobile":["?0"],"access-control-allow-credentials":["true"],"user-agent":["Mozilla/5.0 (Windows NT 10.0; Win64; x64) AppleWebKit/537.36 (KHTML, like Gecko) Chrome/140.0.0.0 Safari/537.36"],"accept":["application/json, text/plain, */*"],"content-type":["application/json"],"origin":["http://localhost:4200"],"sec-fetch-site":["same-site"],"sec-fetch-mode":["cors"],"sec-fetch-dest":["empty"],"referer":["http://localhost:4200/"],"accept-encoding":["gzip, deflate, br, zstd"],"accept-language":["es-419,es;q=0.9"]},"query_params":[],"request_data":[],"request_size":0,"timestamp":"2025-10-03T01:01:42.108284Z"},"timestamp":"2025-10-03T01:01:42.108671Z"} 
[2025-10-02 18:01:42] local.INFO: User Action {"action":"request_end","model":"API_Request","model_id":0,"user_id":15,"user_email":"proveedor@materialesconstruccion.mx","ip_address":"::1","user_agent":"Mozilla/5.0 (Windows NT 10.0; Win64; x64) AppleWebKit/537.36 (KHTML, like Gecko) Chrome/140.0.0.0 Safari/537.36","data":{"request_id":"req_68df20761a5ea4.44083212","method":"GET","path":"api/notifications","status_code":200,"execution_time_ms":6.86,"response_size":558,"memory_usage_mb":26.0,"memory_peak_mb":26.0,"user_id":15,"performance_category":"fast","response_headers":{"content_type":"application/json"}},"timestamp":"2025-10-03T01:01:42.114929Z"} 
[2025-10-02 18:01:42] local.INFO: User Action {"action":"request_start","model":"API_Request","model_id":0,"user_id":15,"user_email":"proveedor@materialesconstruccion.mx","ip_address":"::1","user_agent":"Mozilla/5.0 (Windows NT 10.0; Win64; x64) AppleWebKit/537.36 (KHTML, like Gecko) Chrome/140.0.0.0 Safari/537.36","data":{"request_id":"req_68df20763e6cf4.38904056","method":"GET","path":"api/proveedores/user/15","full_url":"http://localhost:8080/api/proveedores/user/15","ip_address":"::1","user_agent":"Mozilla/5.0 (Windows NT 10.0; Win64; x64) AppleWebKit/537.36 (KHTML, like Gecko) Chrome/140.0.0.0 Safari/537.36","referer":"http://localhost:4200/","user_id":15,"user_email":"proveedor@materialesconstruccion.mx","headers":{"host":["localhost:8080"],"connection":["keep-alive"],"sec-ch-ua-platform":["\"Windows\""],"authorization":"[HIDDEN]","sec-ch-ua":["\"Chromium\";v=\"140\", \"Not=A?Brand\";v=\"24\", \"Google Chrome\";v=\"140\""],"sec-ch-ua-mobile":["?0"],"access-control-allow-credentials":["true"],"user-agent":["Mozilla/5.0 (Windows NT 10.0; Win64; x64) AppleWebKit/537.36 (KHTML, like Gecko) Chrome/140.0.0.0 Safari/537.36"],"accept":["application/json, text/plain, */*"],"content-type":["application/json"],"origin":["http://localhost:4200"],"sec-fetch-site":["same-site"],"sec-fetch-mode":["cors"],"sec-fetch-dest":["empty"],"referer":["http://localhost:4200/"],"accept-encoding":["gzip, deflate, br, zstd"],"accept-language":["es-419,es;q=0.9"]},"query_params":[],"request_data":[],"request_size":0,"timestamp":"2025-10-03T01:01:42.255798Z"},"timestamp":"2025-10-03T01:01:42.256193Z"} 
[2025-10-02 18:01:42] local.INFO: User Action {"action":"request_end","model":"API_Request","model_id":0,"user_id":15,"user_email":"proveedor@materialesconstruccion.mx","ip_address":"::1","user_agent":"Mozilla/5.0 (Windows NT 10.0; Win64; x64) AppleWebKit/537.36 (KHTML, like Gecko) Chrome/140.0.0.0 Safari/537.36","data":{"request_id":"req_68df20763e6cf4.38904056","method":"GET","path":"api/proveedores/user/15","status_code":200,"execution_time_ms":14.84,"response_size":1566,"memory_usage_mb":28.0,"memory_peak_mb":28.0,"user_id":15,"performance_category":"fast","response_headers":{"content_type":"application/json"}},"timestamp":"2025-10-03T01:01:42.270614Z"} 
[2025-10-02 18:01:42] local.INFO: User Action {"action":"request_start","model":"API_Request","model_id":0,"user_id":15,"user_email":"proveedor@materialesconstruccion.mx","ip_address":"::1","user_agent":"Mozilla/5.0 (Windows NT 10.0; Win64; x64) AppleWebKit/537.36 (KHTML, like Gecko) Chrome/140.0.0.0 Safari/537.36","data":{"request_id":"req_68df2076806407.63243438","method":"GET","path":"api/auth/me","full_url":"http://localhost:8080/api/auth/me","ip_address":"::1","user_agent":"Mozilla/5.0 (Windows NT 10.0; Win64; x64) AppleWebKit/537.36 (KHTML, like Gecko) Chrome/140.0.0.0 Safari/537.36","referer":"http://localhost:4200/","user_id":15,"user_email":"proveedor@materialesconstruccion.mx","headers":{"host":["localhost:8080"],"connection":["keep-alive"],"sec-ch-ua-platform":["\"Windows\""],"authorization":"[HIDDEN]","sec-ch-ua":["\"Chromium\";v=\"140\", \"Not=A?Brand\";v=\"24\", \"Google Chrome\";v=\"140\""],"sec-ch-ua-mobile":["?0"],"access-control-allow-credentials":["true"],"user-agent":["Mozilla/5.0 (Windows NT 10.0; Win64; x64) AppleWebKit/537.36 (KHTML, like Gecko) Chrome/140.0.0.0 Safari/537.36"],"accept":["application/json"],"content-type":["application/json"],"origin":["http://localhost:4200"],"sec-fetch-site":["same-site"],"sec-fetch-mode":["cors"],"sec-fetch-dest":["empty"],"referer":["http://localhost:4200/"],"accept-encoding":["gzip, deflate, br, zstd"],"accept-language":["es-419,es;q=0.9"]},"query_params":[],"request_data":[],"request_size":0,"timestamp":"2025-10-03T01:01:42.525988Z"},"timestamp":"2025-10-03T01:01:42.526333Z"} 
[2025-10-02 18:01:42] local.INFO: User Action {"action":"request_end","model":"API_Request","model_id":0,"user_id":15,"user_email":"proveedor@materialesconstruccion.mx","ip_address":"::1","user_agent":"Mozilla/5.0 (Windows NT 10.0; Win64; x64) AppleWebKit/537.36 (KHTML, like Gecko) Chrome/140.0.0.0 Safari/537.36","data":{"request_id":"req_68df2076806407.63243438","method":"GET","path":"api/auth/me","status_code":200,"execution_time_ms":10.84,"response_size":1979,"memory_usage_mb":28.0,"memory_peak_mb":28.0,"user_id":15,"performance_category":"fast","response_headers":{"content_type":"application/json"}},"timestamp":"2025-10-03T01:01:42.536834Z"} 
[2025-10-02 18:01:42] local.INFO: User Action {"action":"request_start","model":"API_Request","model_id":0,"user_id":15,"user_email":"proveedor@materialesconstruccion.mx","ip_address":"::1","user_agent":"Mozilla/5.0 (Windows NT 10.0; Win64; x64) AppleWebKit/537.36 (KHTML, like Gecko) Chrome/140.0.0.0 Safari/537.36","data":{"request_id":"req_68df2076e5fe91.84906291","method":"GET","path":"api/proveedores/4/solicitudes-pago","full_url":"http://localhost:8080/api/proveedores/4/solicitudes-pago?estado_solicitud=pendiente&order=desc&per_page=15&sort_by=fecha_registro_pendiente","ip_address":"::1","user_agent":"Mozilla/5.0 (Windows NT 10.0; Win64; x64) AppleWebKit/537.36 (KHTML, like Gecko) Chrome/140.0.0.0 Safari/537.36","referer":"http://localhost:4200/","user_id":15,"user_email":"proveedor@materialesconstruccion.mx","headers":{"host":["localhost:8080"],"connection":["keep-alive"],"sec-ch-ua-platform":["\"Windows\""],"authorization":"[HIDDEN]","sec-ch-ua":["\"Chromium\";v=\"140\", \"Not=A?Brand\";v=\"24\", \"Google Chrome\";v=\"140\""],"sec-ch-ua-mobile":["?0"],"access-control-allow-credentials":["true"],"user-agent":["Mozilla/5.0 (Windows NT 10.0; Win64; x64) AppleWebKit/537.36 (KHTML, like Gecko) Chrome/140.0.0.0 Safari/537.36"],"accept":["application/json, text/plain, */*"],"content-type":["application/json"],"origin":["http://localhost:4200"],"sec-fetch-site":["same-site"],"sec-fetch-mode":["cors"],"sec-fetch-dest":["empty"],"referer":["http://localhost:4200/"],"accept-encoding":["gzip, deflate, br, zstd"],"accept-language":["es-419,es;q=0.9"]},"query_params":{"estado_solicitud":"pendiente","per_page":"15","sort_by":"fecha_registro_pendiente","order":"desc"},"request_data":{"_proveedor_id":4,"_user_proveedor_relation":"PRINCIPAL","estado_solicitud":"pendiente","per_page":"15","sort_by":"fecha_registro_pendiente","order":"desc"},"request_size":0,"timestamp":"2025-10-03T01:01:42.942155Z"},"timestamp":"2025-10-03T01:01:42.942538Z"} 
[2025-10-02 18:01:42] local.INFO: User Action {"action":"request_end","model":"API_Request","model_id":0,"user_id":15,"user_email":"proveedor@materialesconstruccion.mx","ip_address":"::1","user_agent":"Mozilla/5.0 (Windows NT 10.0; Win64; x64) AppleWebKit/537.36 (KHTML, like Gecko) Chrome/140.0.0.0 Safari/537.36","data":{"request_id":"req_68df2076e5fe91.84906291","method":"GET","path":"api/proveedores/4/solicitudes-pago","status_code":200,"execution_time_ms":13.76,"response_size":9744,"memory_usage_mb":28.0,"memory_peak_mb":28.0,"user_id":15,"performance_category":"fast","response_headers":{"content_type":"application/json"}},"timestamp":"2025-10-03T01:01:42.955896Z"} 
[2025-10-02 18:01:44] local.INFO: User Action {"action":"request_start","model":"API_Request","model_id":0,"user_id":15,"user_email":"proveedor@materialesconstruccion.mx","ip_address":"::1","user_agent":"Mozilla/5.0 (Windows NT 10.0; Win64; x64) AppleWebKit/537.36 (KHTML, like Gecko) Chrome/140.0.0.0 Safari/537.36","data":{"request_id":"req_68df207803f703.07607356","method":"GET","path":"api/auth/me","full_url":"http://localhost:8080/api/auth/me","ip_address":"::1","user_agent":"Mozilla/5.0 (Windows NT 10.0; Win64; x64) AppleWebKit/537.36 (KHTML, like Gecko) Chrome/140.0.0.0 Safari/537.36","referer":"http://localhost:4200/","user_id":15,"user_email":"proveedor@materialesconstruccion.mx","headers":{"host":["localhost:8080"],"connection":["keep-alive"],"sec-ch-ua-platform":["\"Windows\""],"authorization":"[HIDDEN]","sec-ch-ua":["\"Chromium\";v=\"140\", \"Not=A?Brand\";v=\"24\", \"Google Chrome\";v=\"140\""],"sec-ch-ua-mobile":["?0"],"access-control-allow-credentials":["true"],"user-agent":["Mozilla/5.0 (Windows NT 10.0; Win64; x64) AppleWebKit/537.36 (KHTML, like Gecko) Chrome/140.0.0.0 Safari/537.36"],"accept":["application/json"],"content-type":["application/json"],"origin":["http://localhost:4200"],"sec-fetch-site":["same-site"],"sec-fetch-mode":["cors"],"sec-fetch-dest":["empty"],"referer":["http://localhost:4200/"],"accept-encoding":["gzip, deflate, br, zstd"],"accept-language":["es-419,es;q=0.9"]},"query_params":[],"request_data":[],"request_size":0,"timestamp":"2025-10-03T01:01:44.016516Z"},"timestamp":"2025-10-03T01:01:44.017272Z"} 
[2025-10-02 18:01:44] local.INFO: User Action {"action":"request_end","model":"API_Request","model_id":0,"user_id":15,"user_email":"proveedor@materialesconstruccion.mx","ip_address":"::1","user_agent":"Mozilla/5.0 (Windows NT 10.0; Win64; x64) AppleWebKit/537.36 (KHTML, like Gecko) Chrome/140.0.0.0 Safari/537.36","data":{"request_id":"req_68df207803f703.07607356","method":"GET","path":"api/auth/me","status_code":200,"execution_time_ms":26.38,"response_size":1979,"memory_usage_mb":28.0,"memory_peak_mb":28.0,"user_id":15,"performance_category":"fast","response_headers":{"content_type":"application/json"}},"timestamp":"2025-10-03T01:01:44.042817Z"} 
[2025-10-02 18:01:44] local.INFO: User Action {"action":"request_start","model":"API_Request","model_id":0,"user_id":15,"user_email":"proveedor@materialesconstruccion.mx","ip_address":"::1","user_agent":"Mozilla/5.0 (Windows NT 10.0; Win64; x64) AppleWebKit/537.36 (KHTML, like Gecko) Chrome/140.0.0.0 Safari/537.36","data":{"request_id":"req_68df2078cdcd11.14443659","method":"GET","path":"api/auth/me","full_url":"http://localhost:8080/api/auth/me","ip_address":"::1","user_agent":"Mozilla/5.0 (Windows NT 10.0; Win64; x64) AppleWebKit/537.36 (KHTML, like Gecko) Chrome/140.0.0.0 Safari/537.36","referer":"http://localhost:4200/","user_id":15,"user_email":"proveedor@materialesconstruccion.mx","headers":{"host":["localhost:8080"],"connection":["keep-alive"],"sec-ch-ua-platform":["\"Windows\""],"authorization":"[HIDDEN]","sec-ch-ua":["\"Chromium\";v=\"140\", \"Not=A?Brand\";v=\"24\", \"Google Chrome\";v=\"140\""],"sec-ch-ua-mobile":["?0"],"access-control-allow-credentials":["true"],"user-agent":["Mozilla/5.0 (Windows NT 10.0; Win64; x64) AppleWebKit/537.36 (KHTML, like Gecko) Chrome/140.0.0.0 Safari/537.36"],"accept":["application/json"],"content-type":["application/json"],"origin":["http://localhost:4200"],"sec-fetch-site":["same-site"],"sec-fetch-mode":["cors"],"sec-fetch-dest":["empty"],"referer":["http://localhost:4200/"],"accept-encoding":["gzip, deflate, br, zstd"],"accept-language":["es-419,es;q=0.9"]},"query_params":[],"request_data":[],"request_size":0,"timestamp":"2025-10-03T01:01:44.843065Z"},"timestamp":"2025-10-03T01:01:44.843447Z"} 
[2025-10-02 18:01:44] local.INFO: User Action {"action":"request_end","model":"API_Request","model_id":0,"user_id":15,"user_email":"proveedor@materialesconstruccion.mx","ip_address":"::1","user_agent":"Mozilla/5.0 (Windows NT 10.0; Win64; x64) AppleWebKit/537.36 (KHTML, like Gecko) Chrome/140.0.0.0 Safari/537.36","data":{"request_id":"req_68df2078cdcd11.14443659","method":"GET","path":"api/auth/me","status_code":200,"execution_time_ms":11.87,"response_size":1979,"memory_usage_mb":28.0,"memory_peak_mb":28.0,"user_id":15,"performance_category":"fast","response_headers":{"content_type":"application/json"}},"timestamp":"2025-10-03T01:01:44.854914Z"} 
[2025-10-02 18:01:45] local.INFO: User Action {"action":"request_start","model":"API_Request","model_id":0,"user_id":15,"user_email":"proveedor@materialesconstruccion.mx","ip_address":"::1","user_agent":"Mozilla/5.0 (Windows NT 10.0; Win64; x64) AppleWebKit/537.36 (KHTML, like Gecko) Chrome/140.0.0.0 Safari/537.36","data":{"request_id":"req_68df2079a83542.00698380","method":"GET","path":"api/notifications","full_url":"http://localhost:8080/api/notifications","ip_address":"::1","user_agent":"Mozilla/5.0 (Windows NT 10.0; Win64; x64) AppleWebKit/537.36 (KHTML, like Gecko) Chrome/140.0.0.0 Safari/537.36","referer":"http://localhost:4200/","user_id":15,"user_email":"proveedor@materialesconstruccion.mx","headers":{"host":["localhost:8080"],"connection":["keep-alive"],"sec-ch-ua-platform":["\"Windows\""],"authorization":"[HIDDEN]","sec-ch-ua":["\"Chromium\";v=\"140\", \"Not=A?Brand\";v=\"24\", \"Google Chrome\";v=\"140\""],"sec-ch-ua-mobile":["?0"],"access-control-allow-credentials":["true"],"user-agent":["Mozilla/5.0 (Windows NT 10.0; Win64; x64) AppleWebKit/537.36 (KHTML, like Gecko) Chrome/140.0.0.0 Safari/537.36"],"accept":["application/json, text/plain, */*"],"content-type":["application/json"],"origin":["http://localhost:4200"],"sec-fetch-site":["same-site"],"sec-fetch-mode":["cors"],"sec-fetch-dest":["empty"],"referer":["http://localhost:4200/"],"accept-encoding":["gzip, deflate, br, zstd"],"accept-language":["es-419,es;q=0.9"]},"query_params":[],"request_data":[],"request_size":0,"timestamp":"2025-10-03T01:01:45.689203Z"},"timestamp":"2025-10-03T01:01:45.689885Z"} 
[2025-10-02 18:01:45] local.INFO: User Action {"action":"request_end","model":"API_Request","model_id":0,"user_id":15,"user_email":"proveedor@materialesconstruccion.mx","ip_address":"::1","user_agent":"Mozilla/5.0 (Windows NT 10.0; Win64; x64) AppleWebKit/537.36 (KHTML, like Gecko) Chrome/140.0.0.0 Safari/537.36","data":{"request_id":"req_68df2079a83542.00698380","method":"GET","path":"api/notifications","status_code":200,"execution_time_ms":9.03,"response_size":558,"memory_usage_mb":26.0,"memory_peak_mb":26.0,"user_id":15,"performance_category":"fast","response_headers":{"content_type":"application/json"}},"timestamp":"2025-10-03T01:01:45.698106Z"} 
[2025-10-02 18:01:45] local.INFO: User Action {"action":"request_start","model":"API_Request","model_id":0,"user_id":15,"user_email":"proveedor@materialesconstruccion.mx","ip_address":"::1","user_agent":"Mozilla/5.0 (Windows NT 10.0; Win64; x64) AppleWebKit/537.36 (KHTML, like Gecko) Chrome/140.0.0.0 Safari/537.36","data":{"request_id":"req_68df2079cb3889.11792015","method":"GET","path":"api/proveedores/user/15","full_url":"http://localhost:8080/api/proveedores/user/15","ip_address":"::1","user_agent":"Mozilla/5.0 (Windows NT 10.0; Win64; x64) AppleWebKit/537.36 (KHTML, like Gecko) Chrome/140.0.0.0 Safari/537.36","referer":"http://localhost:4200/","user_id":15,"user_email":"proveedor@materialesconstruccion.mx","headers":{"host":["localhost:8080"],"connection":["keep-alive"],"sec-ch-ua-platform":["\"Windows\""],"authorization":"[HIDDEN]","sec-ch-ua":["\"Chromium\";v=\"140\", \"Not=A?Brand\";v=\"24\", \"Google Chrome\";v=\"140\""],"sec-ch-ua-mobile":["?0"],"access-control-allow-credentials":["true"],"user-agent":["Mozilla/5.0 (Windows NT 10.0; Win64; x64) AppleWebKit/537.36 (KHTML, like Gecko) Chrome/140.0.0.0 Safari/537.36"],"accept":["application/json, text/plain, */*"],"content-type":["application/json"],"origin":["http://localhost:4200"],"sec-fetch-site":["same-site"],"sec-fetch-mode":["cors"],"sec-fetch-dest":["empty"],"referer":["http://localhost:4200/"],"accept-encoding":["gzip, deflate, br, zstd"],"accept-language":["es-419,es;q=0.9"]},"query_params":[],"request_data":[],"request_size":0,"timestamp":"2025-10-03T01:01:45.832485Z"},"timestamp":"2025-10-03T01:01:45.832830Z"} 
[2025-10-02 18:01:45] local.INFO: User Action {"action":"request_end","model":"API_Request","model_id":0,"user_id":15,"user_email":"proveedor@materialesconstruccion.mx","ip_address":"::1","user_agent":"Mozilla/5.0 (Windows NT 10.0; Win64; x64) AppleWebKit/537.36 (KHTML, like Gecko) Chrome/140.0.0.0 Safari/537.36","data":{"request_id":"req_68df2079cb3889.11792015","method":"GET","path":"api/proveedores/user/15","status_code":200,"execution_time_ms":11.57,"response_size":1566,"memory_usage_mb":28.0,"memory_peak_mb":28.0,"user_id":15,"performance_category":"fast","response_headers":{"content_type":"application/json"}},"timestamp":"2025-10-03T01:01:45.844033Z"} 
[2025-10-02 18:01:46] local.INFO: User Action {"action":"request_start","model":"API_Request","model_id":0,"user_id":15,"user_email":"proveedor@materialesconstruccion.mx","ip_address":"::1","user_agent":"Mozilla/5.0 (Windows NT 10.0; Win64; x64) AppleWebKit/537.36 (KHTML, like Gecko) Chrome/140.0.0.0 Safari/537.36","data":{"request_id":"req_68df207a16ce16.88117603","method":"GET","path":"api/auth/me","full_url":"http://localhost:8080/api/auth/me","ip_address":"::1","user_agent":"Mozilla/5.0 (Windows NT 10.0; Win64; x64) AppleWebKit/537.36 (KHTML, like Gecko) Chrome/140.0.0.0 Safari/537.36","referer":"http://localhost:4200/","user_id":15,"user_email":"proveedor@materialesconstruccion.mx","headers":{"host":["localhost:8080"],"connection":["keep-alive"],"sec-ch-ua-platform":["\"Windows\""],"authorization":"[HIDDEN]","sec-ch-ua":["\"Chromium\";v=\"140\", \"Not=A?Brand\";v=\"24\", \"Google Chrome\";v=\"140\""],"sec-ch-ua-mobile":["?0"],"access-control-allow-credentials":["true"],"user-agent":["Mozilla/5.0 (Windows NT 10.0; Win64; x64) AppleWebKit/537.36 (KHTML, like Gecko) Chrome/140.0.0.0 Safari/537.36"],"accept":["application/json"],"content-type":["application/json"],"origin":["http://localhost:4200"],"sec-fetch-site":["same-site"],"sec-fetch-mode":["cors"],"sec-fetch-dest":["empty"],"referer":["http://localhost:4200/"],"accept-encoding":["gzip, deflate, br, zstd"],"accept-language":["es-419,es;q=0.9"]},"query_params":[],"request_data":[],"request_size":0,"timestamp":"2025-10-03T01:01:46.093517Z"},"timestamp":"2025-10-03T01:01:46.093868Z"} 
[2025-10-02 18:01:46] local.INFO: User Action {"action":"request_end","model":"API_Request","model_id":0,"user_id":15,"user_email":"proveedor@materialesconstruccion.mx","ip_address":"::1","user_agent":"Mozilla/5.0 (Windows NT 10.0; Win64; x64) AppleWebKit/537.36 (KHTML, like Gecko) Chrome/140.0.0.0 Safari/537.36","data":{"request_id":"req_68df207a16ce16.88117603","method":"GET","path":"api/auth/me","status_code":200,"execution_time_ms":10.9,"response_size":1979,"memory_usage_mb":28.0,"memory_peak_mb":28.0,"user_id":15,"performance_category":"fast","response_headers":{"content_type":"application/json"}},"timestamp":"2025-10-03T01:01:46.104372Z"} 
[2025-10-02 18:01:46] local.INFO: User Action {"action":"request_start","model":"API_Request","model_id":0,"user_id":15,"user_email":"proveedor@materialesconstruccion.mx","ip_address":"::1","user_agent":"Mozilla/5.0 (Windows NT 10.0; Win64; x64) AppleWebKit/537.36 (KHTML, like Gecko) Chrome/140.0.0.0 Safari/537.36","data":{"request_id":"req_68df207a769752.46138009","method":"GET","path":"api/proveedores/4/solicitudes-pago","full_url":"http://localhost:8080/api/proveedores/4/solicitudes-pago?estado_solicitud=pendiente&order=desc&per_page=15&sort_by=fecha_registro_pendiente","ip_address":"::1","user_agent":"Mozilla/5.0 (Windows NT 10.0; Win64; x64) AppleWebKit/537.36 (KHTML, like Gecko) Chrome/140.0.0.0 Safari/537.36","referer":"http://localhost:4200/","user_id":15,"user_email":"proveedor@materialesconstruccion.mx","headers":{"host":["localhost:8080"],"connection":["keep-alive"],"sec-ch-ua-platform":["\"Windows\""],"authorization":"[HIDDEN]","sec-ch-ua":["\"Chromium\";v=\"140\", \"Not=A?Brand\";v=\"24\", \"Google Chrome\";v=\"140\""],"sec-ch-ua-mobile":["?0"],"access-control-allow-credentials":["true"],"user-agent":["Mozilla/5.0 (Windows NT 10.0; Win64; x64) AppleWebKit/537.36 (KHTML, like Gecko) Chrome/140.0.0.0 Safari/537.36"],"accept":["application/json, text/plain, */*"],"content-type":["application/json"],"origin":["http://localhost:4200"],"sec-fetch-site":["same-site"],"sec-fetch-mode":["cors"],"sec-fetch-dest":["empty"],"referer":["http://localhost:4200/"],"accept-encoding":["gzip, deflate, br, zstd"],"accept-language":["es-419,es;q=0.9"]},"query_params":{"estado_solicitud":"pendiente","per_page":"15","sort_by":"fecha_registro_pendiente","order":"desc"},"request_data":{"_proveedor_id":4,"_user_proveedor_relation":"PRINCIPAL","estado_solicitud":"pendiente","per_page":"15","sort_by":"fecha_registro_pendiente","order":"desc"},"request_size":0,"timestamp":"2025-10-03T01:01:46.485854Z"},"timestamp":"2025-10-03T01:01:46.486220Z"} 
[2025-10-02 18:01:46] local.INFO: User Action {"action":"request_end","model":"API_Request","model_id":0,"user_id":15,"user_email":"proveedor@materialesconstruccion.mx","ip_address":"::1","user_agent":"Mozilla/5.0 (Windows NT 10.0; Win64; x64) AppleWebKit/537.36 (KHTML, like Gecko) Chrome/140.0.0.0 Safari/537.36","data":{"request_id":"req_68df207a769752.46138009","method":"GET","path":"api/proveedores/4/solicitudes-pago","status_code":200,"execution_time_ms":15.04,"response_size":9744,"memory_usage_mb":28.0,"memory_peak_mb":28.0,"user_id":15,"performance_category":"fast","response_headers":{"content_type":"application/json"}},"timestamp":"2025-10-03T01:01:46.500866Z"} 
[2025-10-02 18:01:55] local.INFO: User Action {"action":"request_start","model":"API_Request","model_id":0,"user_id":15,"user_email":"proveedor@materialesconstruccion.mx","ip_address":"::1","user_agent":"Mozilla/5.0 (Windows NT 10.0; Win64; x64) AppleWebKit/537.36 (KHTML, like Gecko) Chrome/140.0.0.0 Safari/537.36","data":{"request_id":"req_68df20832258d8.24902209","method":"GET","path":"api/auth/me","full_url":"http://localhost:8080/api/auth/me","ip_address":"::1","user_agent":"Mozilla/5.0 (Windows NT 10.0; Win64; x64) AppleWebKit/537.36 (KHTML, like Gecko) Chrome/140.0.0.0 Safari/537.36","referer":"http://localhost:4200/","user_id":15,"user_email":"proveedor@materialesconstruccion.mx","headers":{"host":["localhost:8080"],"connection":["keep-alive"],"pragma":["no-cache"],"cache-control":["no-cache"],"sec-ch-ua-platform":["\"Windows\""],"authorization":"[HIDDEN]","sec-ch-ua":["\"Chromium\";v=\"140\", \"Not=A?Brand\";v=\"24\", \"Google Chrome\";v=\"140\""],"sec-ch-ua-mobile":["?0"],"access-control-allow-credentials":["true"],"user-agent":["Mozilla/5.0 (Windows NT 10.0; Win64; x64) AppleWebKit/537.36 (KHTML, like Gecko) Chrome/140.0.0.0 Safari/537.36"],"accept":["application/json"],"content-type":["application/json"],"origin":["http://localhost:4200"],"sec-fetch-site":["same-site"],"sec-fetch-mode":["cors"],"sec-fetch-dest":["empty"],"referer":["http://localhost:4200/"],"accept-encoding":["gzip, deflate, br, zstd"],"accept-language":["es-419,es;q=0.9"]},"query_params":[],"request_data":[],"request_size":0,"timestamp":"2025-10-03T01:01:55.140799Z"},"timestamp":"2025-10-03T01:01:55.141156Z"} 
[2025-10-02 18:01:55] local.INFO: User Action {"action":"request_end","model":"API_Request","model_id":0,"user_id":15,"user_email":"proveedor@materialesconstruccion.mx","ip_address":"::1","user_agent":"Mozilla/5.0 (Windows NT 10.0; Win64; x64) AppleWebKit/537.36 (KHTML, like Gecko) Chrome/140.0.0.0 Safari/537.36","data":{"request_id":"req_68df20832258d8.24902209","method":"GET","path":"api/auth/me","status_code":200,"execution_time_ms":10.32,"response_size":1979,"memory_usage_mb":28.0,"memory_peak_mb":28.0,"user_id":15,"performance_category":"fast","response_headers":{"content_type":"application/json"}},"timestamp":"2025-10-03T01:01:55.151070Z"} 
[2025-10-02 18:01:55] local.INFO: User Action {"action":"request_start","model":"API_Request","model_id":0,"user_id":15,"user_email":"proveedor@materialesconstruccion.mx","ip_address":"::1","user_agent":"Mozilla/5.0 (Windows NT 10.0; Win64; x64) AppleWebKit/537.36 (KHTML, like Gecko) Chrome/140.0.0.0 Safari/537.36","data":{"request_id":"req_68df2083beffa5.03608110","method":"GET","path":"api/notifications","full_url":"http://localhost:8080/api/notifications","ip_address":"::1","user_agent":"Mozilla/5.0 (Windows NT 10.0; Win64; x64) AppleWebKit/537.36 (KHTML, like Gecko) Chrome/140.0.0.0 Safari/537.36","referer":"http://localhost:4200/","user_id":15,"user_email":"proveedor@materialesconstruccion.mx","headers":{"host":["localhost:8080"],"connection":["keep-alive"],"sec-ch-ua-platform":["\"Windows\""],"authorization":"[HIDDEN]","sec-ch-ua":["\"Chromium\";v=\"140\", \"Not=A?Brand\";v=\"24\", \"Google Chrome\";v=\"140\""],"sec-ch-ua-mobile":["?0"],"access-control-allow-credentials":["true"],"user-agent":["Mozilla/5.0 (Windows NT 10.0; Win64; x64) AppleWebKit/537.36 (KHTML, like Gecko) Chrome/140.0.0.0 Safari/537.36"],"accept":["application/json, text/plain, */*"],"content-type":["application/json"],"origin":["http://localhost:4200"],"sec-fetch-site":["same-site"],"sec-fetch-mode":["cors"],"sec-fetch-dest":["empty"],"referer":["http://localhost:4200/"],"accept-encoding":["gzip, deflate, br, zstd"],"accept-language":["es-419,es;q=0.9"]},"query_params":[],"request_data":[],"request_size":0,"timestamp":"2025-10-03T01:01:55.782428Z"},"timestamp":"2025-10-03T01:01:55.782761Z"} 
[2025-10-02 18:01:55] local.INFO: User Action {"action":"request_end","model":"API_Request","model_id":0,"user_id":15,"user_email":"proveedor@materialesconstruccion.mx","ip_address":"::1","user_agent":"Mozilla/5.0 (Windows NT 10.0; Win64; x64) AppleWebKit/537.36 (KHTML, like Gecko) Chrome/140.0.0.0 Safari/537.36","data":{"request_id":"req_68df2083beffa5.03608110","method":"GET","path":"api/notifications","status_code":200,"execution_time_ms":7.06,"response_size":558,"memory_usage_mb":26.0,"memory_peak_mb":26.0,"user_id":15,"performance_category":"fast","response_headers":{"content_type":"application/json"}},"timestamp":"2025-10-03T01:01:55.789461Z"} 
[2025-10-02 18:01:55] local.INFO: User Action {"action":"request_start","model":"API_Request","model_id":0,"user_id":15,"user_email":"proveedor@materialesconstruccion.mx","ip_address":"::1","user_agent":"Mozilla/5.0 (Windows NT 10.0; Win64; x64) AppleWebKit/537.36 (KHTML, like Gecko) Chrome/140.0.0.0 Safari/537.36","data":{"request_id":"req_68df2083e14796.88797956","method":"GET","path":"api/proveedores/user/15","full_url":"http://localhost:8080/api/proveedores/user/15","ip_address":"::1","user_agent":"Mozilla/5.0 (Windows NT 10.0; Win64; x64) AppleWebKit/537.36 (KHTML, like Gecko) Chrome/140.0.0.0 Safari/537.36","referer":"http://localhost:4200/","user_id":15,"user_email":"proveedor@materialesconstruccion.mx","headers":{"host":["localhost:8080"],"connection":["keep-alive"],"sec-ch-ua-platform":["\"Windows\""],"authorization":"[HIDDEN]","sec-ch-ua":["\"Chromium\";v=\"140\", \"Not=A?Brand\";v=\"24\", \"Google Chrome\";v=\"140\""],"sec-ch-ua-mobile":["?0"],"access-control-allow-credentials":["true"],"user-agent":["Mozilla/5.0 (Windows NT 10.0; Win64; x64) AppleWebKit/537.36 (KHTML, like Gecko) Chrome/140.0.0.0 Safari/537.36"],"accept":["application/json, text/plain, */*"],"content-type":["application/json"],"origin":["http://localhost:4200"],"sec-fetch-site":["same-site"],"sec-fetch-mode":["cors"],"sec-fetch-dest":["empty"],"referer":["http://localhost:4200/"],"accept-encoding":["gzip, deflate, br, zstd"],"accept-language":["es-419,es;q=0.9"]},"query_params":[],"request_data":[],"request_size":0,"timestamp":"2025-10-03T01:01:55.922836Z"},"timestamp":"2025-10-03T01:01:55.923206Z"} 
[2025-10-02 18:01:55] local.INFO: User Action {"action":"request_end","model":"API_Request","model_id":0,"user_id":15,"user_email":"proveedor@materialesconstruccion.mx","ip_address":"::1","user_agent":"Mozilla/5.0 (Windows NT 10.0; Win64; x64) AppleWebKit/537.36 (KHTML, like Gecko) Chrome/140.0.0.0 Safari/537.36","data":{"request_id":"req_68df2083e14796.88797956","method":"GET","path":"api/proveedores/user/15","status_code":200,"execution_time_ms":11.3,"response_size":1566,"memory_usage_mb":28.0,"memory_peak_mb":28.0,"user_id":15,"performance_category":"fast","response_headers":{"content_type":"application/json"}},"timestamp":"2025-10-03T01:01:55.934105Z"} 
[2025-10-02 18:01:56] local.INFO: User Action {"action":"request_start","model":"API_Request","model_id":0,"user_id":15,"user_email":"proveedor@materialesconstruccion.mx","ip_address":"::1","user_agent":"Mozilla/5.0 (Windows NT 10.0; Win64; x64) AppleWebKit/537.36 (KHTML, like Gecko) Chrome/140.0.0.0 Safari/537.36","data":{"request_id":"req_68df2084112476.19547784","method":"GET","path":"api/auth/me","full_url":"http://localhost:8080/api/auth/me","ip_address":"::1","user_agent":"Mozilla/5.0 (Windows NT 10.0; Win64; x64) AppleWebKit/537.36 (KHTML, like Gecko) Chrome/140.0.0.0 Safari/537.36","referer":"http://localhost:4200/","user_id":15,"user_email":"proveedor@materialesconstruccion.mx","headers":{"host":["localhost:8080"],"connection":["keep-alive"],"sec-ch-ua-platform":["\"Windows\""],"authorization":"[HIDDEN]","sec-ch-ua":["\"Chromium\";v=\"140\", \"Not=A?Brand\";v=\"24\", \"Google Chrome\";v=\"140\""],"sec-ch-ua-mobile":["?0"],"access-control-allow-credentials":["true"],"user-agent":["Mozilla/5.0 (Windows NT 10.0; Win64; x64) AppleWebKit/537.36 (KHTML, like Gecko) Chrome/140.0.0.0 Safari/537.36"],"accept":["application/json"],"content-type":["application/json"],"origin":["http://localhost:4200"],"sec-fetch-site":["same-site"],"sec-fetch-mode":["cors"],"sec-fetch-dest":["empty"],"referer":["http://localhost:4200/"],"accept-encoding":["gzip, deflate, br, zstd"],"accept-language":["es-419,es;q=0.9"]},"query_params":[],"request_data":[],"request_size":0,"timestamp":"2025-10-03T01:01:56.070332Z"},"timestamp":"2025-10-03T01:01:56.070682Z"} 
[2025-10-02 18:01:56] local.INFO: User Action {"action":"request_end","model":"API_Request","model_id":0,"user_id":15,"user_email":"proveedor@materialesconstruccion.mx","ip_address":"::1","user_agent":"Mozilla/5.0 (Windows NT 10.0; Win64; x64) AppleWebKit/537.36 (KHTML, like Gecko) Chrome/140.0.0.0 Safari/537.36","data":{"request_id":"req_68df2084112476.19547784","method":"GET","path":"api/auth/me","status_code":200,"execution_time_ms":11.46,"response_size":1979,"memory_usage_mb":28.0,"memory_peak_mb":28.0,"user_id":15,"performance_category":"fast","response_headers":{"content_type":"application/json"}},"timestamp":"2025-10-03T01:01:56.081741Z"} 
[2025-10-02 18:01:56] local.INFO: User Action {"action":"request_start","model":"API_Request","model_id":0,"user_id":15,"user_email":"proveedor@materialesconstruccion.mx","ip_address":"::1","user_agent":"Mozilla/5.0 (Windows NT 10.0; Win64; x64) AppleWebKit/537.36 (KHTML, like Gecko) Chrome/140.0.0.0 Safari/537.36","data":{"request_id":"req_68df2084917a76.75355838","method":"GET","path":"api/proveedores/4/solicitudes-pago","full_url":"http://localhost:8080/api/proveedores/4/solicitudes-pago?estado_solicitud=pendiente&order=desc&per_page=15&sort_by=fecha_registro_pendiente","ip_address":"::1","user_agent":"Mozilla/5.0 (Windows NT 10.0; Win64; x64) AppleWebKit/537.36 (KHTML, like Gecko) Chrome/140.0.0.0 Safari/537.36","referer":"http://localhost:4200/","user_id":15,"user_email":"proveedor@materialesconstruccion.mx","headers":{"host":["localhost:8080"],"connection":["keep-alive"],"sec-ch-ua-platform":["\"Windows\""],"authorization":"[HIDDEN]","sec-ch-ua":["\"Chromium\";v=\"140\", \"Not=A?Brand\";v=\"24\", \"Google Chrome\";v=\"140\""],"sec-ch-ua-mobile":["?0"],"access-control-allow-credentials":["true"],"user-agent":["Mozilla/5.0 (Windows NT 10.0; Win64; x64) AppleWebKit/537.36 (KHTML, like Gecko) Chrome/140.0.0.0 Safari/537.36"],"accept":["application/json, text/plain, */*"],"content-type":["application/json"],"origin":["http://localhost:4200"],"sec-fetch-site":["same-site"],"sec-fetch-mode":["cors"],"sec-fetch-dest":["empty"],"referer":["http://localhost:4200/"],"accept-encoding":["gzip, deflate, br, zstd"],"accept-language":["es-419,es;q=0.9"]},"query_params":{"estado_solicitud":"pendiente","per_page":"15","sort_by":"fecha_registro_pendiente","order":"desc"},"request_data":{"_proveedor_id":4,"_user_proveedor_relation":"PRINCIPAL","estado_solicitud":"pendiente","per_page":"15","sort_by":"fecha_registro_pendiente","order":"desc"},"request_size":0,"timestamp":"2025-10-03T01:01:56.595983Z"},"timestamp":"2025-10-03T01:01:56.596365Z"} 
[2025-10-02 18:01:56] local.INFO: User Action {"action":"request_end","model":"API_Request","model_id":0,"user_id":15,"user_email":"proveedor@materialesconstruccion.mx","ip_address":"::1","user_agent":"Mozilla/5.0 (Windows NT 10.0; Win64; x64) AppleWebKit/537.36 (KHTML, like Gecko) Chrome/140.0.0.0 Safari/537.36","data":{"request_id":"req_68df2084917a76.75355838","method":"GET","path":"api/proveedores/4/solicitudes-pago","status_code":200,"execution_time_ms":19.85,"response_size":9744,"memory_usage_mb":28.0,"memory_peak_mb":28.0,"user_id":15,"performance_category":"fast","response_headers":{"content_type":"application/json"}},"timestamp":"2025-10-03T01:01:56.615855Z"} 
[2025-10-02 18:02:01] local.INFO: User Action {"action":"request_start","model":"API_Request","model_id":0,"user_id":15,"user_email":"proveedor@materialesconstruccion.mx","ip_address":"::1","user_agent":"Mozilla/5.0 (Windows NT 10.0; Win64; x64) AppleWebKit/537.36 (KHTML, like Gecko) Chrome/140.0.0.0 Safari/537.36","data":{"request_id":"req_68df2089948dd5.23284050","method":"GET","path":"api/auth/me","full_url":"http://localhost:8080/api/auth/me","ip_address":"::1","user_agent":"Mozilla/5.0 (Windows NT 10.0; Win64; x64) AppleWebKit/537.36 (KHTML, like Gecko) Chrome/140.0.0.0 Safari/537.36","referer":"http://localhost:4200/","user_id":15,"user_email":"proveedor@materialesconstruccion.mx","headers":{"host":["localhost:8080"],"connection":["keep-alive"],"pragma":["no-cache"],"cache-control":["no-cache"],"sec-ch-ua-platform":["\"Windows\""],"authorization":"[HIDDEN]","sec-ch-ua":["\"Chromium\";v=\"140\", \"Not=A?Brand\";v=\"24\", \"Google Chrome\";v=\"140\""],"sec-ch-ua-mobile":["?0"],"access-control-allow-credentials":["true"],"user-agent":["Mozilla/5.0 (Windows NT 10.0; Win64; x64) AppleWebKit/537.36 (KHTML, like Gecko) Chrome/140.0.0.0 Safari/537.36"],"accept":["application/json"],"content-type":["application/json"],"origin":["http://localhost:4200"],"sec-fetch-site":["same-site"],"sec-fetch-mode":["cors"],"sec-fetch-dest":["empty"],"referer":["http://localhost:4200/"],"accept-encoding":["gzip, deflate, br, zstd"],"accept-language":["es-419,es;q=0.9"]},"query_params":[],"request_data":[],"request_size":0,"timestamp":"2025-10-03T01:02:01.608588Z"},"timestamp":"2025-10-03T01:02:01.608943Z"} 
[2025-10-02 18:02:01] local.INFO: User Action {"action":"request_end","model":"API_Request","model_id":0,"user_id":15,"user_email":"proveedor@materialesconstruccion.mx","ip_address":"::1","user_agent":"Mozilla/5.0 (Windows NT 10.0; Win64; x64) AppleWebKit/537.36 (KHTML, like Gecko) Chrome/140.0.0.0 Safari/537.36","data":{"request_id":"req_68df2089948dd5.23284050","method":"GET","path":"api/auth/me","status_code":200,"execution_time_ms":10.78,"response_size":1979,"memory_usage_mb":28.0,"memory_peak_mb":28.0,"user_id":15,"performance_category":"fast","response_headers":{"content_type":"application/json"}},"timestamp":"2025-10-03T01:02:01.619321Z"} 
[2025-10-02 18:02:02] local.INFO: User Action {"action":"request_start","model":"API_Request","model_id":0,"user_id":15,"user_email":"proveedor@materialesconstruccion.mx","ip_address":"::1","user_agent":"Mozilla/5.0 (Windows NT 10.0; Win64; x64) AppleWebKit/537.36 (KHTML, like Gecko) Chrome/140.0.0.0 Safari/537.36","data":{"request_id":"req_68df208a38f375.01598596","method":"GET","path":"api/notifications","full_url":"http://localhost:8080/api/notifications","ip_address":"::1","user_agent":"Mozilla/5.0 (Windows NT 10.0; Win64; x64) AppleWebKit/537.36 (KHTML, like Gecko) Chrome/140.0.0.0 Safari/537.36","referer":"http://localhost:4200/","user_id":15,"user_email":"proveedor@materialesconstruccion.mx","headers":{"host":["localhost:8080"],"connection":["keep-alive"],"sec-ch-ua-platform":["\"Windows\""],"authorization":"[HIDDEN]","sec-ch-ua":["\"Chromium\";v=\"140\", \"Not=A?Brand\";v=\"24\", \"Google Chrome\";v=\"140\""],"sec-ch-ua-mobile":["?0"],"access-control-allow-credentials":["true"],"user-agent":["Mozilla/5.0 (Windows NT 10.0; Win64; x64) AppleWebKit/537.36 (KHTML, like Gecko) Chrome/140.0.0.0 Safari/537.36"],"accept":["application/json, text/plain, */*"],"content-type":["application/json"],"origin":["http://localhost:4200"],"sec-fetch-site":["same-site"],"sec-fetch-mode":["cors"],"sec-fetch-dest":["empty"],"referer":["http://localhost:4200/"],"accept-encoding":["gzip, deflate, br, zstd"],"accept-language":["es-419,es;q=0.9"]},"query_params":[],"request_data":[],"request_size":0,"timestamp":"2025-10-03T01:02:02.233407Z"},"timestamp":"2025-10-03T01:02:02.233794Z"} 
[2025-10-02 18:02:02] local.INFO: User Action {"action":"request_end","model":"API_Request","model_id":0,"user_id":15,"user_email":"proveedor@materialesconstruccion.mx","ip_address":"::1","user_agent":"Mozilla/5.0 (Windows NT 10.0; Win64; x64) AppleWebKit/537.36 (KHTML, like Gecko) Chrome/140.0.0.0 Safari/537.36","data":{"request_id":"req_68df208a38f375.01598596","method":"GET","path":"api/notifications","status_code":200,"execution_time_ms":8.29,"response_size":558,"memory_usage_mb":26.0,"memory_peak_mb":26.0,"user_id":15,"performance_category":"fast","response_headers":{"content_type":"application/json"}},"timestamp":"2025-10-03T01:02:02.241639Z"} 
[2025-10-02 18:02:02] local.INFO: User Action {"action":"request_start","model":"API_Request","model_id":0,"user_id":15,"user_email":"proveedor@materialesconstruccion.mx","ip_address":"::1","user_agent":"Mozilla/5.0 (Windows NT 10.0; Win64; x64) AppleWebKit/537.36 (KHTML, like Gecko) Chrome/140.0.0.0 Safari/537.36","data":{"request_id":"req_68df208a6835f4.35154769","method":"GET","path":"api/proveedores/user/15","full_url":"http://localhost:8080/api/proveedores/user/15","ip_address":"::1","user_agent":"Mozilla/5.0 (Windows NT 10.0; Win64; x64) AppleWebKit/537.36 (KHTML, like Gecko) Chrome/140.0.0.0 Safari/537.36","referer":"http://localhost:4200/","user_id":15,"user_email":"proveedor@materialesconstruccion.mx","headers":{"host":["localhost:8080"],"connection":["keep-alive"],"sec-ch-ua-platform":["\"Windows\""],"authorization":"[HIDDEN]","sec-ch-ua":["\"Chromium\";v=\"140\", \"Not=A?Brand\";v=\"24\", \"Google Chrome\";v=\"140\""],"sec-ch-ua-mobile":["?0"],"access-control-allow-credentials":["true"],"user-agent":["Mozilla/5.0 (Windows NT 10.0; Win64; x64) AppleWebKit/537.36 (KHTML, like Gecko) Chrome/140.0.0.0 Safari/537.36"],"accept":["application/json, text/plain, */*"],"content-type":["application/json"],"origin":["http://localhost:4200"],"sec-fetch-site":["same-site"],"sec-fetch-mode":["cors"],"sec-fetch-dest":["empty"],"referer":["http://localhost:4200/"],"accept-encoding":["gzip, deflate, br, zstd"],"accept-language":["es-419,es;q=0.9"]},"query_params":[],"request_data":[],"request_size":0,"timestamp":"2025-10-03T01:02:02.427005Z"},"timestamp":"2025-10-03T01:02:02.427659Z"} 
[2025-10-02 18:02:02] local.INFO: User Action {"action":"request_end","model":"API_Request","model_id":0,"user_id":15,"user_email":"proveedor@materialesconstruccion.mx","ip_address":"::1","user_agent":"Mozilla/5.0 (Windows NT 10.0; Win64; x64) AppleWebKit/537.36 (KHTML, like Gecko) Chrome/140.0.0.0 Safari/537.36","data":{"request_id":"req_68df208a6835f4.35154769","method":"GET","path":"api/proveedores/user/15","status_code":200,"execution_time_ms":17.09,"response_size":1566,"memory_usage_mb":28.0,"memory_peak_mb":28.0,"user_id":15,"performance_category":"fast","response_headers":{"content_type":"application/json"}},"timestamp":"2025-10-03T01:02:02.444021Z"} 
[2025-10-02 18:02:02] local.INFO: User Action {"action":"request_start","model":"API_Request","model_id":0,"user_id":15,"user_email":"proveedor@materialesconstruccion.mx","ip_address":"::1","user_agent":"Mozilla/5.0 (Windows NT 10.0; Win64; x64) AppleWebKit/537.36 (KHTML, like Gecko) Chrome/140.0.0.0 Safari/537.36","data":{"request_id":"req_68df208a90ba62.21839869","method":"GET","path":"api/auth/me","full_url":"http://localhost:8080/api/auth/me","ip_address":"::1","user_agent":"Mozilla/5.0 (Windows NT 10.0; Win64; x64) AppleWebKit/537.36 (KHTML, like Gecko) Chrome/140.0.0.0 Safari/537.36","referer":"http://localhost:4200/","user_id":15,"user_email":"proveedor@materialesconstruccion.mx","headers":{"host":["localhost:8080"],"connection":["keep-alive"],"sec-ch-ua-platform":["\"Windows\""],"authorization":"[HIDDEN]","sec-ch-ua":["\"Chromium\";v=\"140\", \"Not=A?Brand\";v=\"24\", \"Google Chrome\";v=\"140\""],"sec-ch-ua-mobile":["?0"],"access-control-allow-credentials":["true"],"user-agent":["Mozilla/5.0 (Windows NT 10.0; Win64; x64) AppleWebKit/537.36 (KHTML, like Gecko) Chrome/140.0.0.0 Safari/537.36"],"accept":["application/json"],"content-type":["application/json"],"origin":["http://localhost:4200"],"sec-fetch-site":["same-site"],"sec-fetch-mode":["cors"],"sec-fetch-dest":["empty"],"referer":["http://localhost:4200/"],"accept-encoding":["gzip, deflate, br, zstd"],"accept-language":["es-419,es;q=0.9"]},"query_params":[],"request_data":[],"request_size":0,"timestamp":"2025-10-03T01:02:02.592917Z"},"timestamp":"2025-10-03T01:02:02.593302Z"} 
[2025-10-02 18:02:02] local.INFO: User Action {"action":"request_end","model":"API_Request","model_id":0,"user_id":15,"user_email":"proveedor@materialesconstruccion.mx","ip_address":"::1","user_agent":"Mozilla/5.0 (Windows NT 10.0; Win64; x64) AppleWebKit/537.36 (KHTML, like Gecko) Chrome/140.0.0.0 Safari/537.36","data":{"request_id":"req_68df208a90ba62.21839869","method":"GET","path":"api/auth/me","status_code":200,"execution_time_ms":12.07,"response_size":1979,"memory_usage_mb":28.0,"memory_peak_mb":28.0,"user_id":15,"performance_category":"fast","response_headers":{"content_type":"application/json"}},"timestamp":"2025-10-03T01:02:02.604949Z"} 
[2025-10-02 18:02:03] local.INFO: User Action {"action":"request_start","model":"API_Request","model_id":0,"user_id":15,"user_email":"proveedor@materialesconstruccion.mx","ip_address":"::1","user_agent":"Mozilla/5.0 (Windows NT 10.0; Win64; x64) AppleWebKit/537.36 (KHTML, like Gecko) Chrome/140.0.0.0 Safari/537.36","data":{"request_id":"req_68df208b190a04.39918618","method":"GET","path":"api/proveedores/4/solicitudes-pago","full_url":"http://localhost:8080/api/proveedores/4/solicitudes-pago?estado_solicitud=pendiente&order=desc&per_page=15&sort_by=fecha_registro_pendiente","ip_address":"::1","user_agent":"Mozilla/5.0 (Windows NT 10.0; Win64; x64) AppleWebKit/537.36 (KHTML, like Gecko) Chrome/140.0.0.0 Safari/537.36","referer":"http://localhost:4200/","user_id":15,"user_email":"proveedor@materialesconstruccion.mx","headers":{"host":["localhost:8080"],"connection":["keep-alive"],"sec-ch-ua-platform":["\"Windows\""],"authorization":"[HIDDEN]","sec-ch-ua":["\"Chromium\";v=\"140\", \"Not=A?Brand\";v=\"24\", \"Google Chrome\";v=\"140\""],"sec-ch-ua-mobile":["?0"],"access-control-allow-credentials":["true"],"user-agent":["Mozilla/5.0 (Windows NT 10.0; Win64; x64) AppleWebKit/537.36 (KHTML, like Gecko) Chrome/140.0.0.0 Safari/537.36"],"accept":["application/json, text/plain, */*"],"content-type":["application/json"],"origin":["http://localhost:4200"],"sec-fetch-site":["same-site"],"sec-fetch-mode":["cors"],"sec-fetch-dest":["empty"],"referer":["http://localhost:4200/"],"accept-encoding":["gzip, deflate, br, zstd"],"accept-language":["es-419,es;q=0.9"]},"query_params":{"estado_solicitud":"pendiente","per_page":"15","sort_by":"fecha_registro_pendiente","order":"desc"},"request_data":{"_proveedor_id":4,"_user_proveedor_relation":"PRINCIPAL","estado_solicitud":"pendiente","per_page":"15","sort_by":"fecha_registro_pendiente","order":"desc"},"request_size":0,"timestamp":"2025-10-03T01:02:03.102660Z"},"timestamp":"2025-10-03T01:02:03.103053Z"} 
[2025-10-02 18:02:03] local.INFO: User Action {"action":"request_end","model":"API_Request","model_id":0,"user_id":15,"user_email":"proveedor@materialesconstruccion.mx","ip_address":"::1","user_agent":"Mozilla/5.0 (Windows NT 10.0; Win64; x64) AppleWebKit/537.36 (KHTML, like Gecko) Chrome/140.0.0.0 Safari/537.36","data":{"request_id":"req_68df208b190a04.39918618","method":"GET","path":"api/proveedores/4/solicitudes-pago","status_code":200,"execution_time_ms":12.58,"response_size":9744,"memory_usage_mb":28.0,"memory_peak_mb":28.0,"user_id":15,"performance_category":"fast","response_headers":{"content_type":"application/json"}},"timestamp":"2025-10-03T01:02:03.115216Z"} 
[2025-10-02 18:02:07] local.INFO: User Action {"action":"request_start","model":"API_Request","model_id":0,"user_id":15,"user_email":"proveedor@materialesconstruccion.mx","ip_address":"::1","user_agent":"Mozilla/5.0 (Windows NT 10.0; Win64; x64) AppleWebKit/537.36 (KHTML, like Gecko) Chrome/140.0.0.0 Safari/537.36","data":{"request_id":"req_68df208f0f3804.32870553","method":"GET","path":"api/auth/me","full_url":"http://localhost:8080/api/auth/me","ip_address":"::1","user_agent":"Mozilla/5.0 (Windows NT 10.0; Win64; x64) AppleWebKit/537.36 (KHTML, like Gecko) Chrome/140.0.0.0 Safari/537.36","referer":"http://localhost:4200/","user_id":15,"user_email":"proveedor@materialesconstruccion.mx","headers":{"host":["localhost:8080"],"connection":["keep-alive"],"sec-ch-ua-platform":["\"Windows\""],"authorization":"[HIDDEN]","sec-ch-ua":["\"Chromium\";v=\"140\", \"Not=A?Brand\";v=\"24\", \"Google Chrome\";v=\"140\""],"sec-ch-ua-mobile":["?0"],"access-control-allow-credentials":["true"],"user-agent":["Mozilla/5.0 (Windows NT 10.0; Win64; x64) AppleWebKit/537.36 (KHTML, like Gecko) Chrome/140.0.0.0 Safari/537.36"],"accept":["application/json"],"content-type":["application/json"],"origin":["http://localhost:4200"],"sec-fetch-site":["same-site"],"sec-fetch-mode":["cors"],"sec-fetch-dest":["empty"],"referer":["http://localhost:4200/"],"accept-encoding":["gzip, deflate, br, zstd"],"accept-language":["es-419,es;q=0.9"]},"query_params":[],"request_data":[],"request_size":0,"timestamp":"2025-10-03T01:02:07.062468Z"},"timestamp":"2025-10-03T01:02:07.062851Z"} 
[2025-10-02 18:02:07] local.INFO: User Action {"action":"request_end","model":"API_Request","model_id":0,"user_id":15,"user_email":"proveedor@materialesconstruccion.mx","ip_address":"::1","user_agent":"Mozilla/5.0 (Windows NT 10.0; Win64; x64) AppleWebKit/537.36 (KHTML, like Gecko) Chrome/140.0.0.0 Safari/537.36","data":{"request_id":"req_68df208f0f3804.32870553","method":"GET","path":"api/auth/me","status_code":200,"execution_time_ms":11.63,"response_size":1979,"memory_usage_mb":28.0,"memory_peak_mb":28.0,"user_id":15,"performance_category":"fast","response_headers":{"content_type":"application/json"}},"timestamp":"2025-10-03T01:02:07.074029Z"} 
[2025-10-02 18:02:07] local.INFO: User Action {"action":"request_start","model":"API_Request","model_id":0,"user_id":15,"user_email":"proveedor@materialesconstruccion.mx","ip_address":"::1","user_agent":"Mozilla/5.0 (Windows NT 10.0; Win64; x64) AppleWebKit/537.36 (KHTML, like Gecko) Chrome/140.0.0.0 Safari/537.36","data":{"request_id":"req_68df208fb27bc5.99620709","method":"GET","path":"api/notifications","full_url":"http://localhost:8080/api/notifications","ip_address":"::1","user_agent":"Mozilla/5.0 (Windows NT 10.0; Win64; x64) AppleWebKit/537.36 (KHTML, like Gecko) Chrome/140.0.0.0 Safari/537.36","referer":"http://localhost:4200/","user_id":15,"user_email":"proveedor@materialesconstruccion.mx","headers":{"host":["localhost:8080"],"connection":["keep-alive"],"sec-ch-ua-platform":["\"Windows\""],"authorization":"[HIDDEN]","sec-ch-ua":["\"Chromium\";v=\"140\", \"Not=A?Brand\";v=\"24\", \"Google Chrome\";v=\"140\""],"sec-ch-ua-mobile":["?0"],"access-control-allow-credentials":["true"],"user-agent":["Mozilla/5.0 (Windows NT 10.0; Win64; x64) AppleWebKit/537.36 (KHTML, like Gecko) Chrome/140.0.0.0 Safari/537.36"],"accept":["application/json, text/plain, */*"],"content-type":["application/json"],"origin":["http://localhost:4200"],"sec-fetch-site":["same-site"],"sec-fetch-mode":["cors"],"sec-fetch-dest":["empty"],"referer":["http://localhost:4200/"],"accept-encoding":["gzip, deflate, br, zstd"],"accept-language":["es-419,es;q=0.9"]},"query_params":[],"request_data":[],"request_size":0,"timestamp":"2025-10-03T01:02:07.731170Z"},"timestamp":"2025-10-03T01:02:07.731516Z"} 
[2025-10-02 18:02:07] local.INFO: User Action {"action":"request_end","model":"API_Request","model_id":0,"user_id":15,"user_email":"proveedor@materialesconstruccion.mx","ip_address":"::1","user_agent":"Mozilla/5.0 (Windows NT 10.0; Win64; x64) AppleWebKit/537.36 (KHTML, like Gecko) Chrome/140.0.0.0 Safari/537.36","data":{"request_id":"req_68df208fb27bc5.99620709","method":"GET","path":"api/notifications","status_code":200,"execution_time_ms":7.61,"response_size":558,"memory_usage_mb":26.0,"memory_peak_mb":26.0,"user_id":15,"performance_category":"fast","response_headers":{"content_type":"application/json"}},"timestamp":"2025-10-03T01:02:07.738891Z"} 
[2025-10-02 18:02:07] local.INFO: User Action {"action":"request_start","model":"API_Request","model_id":0,"user_id":15,"user_email":"proveedor@materialesconstruccion.mx","ip_address":"::1","user_agent":"Mozilla/5.0 (Windows NT 10.0; Win64; x64) AppleWebKit/537.36 (KHTML, like Gecko) Chrome/140.0.0.0 Safari/537.36","data":{"request_id":"req_68df208fda0c89.75765101","method":"GET","path":"api/proveedores/user/15","full_url":"http://localhost:8080/api/proveedores/user/15","ip_address":"::1","user_agent":"Mozilla/5.0 (Windows NT 10.0; Win64; x64) AppleWebKit/537.36 (KHTML, like Gecko) Chrome/140.0.0.0 Safari/537.36","referer":"http://localhost:4200/","user_id":15,"user_email":"proveedor@materialesconstruccion.mx","headers":{"host":["localhost:8080"],"connection":["keep-alive"],"sec-ch-ua-platform":["\"Windows\""],"authorization":"[HIDDEN]","sec-ch-ua":["\"Chromium\";v=\"140\", \"Not=A?Brand\";v=\"24\", \"Google Chrome\";v=\"140\""],"sec-ch-ua-mobile":["?0"],"access-control-allow-credentials":["true"],"user-agent":["Mozilla/5.0 (Windows NT 10.0; Win64; x64) AppleWebKit/537.36 (KHTML, like Gecko) Chrome/140.0.0.0 Safari/537.36"],"accept":["application/json, text/plain, */*"],"content-type":["application/json"],"origin":["http://localhost:4200"],"sec-fetch-site":["same-site"],"sec-fetch-mode":["cors"],"sec-fetch-dest":["empty"],"referer":["http://localhost:4200/"],"accept-encoding":["gzip, deflate, br, zstd"],"accept-language":["es-419,es;q=0.9"]},"query_params":[],"request_data":[],"request_size":0,"timestamp":"2025-10-03T01:02:07.893217Z"},"timestamp":"2025-10-03T01:02:07.893593Z"} 
[2025-10-02 18:02:07] local.INFO: User Action {"action":"request_end","model":"API_Request","model_id":0,"user_id":15,"user_email":"proveedor@materialesconstruccion.mx","ip_address":"::1","user_agent":"Mozilla/5.0 (Windows NT 10.0; Win64; x64) AppleWebKit/537.36 (KHTML, like Gecko) Chrome/140.0.0.0 Safari/537.36","data":{"request_id":"req_68df208fda0c89.75765101","method":"GET","path":"api/proveedores/user/15","status_code":200,"execution_time_ms":10.9,"response_size":1566,"memory_usage_mb":28.0,"memory_peak_mb":28.0,"user_id":15,"performance_category":"fast","response_headers":{"content_type":"application/json"}},"timestamp":"2025-10-03T01:02:07.904096Z"} 
[2025-10-02 18:02:08] local.INFO: User Action {"action":"request_start","model":"API_Request","model_id":0,"user_id":15,"user_email":"proveedor@materialesconstruccion.mx","ip_address":"::1","user_agent":"Mozilla/5.0 (Windows NT 10.0; Win64; x64) AppleWebKit/537.36 (KHTML, like Gecko) Chrome/140.0.0.0 Safari/537.36","data":{"request_id":"req_68df20902763b8.59503343","method":"GET","path":"api/auth/me","full_url":"http://localhost:8080/api/auth/me","ip_address":"::1","user_agent":"Mozilla/5.0 (Windows NT 10.0; Win64; x64) AppleWebKit/537.36 (KHTML, like Gecko) Chrome/140.0.0.0 Safari/537.36","referer":"http://localhost:4200/","user_id":15,"user_email":"proveedor@materialesconstruccion.mx","headers":{"host":["localhost:8080"],"connection":["keep-alive"],"sec-ch-ua-platform":["\"Windows\""],"authorization":"[HIDDEN]","sec-ch-ua":["\"Chromium\";v=\"140\", \"Not=A?Brand\";v=\"24\", \"Google Chrome\";v=\"140\""],"sec-ch-ua-mobile":["?0"],"access-control-allow-credentials":["true"],"user-agent":["Mozilla/5.0 (Windows NT 10.0; Win64; x64) AppleWebKit/537.36 (KHTML, like Gecko) Chrome/140.0.0.0 Safari/537.36"],"accept":["application/json"],"content-type":["application/json"],"origin":["http://localhost:4200"],"sec-fetch-site":["same-site"],"sec-fetch-mode":["cors"],"sec-fetch-dest":["empty"],"referer":["http://localhost:4200/"],"accept-encoding":["gzip, deflate, br, zstd"],"accept-language":["es-419,es;q=0.9"]},"query_params":[],"request_data":[],"request_size":0,"timestamp":"2025-10-03T01:02:08.161446Z"},"timestamp":"2025-10-03T01:02:08.161799Z"} 
[2025-10-02 18:02:08] local.INFO: User Action {"action":"request_end","model":"API_Request","model_id":0,"user_id":15,"user_email":"proveedor@materialesconstruccion.mx","ip_address":"::1","user_agent":"Mozilla/5.0 (Windows NT 10.0; Win64; x64) AppleWebKit/537.36 (KHTML, like Gecko) Chrome/140.0.0.0 Safari/537.36","data":{"request_id":"req_68df20902763b8.59503343","method":"GET","path":"api/auth/me","status_code":200,"execution_time_ms":9.86,"response_size":1979,"memory_usage_mb":28.0,"memory_peak_mb":28.0,"user_id":15,"performance_category":"fast","response_headers":{"content_type":"application/json"}},"timestamp":"2025-10-03T01:02:08.171266Z"} 
[2025-10-02 18:02:08] local.INFO: User Action {"action":"request_start","model":"API_Request","model_id":0,"user_id":15,"user_email":"proveedor@materialesconstruccion.mx","ip_address":"::1","user_agent":"Mozilla/5.0 (Windows NT 10.0; Win64; x64) AppleWebKit/537.36 (KHTML, like Gecko) Chrome/140.0.0.0 Safari/537.36","data":{"request_id":"req_68df2090874189.77306203","method":"GET","path":"api/proveedores/4/solicitudes-pago","full_url":"http://localhost:8080/api/proveedores/4/solicitudes-pago?estado_solicitud=pendiente&order=desc&per_page=15&sort_by=fecha_registro_pendiente","ip_address":"::1","user_agent":"Mozilla/5.0 (Windows NT 10.0; Win64; x64) AppleWebKit/537.36 (KHTML, like Gecko) Chrome/140.0.0.0 Safari/537.36","referer":"http://localhost:4200/","user_id":15,"user_email":"proveedor@materialesconstruccion.mx","headers":{"host":["localhost:8080"],"connection":["keep-alive"],"sec-ch-ua-platform":["\"Windows\""],"authorization":"[HIDDEN]","sec-ch-ua":["\"Chromium\";v=\"140\", \"Not=A?Brand\";v=\"24\", \"Google Chrome\";v=\"140\""],"sec-ch-ua-mobile":["?0"],"access-control-allow-credentials":["true"],"user-agent":["Mozilla/5.0 (Windows NT 10.0; Win64; x64) AppleWebKit/537.36 (KHTML, like Gecko) Chrome/140.0.0.0 Safari/537.36"],"accept":["application/json, text/plain, */*"],"content-type":["application/json"],"origin":["http://localhost:4200"],"sec-fetch-site":["same-site"],"sec-fetch-mode":["cors"],"sec-fetch-dest":["empty"],"referer":["http://localhost:4200/"],"accept-encoding":["gzip, deflate, br, zstd"],"accept-language":["es-419,es;q=0.9"]},"query_params":{"estado_solicitud":"pendiente","per_page":"15","sort_by":"fecha_registro_pendiente","order":"desc"},"request_data":{"_proveedor_id":4,"_user_proveedor_relation":"PRINCIPAL","estado_solicitud":"pendiente","per_page":"15","sort_by":"fecha_registro_pendiente","order":"desc"},"request_size":0,"timestamp":"2025-10-03T01:02:08.554095Z"},"timestamp":"2025-10-03T01:02:08.554447Z"} 
[2025-10-02 18:02:08] local.INFO: User Action {"action":"request_end","model":"API_Request","model_id":0,"user_id":15,"user_email":"proveedor@materialesconstruccion.mx","ip_address":"::1","user_agent":"Mozilla/5.0 (Windows NT 10.0; Win64; x64) AppleWebKit/537.36 (KHTML, like Gecko) Chrome/140.0.0.0 Safari/537.36","data":{"request_id":"req_68df2090874189.77306203","method":"GET","path":"api/proveedores/4/solicitudes-pago","status_code":200,"execution_time_ms":13.22,"response_size":9744,"memory_usage_mb":28.0,"memory_peak_mb":28.0,"user_id":15,"performance_category":"fast","response_headers":{"content_type":"application/json"}},"timestamp":"2025-10-03T01:02:08.567326Z"} 
[2025-10-02 18:02:16] local.INFO: User Action {"action":"request_start","model":"API_Request","model_id":0,"user_id":15,"user_email":"proveedor@materialesconstruccion.mx","ip_address":"::1","user_agent":"Mozilla/5.0 (Windows NT 10.0; Win64; x64) AppleWebKit/537.36 (KHTML, like Gecko) Chrome/140.0.0.0 Safari/537.36","data":{"request_id":"req_68df209871a624.94086892","method":"GET","path":"api/auth/me","full_url":"http://localhost:8080/api/auth/me","ip_address":"::1","user_agent":"Mozilla/5.0 (Windows NT 10.0; Win64; x64) AppleWebKit/537.36 (KHTML, like Gecko) Chrome/140.0.0.0 Safari/537.36","referer":"http://localhost:4200/","user_id":15,"user_email":"proveedor@materialesconstruccion.mx","headers":{"host":["localhost:8080"],"connection":["keep-alive"],"sec-ch-ua-platform":["\"Windows\""],"authorization":"[HIDDEN]","sec-ch-ua":["\"Chromium\";v=\"140\", \"Not=A?Brand\";v=\"24\", \"Google Chrome\";v=\"140\""],"sec-ch-ua-mobile":["?0"],"access-control-allow-credentials":["true"],"user-agent":["Mozilla/5.0 (Windows NT 10.0; Win64; x64) AppleWebKit/537.36 (KHTML, like Gecko) Chrome/140.0.0.0 Safari/537.36"],"accept":["application/json"],"content-type":["application/json"],"origin":["http://localhost:4200"],"sec-fetch-site":["same-site"],"sec-fetch-mode":["cors"],"sec-fetch-dest":["empty"],"referer":["http://localhost:4200/"],"accept-encoding":["gzip, deflate, br, zstd"],"accept-language":["es-419,es;q=0.9"]},"query_params":[],"request_data":[],"request_size":0,"timestamp":"2025-10-03T01:02:16.465607Z"},"timestamp":"2025-10-03T01:02:16.465957Z"} 
[2025-10-02 18:02:16] local.INFO: User Action {"action":"request_end","model":"API_Request","model_id":0,"user_id":15,"user_email":"proveedor@materialesconstruccion.mx","ip_address":"::1","user_agent":"Mozilla/5.0 (Windows NT 10.0; Win64; x64) AppleWebKit/537.36 (KHTML, like Gecko) Chrome/140.0.0.0 Safari/537.36","data":{"request_id":"req_68df209871a624.94086892","method":"GET","path":"api/auth/me","status_code":200,"execution_time_ms":11.23,"response_size":1979,"memory_usage_mb":28.0,"memory_peak_mb":28.0,"user_id":15,"performance_category":"fast","response_headers":{"content_type":"application/json"}},"timestamp":"2025-10-03T01:02:16.476806Z"} 
[2025-10-02 18:02:17] local.INFO: User Action {"action":"request_start","model":"API_Request","model_id":0,"user_id":15,"user_email":"proveedor@materialesconstruccion.mx","ip_address":"::1","user_agent":"Mozilla/5.0 (Windows NT 10.0; Win64; x64) AppleWebKit/537.36 (KHTML, like Gecko) Chrome/140.0.0.0 Safari/537.36","data":{"request_id":"req_68df2099188227.03055098","method":"GET","path":"api/notifications","full_url":"http://localhost:8080/api/notifications","ip_address":"::1","user_agent":"Mozilla/5.0 (Windows NT 10.0; Win64; x64) AppleWebKit/537.36 (KHTML, like Gecko) Chrome/140.0.0.0 Safari/537.36","referer":"http://localhost:4200/","user_id":15,"user_email":"proveedor@materialesconstruccion.mx","headers":{"host":["localhost:8080"],"connection":["keep-alive"],"sec-ch-ua-platform":["\"Windows\""],"authorization":"[HIDDEN]","sec-ch-ua":["\"Chromium\";v=\"140\", \"Not=A?Brand\";v=\"24\", \"Google Chrome\";v=\"140\""],"sec-ch-ua-mobile":["?0"],"access-control-allow-credentials":["true"],"user-agent":["Mozilla/5.0 (Windows NT 10.0; Win64; x64) AppleWebKit/537.36 (KHTML, like Gecko) Chrome/140.0.0.0 Safari/537.36"],"accept":["application/json, text/plain, */*"],"content-type":["application/json"],"origin":["http://localhost:4200"],"sec-fetch-site":["same-site"],"sec-fetch-mode":["cors"],"sec-fetch-dest":["empty"],"referer":["http://localhost:4200/"],"accept-encoding":["gzip, deflate, br, zstd"],"accept-language":["es-419,es;q=0.9"]},"query_params":[],"request_data":[],"request_size":0,"timestamp":"2025-10-03T01:02:17.100505Z"},"timestamp":"2025-10-03T01:02:17.100862Z"} 
[2025-10-02 18:02:17] local.INFO: User Action {"action":"request_end","model":"API_Request","model_id":0,"user_id":15,"user_email":"proveedor@materialesconstruccion.mx","ip_address":"::1","user_agent":"Mozilla/5.0 (Windows NT 10.0; Win64; x64) AppleWebKit/537.36 (KHTML, like Gecko) Chrome/140.0.0.0 Safari/537.36","data":{"request_id":"req_68df2099188227.03055098","method":"GET","path":"api/notifications","status_code":200,"execution_time_ms":6.81,"response_size":558,"memory_usage_mb":26.0,"memory_peak_mb":26.0,"user_id":15,"performance_category":"fast","response_headers":{"content_type":"application/json"}},"timestamp":"2025-10-03T01:02:17.107349Z"} 
[2025-10-02 18:02:17] local.INFO: User Action {"action":"request_start","model":"API_Request","model_id":0,"user_id":15,"user_email":"proveedor@materialesconstruccion.mx","ip_address":"::1","user_agent":"Mozilla/5.0 (Windows NT 10.0; Win64; x64) AppleWebKit/537.36 (KHTML, like Gecko) Chrome/140.0.0.0 Safari/537.36","data":{"request_id":"req_68df20993a2a04.65918117","method":"GET","path":"api/proveedores/user/15","full_url":"http://localhost:8080/api/proveedores/user/15","ip_address":"::1","user_agent":"Mozilla/5.0 (Windows NT 10.0; Win64; x64) AppleWebKit/537.36 (KHTML, like Gecko) Chrome/140.0.0.0 Safari/537.36","referer":"http://localhost:4200/","user_id":15,"user_email":"proveedor@materialesconstruccion.mx","headers":{"host":["localhost:8080"],"connection":["keep-alive"],"sec-ch-ua-platform":["\"Windows\""],"authorization":"[HIDDEN]","sec-ch-ua":["\"Chromium\";v=\"140\", \"Not=A?Brand\";v=\"24\", \"Google Chrome\";v=\"140\""],"sec-ch-ua-mobile":["?0"],"access-control-allow-credentials":["true"],"user-agent":["Mozilla/5.0 (Windows NT 10.0; Win64; x64) AppleWebKit/537.36 (KHTML, like Gecko) Chrome/140.0.0.0 Safari/537.36"],"accept":["application/json, text/plain, */*"],"content-type":["application/json"],"origin":["http://localhost:4200"],"sec-fetch-site":["same-site"],"sec-fetch-mode":["cors"],"sec-fetch-dest":["empty"],"referer":["http://localhost:4200/"],"accept-encoding":["gzip, deflate, br, zstd"],"accept-language":["es-419,es;q=0.9"]},"query_params":[],"request_data":[],"request_size":0,"timestamp":"2025-10-03T01:02:17.238359Z"},"timestamp":"2025-10-03T01:02:17.238777Z"} 
[2025-10-02 18:02:17] local.INFO: User Action {"action":"request_end","model":"API_Request","model_id":0,"user_id":15,"user_email":"proveedor@materialesconstruccion.mx","ip_address":"::1","user_agent":"Mozilla/5.0 (Windows NT 10.0; Win64; x64) AppleWebKit/537.36 (KHTML, like Gecko) Chrome/140.0.0.0 Safari/537.36","data":{"request_id":"req_68df20993a2a04.65918117","method":"GET","path":"api/proveedores/user/15","status_code":200,"execution_time_ms":11.45,"response_size":1566,"memory_usage_mb":28.0,"memory_peak_mb":28.0,"user_id":15,"performance_category":"fast","response_headers":{"content_type":"application/json"}},"timestamp":"2025-10-03T01:02:17.249762Z"} 
[2025-10-02 18:02:17] local.INFO: User Action {"action":"request_start","model":"API_Request","model_id":0,"user_id":15,"user_email":"proveedor@materialesconstruccion.mx","ip_address":"::1","user_agent":"Mozilla/5.0 (Windows NT 10.0; Win64; x64) AppleWebKit/537.36 (KHTML, like Gecko) Chrome/140.0.0.0 Safari/537.36","data":{"request_id":"req_68df20995d7479.78560250","method":"GET","path":"api/auth/me","full_url":"http://localhost:8080/api/auth/me","ip_address":"::1","user_agent":"Mozilla/5.0 (Windows NT 10.0; Win64; x64) AppleWebKit/537.36 (KHTML, like Gecko) Chrome/140.0.0.0 Safari/537.36","referer":"http://localhost:4200/","user_id":15,"user_email":"proveedor@materialesconstruccion.mx","headers":{"host":["localhost:8080"],"connection":["keep-alive"],"sec-ch-ua-platform":["\"Windows\""],"authorization":"[HIDDEN]","sec-ch-ua":["\"Chromium\";v=\"140\", \"Not=A?Brand\";v=\"24\", \"Google Chrome\";v=\"140\""],"sec-ch-ua-mobile":["?0"],"access-control-allow-credentials":["true"],"user-agent":["Mozilla/5.0 (Windows NT 10.0; Win64; x64) AppleWebKit/537.36 (KHTML, like Gecko) Chrome/140.0.0.0 Safari/537.36"],"accept":["application/json"],"content-type":["application/json"],"origin":["http://localhost:4200"],"sec-fetch-site":["same-site"],"sec-fetch-mode":["cors"],"sec-fetch-dest":["empty"],"referer":["http://localhost:4200/"],"accept-encoding":["gzip, deflate, br, zstd"],"accept-language":["es-419,es;q=0.9"]},"query_params":[],"request_data":[],"request_size":0,"timestamp":"2025-10-03T01:02:17.382891Z"},"timestamp":"2025-10-03T01:02:17.383240Z"} 
[2025-10-02 18:02:17] local.INFO: User Action {"action":"request_end","model":"API_Request","model_id":0,"user_id":15,"user_email":"proveedor@materialesconstruccion.mx","ip_address":"::1","user_agent":"Mozilla/5.0 (Windows NT 10.0; Win64; x64) AppleWebKit/537.36 (KHTML, like Gecko) Chrome/140.0.0.0 Safari/537.36","data":{"request_id":"req_68df20995d7479.78560250","method":"GET","path":"api/auth/me","status_code":200,"execution_time_ms":12.16,"response_size":1979,"memory_usage_mb":28.0,"memory_peak_mb":28.0,"user_id":15,"performance_category":"fast","response_headers":{"content_type":"application/json"}},"timestamp":"2025-10-03T01:02:17.395017Z"} 
[2025-10-02 18:02:17] local.INFO: User Action {"action":"request_start","model":"API_Request","model_id":0,"user_id":15,"user_email":"proveedor@materialesconstruccion.mx","ip_address":"::1","user_agent":"Mozilla/5.0 (Windows NT 10.0; Win64; x64) AppleWebKit/537.36 (KHTML, like Gecko) Chrome/140.0.0.0 Safari/537.36","data":{"request_id":"req_68df2099e45138.88180073","method":"GET","path":"api/proveedores/4/solicitudes-pago","full_url":"http://localhost:8080/api/proveedores/4/solicitudes-pago?estado_solicitud=pendiente&order=desc&per_page=15&sort_by=fecha_registro_pendiente","ip_address":"::1","user_agent":"Mozilla/5.0 (Windows NT 10.0; Win64; x64) AppleWebKit/537.36 (KHTML, like Gecko) Chrome/140.0.0.0 Safari/537.36","referer":"http://localhost:4200/","user_id":15,"user_email":"proveedor@materialesconstruccion.mx","headers":{"host":["localhost:8080"],"connection":["keep-alive"],"sec-ch-ua-platform":["\"Windows\""],"authorization":"[HIDDEN]","sec-ch-ua":["\"Chromium\";v=\"140\", \"Not=A?Brand\";v=\"24\", \"Google Chrome\";v=\"140\""],"sec-ch-ua-mobile":["?0"],"access-control-allow-credentials":["true"],"user-agent":["Mozilla/5.0 (Windows NT 10.0; Win64; x64) AppleWebKit/537.36 (KHTML, like Gecko) Chrome/140.0.0.0 Safari/537.36"],"accept":["application/json, text/plain, */*"],"content-type":["application/json"],"origin":["http://localhost:4200"],"sec-fetch-site":["same-site"],"sec-fetch-mode":["cors"],"sec-fetch-dest":["empty"],"referer":["http://localhost:4200/"],"accept-encoding":["gzip, deflate, br, zstd"],"accept-language":["es-419,es;q=0.9"]},"query_params":{"estado_solicitud":"pendiente","per_page":"15","sort_by":"fecha_registro_pendiente","order":"desc"},"request_data":{"_proveedor_id":4,"_user_proveedor_relation":"PRINCIPAL","estado_solicitud":"pendiente","per_page":"15","sort_by":"fecha_registro_pendiente","order":"desc"},"request_size":0,"timestamp":"2025-10-03T01:02:17.935279Z"},"timestamp":"2025-10-03T01:02:17.935629Z"} 
[2025-10-02 18:02:17] local.INFO: User Action {"action":"request_end","model":"API_Request","model_id":0,"user_id":15,"user_email":"proveedor@materialesconstruccion.mx","ip_address":"::1","user_agent":"Mozilla/5.0 (Windows NT 10.0; Win64; x64) AppleWebKit/537.36 (KHTML, like Gecko) Chrome/140.0.0.0 Safari/537.36","data":{"request_id":"req_68df2099e45138.88180073","method":"GET","path":"api/proveedores/4/solicitudes-pago","status_code":200,"execution_time_ms":13.84,"response_size":9744,"memory_usage_mb":28.0,"memory_peak_mb":28.0,"user_id":15,"performance_category":"fast","response_headers":{"content_type":"application/json"}},"timestamp":"2025-10-03T01:02:17.949110Z"} 
[2025-10-02 18:02:23] local.INFO: User Action {"action":"request_start","model":"API_Request","model_id":0,"user_id":15,"user_email":"proveedor@materialesconstruccion.mx","ip_address":"::1","user_agent":"Mozilla/5.0 (Windows NT 10.0; Win64; x64) AppleWebKit/537.36 (KHTML, like Gecko) Chrome/140.0.0.0 Safari/537.36","data":{"request_id":"req_68df209f1b7d97.74668969","method":"GET","path":"api/auth/me","full_url":"http://localhost:8080/api/auth/me","ip_address":"::1","user_agent":"Mozilla/5.0 (Windows NT 10.0; Win64; x64) AppleWebKit/537.36 (KHTML, like Gecko) Chrome/140.0.0.0 Safari/537.36","referer":"http://localhost:4200/","user_id":15,"user_email":"proveedor@materialesconstruccion.mx","headers":{"host":["localhost:8080"],"connection":["keep-alive"],"sec-ch-ua-platform":["\"Windows\""],"authorization":"[HIDDEN]","sec-ch-ua":["\"Chromium\";v=\"140\", \"Not=A?Brand\";v=\"24\", \"Google Chrome\";v=\"140\""],"sec-ch-ua-mobile":["?0"],"access-control-allow-credentials":["true"],"user-agent":["Mozilla/5.0 (Windows NT 10.0; Win64; x64) AppleWebKit/537.36 (KHTML, like Gecko) Chrome/140.0.0.0 Safari/537.36"],"accept":["application/json"],"content-type":["application/json"],"origin":["http://localhost:4200"],"sec-fetch-site":["same-site"],"sec-fetch-mode":["cors"],"sec-fetch-dest":["empty"],"referer":["http://localhost:4200/"],"accept-encoding":["gzip, deflate, br, zstd"],"accept-language":["es-419,es;q=0.9"]},"query_params":[],"request_data":[],"request_size":0,"timestamp":"2025-10-03T01:02:23.112711Z"},"timestamp":"2025-10-03T01:02:23.113086Z"} 
[2025-10-02 18:02:23] local.INFO: User Action {"action":"request_end","model":"API_Request","model_id":0,"user_id":15,"user_email":"proveedor@materialesconstruccion.mx","ip_address":"::1","user_agent":"Mozilla/5.0 (Windows NT 10.0; Win64; x64) AppleWebKit/537.36 (KHTML, like Gecko) Chrome/140.0.0.0 Safari/537.36","data":{"request_id":"req_68df209f1b7d97.74668969","method":"GET","path":"api/auth/me","status_code":200,"execution_time_ms":10.83,"response_size":1979,"memory_usage_mb":28.0,"memory_peak_mb":28.0,"user_id":15,"performance_category":"fast","response_headers":{"content_type":"application/json"}},"timestamp":"2025-10-03T01:02:23.123497Z"} 
[2025-10-02 18:02:23] local.INFO: User Action {"action":"request_start","model":"API_Request","model_id":0,"user_id":15,"user_email":"proveedor@materialesconstruccion.mx","ip_address":"::1","user_agent":"Mozilla/5.0 (Windows NT 10.0; Win64; x64) AppleWebKit/537.36 (KHTML, like Gecko) Chrome/140.0.0.0 Safari/537.36","data":{"request_id":"req_68df209f5e5cf4.70421817","method":"GET","path":"api/notifications","full_url":"http://localhost:8080/api/notifications","ip_address":"::1","user_agent":"Mozilla/5.0 (Windows NT 10.0; Win64; x64) AppleWebKit/537.36 (KHTML, like Gecko) Chrome/140.0.0.0 Safari/537.36","referer":"http://localhost:4200/","user_id":15,"user_email":"proveedor@materialesconstruccion.mx","headers":{"host":["localhost:8080"],"connection":["keep-alive"],"sec-ch-ua-platform":["\"Windows\""],"authorization":"[HIDDEN]","sec-ch-ua":["\"Chromium\";v=\"140\", \"Not=A?Brand\";v=\"24\", \"Google Chrome\";v=\"140\""],"sec-ch-ua-mobile":["?0"],"access-control-allow-credentials":["true"],"user-agent":["Mozilla/5.0 (Windows NT 10.0; Win64; x64) AppleWebKit/537.36 (KHTML, like Gecko) Chrome/140.0.0.0 Safari/537.36"],"accept":["application/json, text/plain, */*"],"content-type":["application/json"],"origin":["http://localhost:4200"],"sec-fetch-site":["same-site"],"sec-fetch-mode":["cors"],"sec-fetch-dest":["empty"],"referer":["http://localhost:4200/"],"accept-encoding":["gzip, deflate, br, zstd"],"accept-language":["es-419,es;q=0.9"]},"query_params":[],"request_data":[],"request_size":0,"timestamp":"2025-10-03T01:02:23.386612Z"},"timestamp":"2025-10-03T01:02:23.386967Z"} 
[2025-10-02 18:02:23] local.INFO: User Action {"action":"request_end","model":"API_Request","model_id":0,"user_id":15,"user_email":"proveedor@materialesconstruccion.mx","ip_address":"::1","user_agent":"Mozilla/5.0 (Windows NT 10.0; Win64; x64) AppleWebKit/537.36 (KHTML, like Gecko) Chrome/140.0.0.0 Safari/537.36","data":{"request_id":"req_68df209f5e5cf4.70421817","method":"GET","path":"api/notifications","status_code":200,"execution_time_ms":9.55,"response_size":558,"memory_usage_mb":26.0,"memory_peak_mb":26.0,"user_id":15,"performance_category":"fast","response_headers":{"content_type":"application/json"}},"timestamp":"2025-10-03T01:02:23.396128Z"} 
[2025-10-02 18:02:23] local.INFO: User Action {"action":"request_start","model":"API_Request","model_id":0,"user_id":15,"user_email":"proveedor@materialesconstruccion.mx","ip_address":"::1","user_agent":"Mozilla/5.0 (Windows NT 10.0; Win64; x64) AppleWebKit/537.36 (KHTML, like Gecko) Chrome/140.0.0.0 Safari/537.36","data":{"request_id":"req_68df209fce83b9.79635868","method":"GET","path":"api/proveedores/user/15","full_url":"http://localhost:8080/api/proveedores/user/15","ip_address":"::1","user_agent":"Mozilla/5.0 (Windows NT 10.0; Win64; x64) AppleWebKit/537.36 (KHTML, like Gecko) Chrome/140.0.0.0 Safari/537.36","referer":"http://localhost:4200/","user_id":15,"user_email":"proveedor@materialesconstruccion.mx","headers":{"host":["localhost:8080"],"connection":["keep-alive"],"sec-ch-ua-platform":["\"Windows\""],"authorization":"[HIDDEN]","sec-ch-ua":["\"Chromium\";v=\"140\", \"Not=A?Brand\";v=\"24\", \"Google Chrome\";v=\"140\""],"sec-ch-ua-mobile":["?0"],"access-control-allow-credentials":["true"],"user-agent":["Mozilla/5.0 (Windows NT 10.0; Win64; x64) AppleWebKit/537.36 (KHTML, like Gecko) Chrome/140.0.0.0 Safari/537.36"],"accept":["application/json, text/plain, */*"],"content-type":["application/json"],"origin":["http://localhost:4200"],"sec-fetch-site":["same-site"],"sec-fetch-mode":["cors"],"sec-fetch-dest":["empty"],"referer":["http://localhost:4200/"],"accept-encoding":["gzip, deflate, br, zstd"],"accept-language":["es-419,es;q=0.9"]},"query_params":[],"request_data":[],"request_size":0,"timestamp":"2025-10-03T01:02:23.845976Z"},"timestamp":"2025-10-03T01:02:23.846341Z"} 
[2025-10-02 18:02:23] local.INFO: User Action {"action":"request_end","model":"API_Request","model_id":0,"user_id":15,"user_email":"proveedor@materialesconstruccion.mx","ip_address":"::1","user_agent":"Mozilla/5.0 (Windows NT 10.0; Win64; x64) AppleWebKit/537.36 (KHTML, like Gecko) Chrome/140.0.0.0 Safari/537.36","data":{"request_id":"req_68df209fce83b9.79635868","method":"GET","path":"api/proveedores/user/15","status_code":200,"execution_time_ms":12.17,"response_size":1566,"memory_usage_mb":28.0,"memory_peak_mb":28.0,"user_id":15,"performance_category":"fast","response_headers":{"content_type":"application/json"}},"timestamp":"2025-10-03T01:02:23.858126Z"} 
[2025-10-02 18:02:23] local.INFO: User Action {"action":"request_start","model":"API_Request","model_id":0,"user_id":15,"user_email":"proveedor@materialesconstruccion.mx","ip_address":"::1","user_agent":"Mozilla/5.0 (Windows NT 10.0; Win64; x64) AppleWebKit/537.36 (KHTML, like Gecko) Chrome/140.0.0.0 Safari/537.36","data":{"request_id":"req_68df209fef1319.53690420","method":"GET","path":"api/auth/me","full_url":"http://localhost:8080/api/auth/me","ip_address":"::1","user_agent":"Mozilla/5.0 (Windows NT 10.0; Win64; x64) AppleWebKit/537.36 (KHTML, like Gecko) Chrome/140.0.0.0 Safari/537.36","referer":"http://localhost:4200/","user_id":15,"user_email":"proveedor@materialesconstruccion.mx","headers":{"host":["localhost:8080"],"connection":["keep-alive"],"sec-ch-ua-platform":["\"Windows\""],"authorization":"[HIDDEN]","sec-ch-ua":["\"Chromium\";v=\"140\", \"Not=A?Brand\";v=\"24\", \"Google Chrome\";v=\"140\""],"sec-ch-ua-mobile":["?0"],"access-control-allow-credentials":["true"],"user-agent":["Mozilla/5.0 (Windows NT 10.0; Win64; x64) AppleWebKit/537.36 (KHTML, like Gecko) Chrome/140.0.0.0 Safari/537.36"],"accept":["application/json"],"content-type":["application/json"],"origin":["http://localhost:4200"],"sec-fetch-site":["same-site"],"sec-fetch-mode":["cors"],"sec-fetch-dest":["empty"],"referer":["http://localhost:4200/"],"accept-encoding":["gzip, deflate, br, zstd"],"accept-language":["es-419,es;q=0.9"]},"query_params":[],"request_data":[],"request_size":0,"timestamp":"2025-10-03T01:02:23.979354Z"},"timestamp":"2025-10-03T01:02:23.979695Z"} 
[2025-10-02 18:02:23] local.INFO: User Action {"action":"request_end","model":"API_Request","model_id":0,"user_id":15,"user_email":"proveedor@materialesconstruccion.mx","ip_address":"::1","user_agent":"Mozilla/5.0 (Windows NT 10.0; Win64; x64) AppleWebKit/537.36 (KHTML, like Gecko) Chrome/140.0.0.0 Safari/537.36","data":{"request_id":"req_68df209fef1319.53690420","method":"GET","path":"api/auth/me","status_code":200,"execution_time_ms":9.84,"response_size":1979,"memory_usage_mb":28.0,"memory_peak_mb":28.0,"user_id":15,"performance_category":"fast","response_headers":{"content_type":"application/json"}},"timestamp":"2025-10-03T01:02:23.989155Z"} 
[2025-10-02 18:02:24] local.INFO: User Action {"action":"request_start","model":"API_Request","model_id":0,"user_id":15,"user_email":"proveedor@materialesconstruccion.mx","ip_address":"::1","user_agent":"Mozilla/5.0 (Windows NT 10.0; Win64; x64) AppleWebKit/537.36 (KHTML, like Gecko) Chrome/140.0.0.0 Safari/537.36","data":{"request_id":"req_68df20a07aa550.77384186","method":"GET","path":"api/proveedores/4/solicitudes-pago","full_url":"http://localhost:8080/api/proveedores/4/solicitudes-pago?estado_solicitud=pendiente&order=desc&per_page=15&sort_by=fecha_registro_pendiente","ip_address":"::1","user_agent":"Mozilla/5.0 (Windows NT 10.0; Win64; x64) AppleWebKit/537.36 (KHTML, like Gecko) Chrome/140.0.0.0 Safari/537.36","referer":"http://localhost:4200/","user_id":15,"user_email":"proveedor@materialesconstruccion.mx","headers":{"host":["localhost:8080"],"connection":["keep-alive"],"sec-ch-ua-platform":["\"Windows\""],"authorization":"[HIDDEN]","sec-ch-ua":["\"Chromium\";v=\"140\", \"Not=A?Brand\";v=\"24\", \"Google Chrome\";v=\"140\""],"sec-ch-ua-mobile":["?0"],"access-control-allow-credentials":["true"],"user-agent":["Mozilla/5.0 (Windows NT 10.0; Win64; x64) AppleWebKit/537.36 (KHTML, like Gecko) Chrome/140.0.0.0 Safari/537.36"],"accept":["application/json, text/plain, */*"],"content-type":["application/json"],"origin":["http://localhost:4200"],"sec-fetch-site":["same-site"],"sec-fetch-mode":["cors"],"sec-fetch-dest":["empty"],"referer":["http://localhost:4200/"],"accept-encoding":["gzip, deflate, br, zstd"],"accept-language":["es-419,es;q=0.9"]},"query_params":{"estado_solicitud":"pendiente","per_page":"15","sort_by":"fecha_registro_pendiente","order":"desc"},"request_data":{"_proveedor_id":4,"_user_proveedor_relation":"PRINCIPAL","estado_solicitud":"pendiente","per_page":"15","sort_by":"fecha_registro_pendiente","order":"desc"},"request_size":0,"timestamp":"2025-10-03T01:02:24.502446Z"},"timestamp":"2025-10-03T01:02:24.502782Z"} 
[2025-10-02 18:02:24] local.INFO: User Action {"action":"request_end","model":"API_Request","model_id":0,"user_id":15,"user_email":"proveedor@materialesconstruccion.mx","ip_address":"::1","user_agent":"Mozilla/5.0 (Windows NT 10.0; Win64; x64) AppleWebKit/537.36 (KHTML, like Gecko) Chrome/140.0.0.0 Safari/537.36","data":{"request_id":"req_68df20a07aa550.77384186","method":"GET","path":"api/proveedores/4/solicitudes-pago","status_code":200,"execution_time_ms":11.83,"response_size":9744,"memory_usage_mb":28.0,"memory_peak_mb":28.0,"user_id":15,"performance_category":"fast","response_headers":{"content_type":"application/json"}},"timestamp":"2025-10-03T01:02:24.514248Z"} 
[2025-10-02 18:02:34] local.INFO: User Action {"action":"request_start","model":"API_Request","model_id":0,"user_id":15,"user_email":"proveedor@materialesconstruccion.mx","ip_address":"::1","user_agent":"Mozilla/5.0 (Windows NT 10.0; Win64; x64) AppleWebKit/537.36 (KHTML, like Gecko) Chrome/140.0.0.0 Safari/537.36","data":{"request_id":"req_68df20aa9fe143.95838822","method":"GET","path":"api/auth/me","full_url":"http://localhost:8080/api/auth/me","ip_address":"::1","user_agent":"Mozilla/5.0 (Windows NT 10.0; Win64; x64) AppleWebKit/537.36 (KHTML, like Gecko) Chrome/140.0.0.0 Safari/537.36","referer":"http://localhost:4200/","user_id":15,"user_email":"proveedor@materialesconstruccion.mx","headers":{"host":["localhost:8080"],"connection":["keep-alive"],"sec-ch-ua-platform":["\"Windows\""],"authorization":"[HIDDEN]","sec-ch-ua":["\"Chromium\";v=\"140\", \"Not=A?Brand\";v=\"24\", \"Google Chrome\";v=\"140\""],"sec-ch-ua-mobile":["?0"],"access-control-allow-credentials":["true"],"user-agent":["Mozilla/5.0 (Windows NT 10.0; Win64; x64) AppleWebKit/537.36 (KHTML, like Gecko) Chrome/140.0.0.0 Safari/537.36"],"accept":["application/json"],"content-type":["application/json"],"origin":["http://localhost:4200"],"sec-fetch-site":["same-site"],"sec-fetch-mode":["cors"],"sec-fetch-dest":["empty"],"referer":["http://localhost:4200/"],"accept-encoding":["gzip, deflate, br, zstd"],"accept-language":["es-419,es;q=0.9"]},"query_params":[],"request_data":[],"request_size":0,"timestamp":"2025-10-03T01:02:34.655018Z"},"timestamp":"2025-10-03T01:02:34.655588Z"} 
[2025-10-02 18:02:34] local.INFO: User Action {"action":"request_end","model":"API_Request","model_id":0,"user_id":15,"user_email":"proveedor@materialesconstruccion.mx","ip_address":"::1","user_agent":"Mozilla/5.0 (Windows NT 10.0; Win64; x64) AppleWebKit/537.36 (KHTML, like Gecko) Chrome/140.0.0.0 Safari/537.36","data":{"request_id":"req_68df20aa9fe143.95838822","method":"GET","path":"api/auth/me","status_code":200,"execution_time_ms":19.8,"response_size":1979,"memory_usage_mb":28.0,"memory_peak_mb":28.0,"user_id":15,"performance_category":"fast","response_headers":{"content_type":"application/json"}},"timestamp":"2025-10-03T01:02:34.674773Z"} 
[2025-10-02 18:02:35] local.INFO: User Action {"action":"request_start","model":"API_Request","model_id":0,"user_id":15,"user_email":"proveedor@materialesconstruccion.mx","ip_address":"::1","user_agent":"Mozilla/5.0 (Windows NT 10.0; Win64; x64) AppleWebKit/537.36 (KHTML, like Gecko) Chrome/140.0.0.0 Safari/537.36","data":{"request_id":"req_68df20ab970cc8.46068416","method":"GET","path":"api/notifications","full_url":"http://localhost:8080/api/notifications","ip_address":"::1","user_agent":"Mozilla/5.0 (Windows NT 10.0; Win64; x64) AppleWebKit/537.36 (KHTML, like Gecko) Chrome/140.0.0.0 Safari/537.36","referer":"http://localhost:4200/","user_id":15,"user_email":"proveedor@materialesconstruccion.mx","headers":{"host":["localhost:8080"],"connection":["keep-alive"],"sec-ch-ua-platform":["\"Windows\""],"authorization":"[HIDDEN]","sec-ch-ua":["\"Chromium\";v=\"140\", \"Not=A?Brand\";v=\"24\", \"Google Chrome\";v=\"140\""],"sec-ch-ua-mobile":["?0"],"access-control-allow-credentials":["true"],"user-agent":["Mozilla/5.0 (Windows NT 10.0; Win64; x64) AppleWebKit/537.36 (KHTML, like Gecko) Chrome/140.0.0.0 Safari/537.36"],"accept":["application/json, text/plain, */*"],"content-type":["application/json"],"origin":["http://localhost:4200"],"sec-fetch-site":["same-site"],"sec-fetch-mode":["cors"],"sec-fetch-dest":["empty"],"referer":["http://localhost:4200/"],"accept-encoding":["gzip, deflate, br, zstd"],"accept-language":["es-419,es;q=0.9"]},"query_params":[],"request_data":[],"request_size":0,"timestamp":"2025-10-03T01:02:35.618868Z"},"timestamp":"2025-10-03T01:02:35.619508Z"} 
[2025-10-02 18:02:35] local.INFO: User Action {"action":"request_end","model":"API_Request","model_id":0,"user_id":15,"user_email":"proveedor@materialesconstruccion.mx","ip_address":"::1","user_agent":"Mozilla/5.0 (Windows NT 10.0; Win64; x64) AppleWebKit/537.36 (KHTML, like Gecko) Chrome/140.0.0.0 Safari/537.36","data":{"request_id":"req_68df20ab970cc8.46068416","method":"GET","path":"api/notifications","status_code":200,"execution_time_ms":12.11,"response_size":558,"memory_usage_mb":26.0,"memory_peak_mb":26.0,"user_id":15,"performance_category":"fast","response_headers":{"content_type":"application/json"}},"timestamp":"2025-10-03T01:02:35.630929Z"} 
[2025-10-02 18:02:35] local.INFO: User Action {"action":"request_start","model":"API_Request","model_id":0,"user_id":15,"user_email":"proveedor@materialesconstruccion.mx","ip_address":"::1","user_agent":"Mozilla/5.0 (Windows NT 10.0; Win64; x64) AppleWebKit/537.36 (KHTML, like Gecko) Chrome/140.0.0.0 Safari/537.36","data":{"request_id":"req_68df20abdbda55.72949577","method":"GET","path":"api/proveedores/user/15","full_url":"http://localhost:8080/api/proveedores/user/15","ip_address":"::1","user_agent":"Mozilla/5.0 (Windows NT 10.0; Win64; x64) AppleWebKit/537.36 (KHTML, like Gecko) Chrome/140.0.0.0 Safari/537.36","referer":"http://localhost:4200/","user_id":15,"user_email":"proveedor@materialesconstruccion.mx","headers":{"host":["localhost:8080"],"connection":["keep-alive"],"sec-ch-ua-platform":["\"Windows\""],"authorization":"[HIDDEN]","sec-ch-ua":["\"Chromium\";v=\"140\", \"Not=A?Brand\";v=\"24\", \"Google Chrome\";v=\"140\""],"sec-ch-ua-mobile":["?0"],"access-control-allow-credentials":["true"],"user-agent":["Mozilla/5.0 (Windows NT 10.0; Win64; x64) AppleWebKit/537.36 (KHTML, like Gecko) Chrome/140.0.0.0 Safari/537.36"],"accept":["application/json, text/plain, */*"],"content-type":["application/json"],"origin":["http://localhost:4200"],"sec-fetch-site":["same-site"],"sec-fetch-mode":["cors"],"sec-fetch-dest":["empty"],"referer":["http://localhost:4200/"],"accept-encoding":["gzip, deflate, br, zstd"],"accept-language":["es-419,es;q=0.9"]},"query_params":[],"request_data":[],"request_size":0,"timestamp":"2025-10-03T01:02:35.900708Z"},"timestamp":"2025-10-03T01:02:35.901510Z"} 
[2025-10-02 18:02:35] local.INFO: User Action {"action":"request_end","model":"API_Request","model_id":0,"user_id":15,"user_email":"proveedor@materialesconstruccion.mx","ip_address":"::1","user_agent":"Mozilla/5.0 (Windows NT 10.0; Win64; x64) AppleWebKit/537.36 (KHTML, like Gecko) Chrome/140.0.0.0 Safari/537.36","data":{"request_id":"req_68df20abdbda55.72949577","method":"GET","path":"api/proveedores/user/15","status_code":200,"execution_time_ms":43.69,"response_size":1566,"memory_usage_mb":28.0,"memory_peak_mb":28.0,"user_id":15,"performance_category":"fast","response_headers":{"content_type":"application/json"}},"timestamp":"2025-10-03T01:02:35.944326Z"} 
[2025-10-02 18:02:36] local.INFO: User Action {"action":"request_start","model":"API_Request","model_id":0,"user_id":15,"user_email":"proveedor@materialesconstruccion.mx","ip_address":"::1","user_agent":"Mozilla/5.0 (Windows NT 10.0; Win64; x64) AppleWebKit/537.36 (KHTML, like Gecko) Chrome/140.0.0.0 Safari/537.36","data":{"request_id":"req_68df20ac6e3641.60440129","method":"GET","path":"api/auth/me","full_url":"http://localhost:8080/api/auth/me","ip_address":"::1","user_agent":"Mozilla/5.0 (Windows NT 10.0; Win64; x64) AppleWebKit/537.36 (KHTML, like Gecko) Chrome/140.0.0.0 Safari/537.36","referer":"http://localhost:4200/","user_id":15,"user_email":"proveedor@materialesconstruccion.mx","headers":{"host":["localhost:8080"],"connection":["keep-alive"],"sec-ch-ua-platform":["\"Windows\""],"authorization":"[HIDDEN]","sec-ch-ua":["\"Chromium\";v=\"140\", \"Not=A?Brand\";v=\"24\", \"Google Chrome\";v=\"140\""],"sec-ch-ua-mobile":["?0"],"access-control-allow-credentials":["true"],"user-agent":["Mozilla/5.0 (Windows NT 10.0; Win64; x64) AppleWebKit/537.36 (KHTML, like Gecko) Chrome/140.0.0.0 Safari/537.36"],"accept":["application/json"],"content-type":["application/json"],"origin":["http://localhost:4200"],"sec-fetch-site":["same-site"],"sec-fetch-mode":["cors"],"sec-fetch-dest":["empty"],"referer":["http://localhost:4200/"],"accept-encoding":["gzip, deflate, br, zstd"],"accept-language":["es-419,es;q=0.9"]},"query_params":[],"request_data":[],"request_size":0,"timestamp":"2025-10-03T01:02:36.451595Z"},"timestamp":"2025-10-03T01:02:36.452194Z"} 
[2025-10-02 18:02:36] local.INFO: User Action {"action":"request_end","model":"API_Request","model_id":0,"user_id":15,"user_email":"proveedor@materialesconstruccion.mx","ip_address":"::1","user_agent":"Mozilla/5.0 (Windows NT 10.0; Win64; x64) AppleWebKit/537.36 (KHTML, like Gecko) Chrome/140.0.0.0 Safari/537.36","data":{"request_id":"req_68df20ac6e3641.60440129","method":"GET","path":"api/auth/me","status_code":200,"execution_time_ms":21.47,"response_size":1979,"memory_usage_mb":28.0,"memory_peak_mb":28.0,"user_id":15,"performance_category":"fast","response_headers":{"content_type":"application/json"}},"timestamp":"2025-10-03T01:02:36.473020Z"} 
[2025-10-02 18:02:37] local.INFO: User Action {"action":"request_start","model":"API_Request","model_id":0,"user_id":15,"user_email":"proveedor@materialesconstruccion.mx","ip_address":"::1","user_agent":"Mozilla/5.0 (Windows NT 10.0; Win64; x64) AppleWebKit/537.36 (KHTML, like Gecko) Chrome/140.0.0.0 Safari/537.36","data":{"request_id":"req_68df20ad64aae1.84764884","method":"GET","path":"api/proveedores/4/solicitudes-pago","full_url":"http://localhost:8080/api/proveedores/4/solicitudes-pago?estado_solicitud=pendiente&order=desc&per_page=15&sort_by=fecha_registro_pendiente","ip_address":"::1","user_agent":"Mozilla/5.0 (Windows NT 10.0; Win64; x64) AppleWebKit/537.36 (KHTML, like Gecko) Chrome/140.0.0.0 Safari/537.36","referer":"http://localhost:4200/","user_id":15,"user_email":"proveedor@materialesconstruccion.mx","headers":{"host":["localhost:8080"],"connection":["keep-alive"],"sec-ch-ua-platform":["\"Windows\""],"authorization":"[HIDDEN]","sec-ch-ua":["\"Chromium\";v=\"140\", \"Not=A?Brand\";v=\"24\", \"Google Chrome\";v=\"140\""],"sec-ch-ua-mobile":["?0"],"access-control-allow-credentials":["true"],"user-agent":["Mozilla/5.0 (Windows NT 10.0; Win64; x64) AppleWebKit/537.36 (KHTML, like Gecko) Chrome/140.0.0.0 Safari/537.36"],"accept":["application/json, text/plain, */*"],"content-type":["application/json"],"origin":["http://localhost:4200"],"sec-fetch-site":["same-site"],"sec-fetch-mode":["cors"],"sec-fetch-dest":["empty"],"referer":["http://localhost:4200/"],"accept-encoding":["gzip, deflate, br, zstd"],"accept-language":["es-419,es;q=0.9"]},"query_params":{"estado_solicitud":"pendiente","per_page":"15","sort_by":"fecha_registro_pendiente","order":"desc"},"request_data":{"_proveedor_id":4,"_user_proveedor_relation":"PRINCIPAL","estado_solicitud":"pendiente","per_page":"15","sort_by":"fecha_registro_pendiente","order":"desc"},"request_size":0,"timestamp":"2025-10-03T01:02:37.412511Z"},"timestamp":"2025-10-03T01:02:37.413210Z"} 
[2025-10-02 18:02:37] local.INFO: User Action {"action":"request_end","model":"API_Request","model_id":0,"user_id":15,"user_email":"proveedor@materialesconstruccion.mx","ip_address":"::1","user_agent":"Mozilla/5.0 (Windows NT 10.0; Win64; x64) AppleWebKit/537.36 (KHTML, like Gecko) Chrome/140.0.0.0 Safari/537.36","data":{"request_id":"req_68df20ad64aae1.84764884","method":"GET","path":"api/proveedores/4/solicitudes-pago","status_code":200,"execution_time_ms":28.07,"response_size":9744,"memory_usage_mb":28.0,"memory_peak_mb":28.0,"user_id":15,"performance_category":"fast","response_headers":{"content_type":"application/json"}},"timestamp":"2025-10-03T01:02:37.440556Z"} 
[2025-10-02 18:02:42] local.INFO: User Action {"action":"request_start","model":"API_Request","model_id":0,"user_id":15,"user_email":"proveedor@materialesconstruccion.mx","ip_address":"::1","user_agent":"Mozilla/5.0 (Windows NT 10.0; Win64; x64) AppleWebKit/537.36 (KHTML, like Gecko) Chrome/140.0.0.0 Safari/537.36","data":{"request_id":"req_68df20b2ae4e34.95049395","method":"GET","path":"api/auth/me","full_url":"http://localhost:8080/api/auth/me","ip_address":"::1","user_agent":"Mozilla/5.0 (Windows NT 10.0; Win64; x64) AppleWebKit/537.36 (KHTML, like Gecko) Chrome/140.0.0.0 Safari/537.36","referer":"http://localhost:4200/","user_id":15,"user_email":"proveedor@materialesconstruccion.mx","headers":{"host":["localhost:8080"],"connection":["keep-alive"],"sec-ch-ua-platform":["\"Windows\""],"authorization":"[HIDDEN]","sec-ch-ua":["\"Chromium\";v=\"140\", \"Not=A?Brand\";v=\"24\", \"Google Chrome\";v=\"140\""],"sec-ch-ua-mobile":["?0"],"access-control-allow-credentials":["true"],"user-agent":["Mozilla/5.0 (Windows NT 10.0; Win64; x64) AppleWebKit/537.36 (KHTML, like Gecko) Chrome/140.0.0.0 Safari/537.36"],"accept":["application/json"],"content-type":["application/json"],"origin":["http://localhost:4200"],"sec-fetch-site":["same-site"],"sec-fetch-mode":["cors"],"sec-fetch-dest":["empty"],"referer":["http://localhost:4200/"],"accept-encoding":["gzip, deflate, br, zstd"],"accept-language":["es-419,es;q=0.9"]},"query_params":[],"request_data":[],"request_size":0,"timestamp":"2025-10-03T01:02:42.714157Z"},"timestamp":"2025-10-03T01:02:42.714850Z"} 
[2025-10-02 18:02:42] local.INFO: User Action {"action":"request_end","model":"API_Request","model_id":0,"user_id":15,"user_email":"proveedor@materialesconstruccion.mx","ip_address":"::1","user_agent":"Mozilla/5.0 (Windows NT 10.0; Win64; x64) AppleWebKit/537.36 (KHTML, like Gecko) Chrome/140.0.0.0 Safari/537.36","data":{"request_id":"req_68df20b2ae4e34.95049395","method":"GET","path":"api/auth/me","status_code":200,"execution_time_ms":21.8,"response_size":1979,"memory_usage_mb":28.0,"memory_peak_mb":28.0,"user_id":15,"performance_category":"fast","response_headers":{"content_type":"application/json"}},"timestamp":"2025-10-03T01:02:42.735873Z"} 
[2025-10-02 18:02:43] local.INFO: User Action {"action":"request_start","model":"API_Request","model_id":0,"user_id":15,"user_email":"proveedor@materialesconstruccion.mx","ip_address":"::1","user_agent":"Mozilla/5.0 (Windows NT 10.0; Win64; x64) AppleWebKit/537.36 (KHTML, like Gecko) Chrome/140.0.0.0 Safari/537.36","data":{"request_id":"req_68df20b3dd3d99.10188986","method":"GET","path":"api/auth/me","full_url":"http://localhost:8080/api/auth/me","ip_address":"::1","user_agent":"Mozilla/5.0 (Windows NT 10.0; Win64; x64) AppleWebKit/537.36 (KHTML, like Gecko) Chrome/140.0.0.0 Safari/537.36","referer":"http://localhost:4200/","user_id":15,"user_email":"proveedor@materialesconstruccion.mx","headers":{"host":["localhost:8080"],"connection":["keep-alive"],"sec-ch-ua-platform":["\"Windows\""],"authorization":"[HIDDEN]","sec-ch-ua":["\"Chromium\";v=\"140\", \"Not=A?Brand\";v=\"24\", \"Google Chrome\";v=\"140\""],"sec-ch-ua-mobile":["?0"],"access-control-allow-credentials":["true"],"user-agent":["Mozilla/5.0 (Windows NT 10.0; Win64; x64) AppleWebKit/537.36 (KHTML, like Gecko) Chrome/140.0.0.0 Safari/537.36"],"accept":["application/json"],"content-type":["application/json"],"origin":["http://localhost:4200"],"sec-fetch-site":["same-site"],"sec-fetch-mode":["cors"],"sec-fetch-dest":["empty"],"referer":["http://localhost:4200/"],"accept-encoding":["gzip, deflate, br, zstd"],"accept-language":["es-419,es;q=0.9"]},"query_params":[],"request_data":[],"request_size":0,"timestamp":"2025-10-03T01:02:43.906397Z"},"timestamp":"2025-10-03T01:02:43.907336Z"} 
[2025-10-02 18:02:43] local.INFO: User Action {"action":"request_end","model":"API_Request","model_id":0,"user_id":15,"user_email":"proveedor@materialesconstruccion.mx","ip_address":"::1","user_agent":"Mozilla/5.0 (Windows NT 10.0; Win64; x64) AppleWebKit/537.36 (KHTML, like Gecko) Chrome/140.0.0.0 Safari/537.36","data":{"request_id":"req_68df20b3dd3d99.10188986","method":"GET","path":"api/auth/me","status_code":200,"execution_time_ms":20.9,"response_size":1979,"memory_usage_mb":28.0,"memory_peak_mb":28.0,"user_id":15,"performance_category":"fast","response_headers":{"content_type":"application/json"}},"timestamp":"2025-10-03T01:02:43.927226Z"} 
[2025-10-02 18:02:44] local.INFO: User Action {"action":"request_start","model":"API_Request","model_id":0,"user_id":15,"user_email":"proveedor@materialesconstruccion.mx","ip_address":"::1","user_agent":"Mozilla/5.0 (Windows NT 10.0; Win64; x64) AppleWebKit/537.36 (KHTML, like Gecko) Chrome/140.0.0.0 Safari/537.36","data":{"request_id":"req_68df20b47c7a04.52474760","method":"GET","path":"api/notifications","full_url":"http://localhost:8080/api/notifications","ip_address":"::1","user_agent":"Mozilla/5.0 (Windows NT 10.0; Win64; x64) AppleWebKit/537.36 (KHTML, like Gecko) Chrome/140.0.0.0 Safari/537.36","referer":"http://localhost:4200/","user_id":15,"user_email":"proveedor@materialesconstruccion.mx","headers":{"host":["localhost:8080"],"connection":["keep-alive"],"sec-ch-ua-platform":["\"Windows\""],"authorization":"[HIDDEN]","sec-ch-ua":["\"Chromium\";v=\"140\", \"Not=A?Brand\";v=\"24\", \"Google Chrome\";v=\"140\""],"sec-ch-ua-mobile":["?0"],"access-control-allow-credentials":["true"],"user-agent":["Mozilla/5.0 (Windows NT 10.0; Win64; x64) AppleWebKit/537.36 (KHTML, like Gecko) Chrome/140.0.0.0 Safari/537.36"],"accept":["application/json, text/plain, */*"],"content-type":["application/json"],"origin":["http://localhost:4200"],"sec-fetch-site":["same-site"],"sec-fetch-mode":["cors"],"sec-fetch-dest":["empty"],"referer":["http://localhost:4200/"],"accept-encoding":["gzip, deflate, br, zstd"],"accept-language":["es-419,es;q=0.9"]},"query_params":[],"request_data":[],"request_size":0,"timestamp":"2025-10-03T01:02:44.510043Z"},"timestamp":"2025-10-03T01:02:44.510700Z"} 
[2025-10-02 18:02:44] local.INFO: User Action {"action":"request_end","model":"API_Request","model_id":0,"user_id":15,"user_email":"proveedor@materialesconstruccion.mx","ip_address":"::1","user_agent":"Mozilla/5.0 (Windows NT 10.0; Win64; x64) AppleWebKit/537.36 (KHTML, like Gecko) Chrome/140.0.0.0 Safari/537.36","data":{"request_id":"req_68df20b47c7a04.52474760","method":"GET","path":"api/notifications","status_code":200,"execution_time_ms":13.74,"response_size":558,"memory_usage_mb":26.0,"memory_peak_mb":26.0,"user_id":15,"performance_category":"fast","response_headers":{"content_type":"application/json"}},"timestamp":"2025-10-03T01:02:44.523725Z"} 
[2025-10-02 18:02:45] local.INFO: User Action {"action":"request_start","model":"API_Request","model_id":0,"user_id":15,"user_email":"proveedor@materialesconstruccion.mx","ip_address":"::1","user_agent":"Mozilla/5.0 (Windows NT 10.0; Win64; x64) AppleWebKit/537.36 (KHTML, like Gecko) Chrome/140.0.0.0 Safari/537.36","data":{"request_id":"req_68df20b5389f33.36537902","method":"GET","path":"api/proveedores/user/15","full_url":"http://localhost:8080/api/proveedores/user/15","ip_address":"::1","user_agent":"Mozilla/5.0 (Windows NT 10.0; Win64; x64) AppleWebKit/537.36 (KHTML, like Gecko) Chrome/140.0.0.0 Safari/537.36","referer":"http://localhost:4200/","user_id":15,"user_email":"proveedor@materialesconstruccion.mx","headers":{"host":["localhost:8080"],"connection":["keep-alive"],"sec-ch-ua-platform":["\"Windows\""],"authorization":"[HIDDEN]","sec-ch-ua":["\"Chromium\";v=\"140\", \"Not=A?Brand\";v=\"24\", \"Google Chrome\";v=\"140\""],"sec-ch-ua-mobile":["?0"],"access-control-allow-credentials":["true"],"user-agent":["Mozilla/5.0 (Windows NT 10.0; Win64; x64) AppleWebKit/537.36 (KHTML, like Gecko) Chrome/140.0.0.0 Safari/537.36"],"accept":["application/json, text/plain, */*"],"content-type":["application/json"],"origin":["http://localhost:4200"],"sec-fetch-site":["same-site"],"sec-fetch-mode":["cors"],"sec-fetch-dest":["empty"],"referer":["http://localhost:4200/"],"accept-encoding":["gzip, deflate, br, zstd"],"accept-language":["es-419,es;q=0.9"]},"query_params":[],"request_data":[],"request_size":0,"timestamp":"2025-10-03T01:02:45.232140Z"},"timestamp":"2025-10-03T01:02:45.233070Z"} 
[2025-10-02 18:02:45] local.INFO: User Action {"action":"request_end","model":"API_Request","model_id":0,"user_id":15,"user_email":"proveedor@materialesconstruccion.mx","ip_address":"::1","user_agent":"Mozilla/5.0 (Windows NT 10.0; Win64; x64) AppleWebKit/537.36 (KHTML, like Gecko) Chrome/140.0.0.0 Safari/537.36","data":{"request_id":"req_68df20b5389f33.36537902","method":"GET","path":"api/proveedores/user/15","status_code":200,"execution_time_ms":27.27,"response_size":1566,"memory_usage_mb":28.0,"memory_peak_mb":28.0,"user_id":15,"performance_category":"fast","response_headers":{"content_type":"application/json"}},"timestamp":"2025-10-03T01:02:45.259306Z"} 
[2025-10-02 18:02:45] local.INFO: User Action {"action":"request_start","model":"API_Request","model_id":0,"user_id":15,"user_email":"proveedor@materialesconstruccion.mx","ip_address":"::1","user_agent":"Mozilla/5.0 (Windows NT 10.0; Win64; x64) AppleWebKit/537.36 (KHTML, like Gecko) Chrome/140.0.0.0 Safari/537.36","data":{"request_id":"req_68df20b5b1cc34.70807884","method":"GET","path":"api/auth/me","full_url":"http://localhost:8080/api/auth/me","ip_address":"::1","user_agent":"Mozilla/5.0 (Windows NT 10.0; Win64; x64) AppleWebKit/537.36 (KHTML, like Gecko) Chrome/140.0.0.0 Safari/537.36","referer":"http://localhost:4200/","user_id":15,"user_email":"proveedor@materialesconstruccion.mx","headers":{"host":["localhost:8080"],"connection":["keep-alive"],"sec-ch-ua-platform":["\"Windows\""],"authorization":"[HIDDEN]","sec-ch-ua":["\"Chromium\";v=\"140\", \"Not=A?Brand\";v=\"24\", \"Google Chrome\";v=\"140\""],"sec-ch-ua-mobile":["?0"],"access-control-allow-credentials":["true"],"user-agent":["Mozilla/5.0 (Windows NT 10.0; Win64; x64) AppleWebKit/537.36 (KHTML, like Gecko) Chrome/140.0.0.0 Safari/537.36"],"accept":["application/json"],"content-type":["application/json"],"origin":["http://localhost:4200"],"sec-fetch-site":["same-site"],"sec-fetch-mode":["cors"],"sec-fetch-dest":["empty"],"referer":["http://localhost:4200/"],"accept-encoding":["gzip, deflate, br, zstd"],"accept-language":["es-419,es;q=0.9"]},"query_params":[],"request_data":[],"request_size":0,"timestamp":"2025-10-03T01:02:45.728411Z"},"timestamp":"2025-10-03T01:02:45.729023Z"} 
[2025-10-02 18:02:45] local.INFO: User Action {"action":"request_end","model":"API_Request","model_id":0,"user_id":15,"user_email":"proveedor@materialesconstruccion.mx","ip_address":"::1","user_agent":"Mozilla/5.0 (Windows NT 10.0; Win64; x64) AppleWebKit/537.36 (KHTML, like Gecko) Chrome/140.0.0.0 Safari/537.36","data":{"request_id":"req_68df20b5b1cc34.70807884","method":"GET","path":"api/auth/me","status_code":200,"execution_time_ms":16.97,"response_size":1979,"memory_usage_mb":28.0,"memory_peak_mb":28.0,"user_id":15,"performance_category":"fast","response_headers":{"content_type":"application/json"}},"timestamp":"2025-10-03T01:02:45.745347Z"} 
[2025-10-02 18:02:47] local.INFO: User Action {"action":"request_start","model":"API_Request","model_id":0,"user_id":15,"user_email":"proveedor@materialesconstruccion.mx","ip_address":"::1","user_agent":"Mozilla/5.0 (Windows NT 10.0; Win64; x64) AppleWebKit/537.36 (KHTML, like Gecko) Chrome/140.0.0.0 Safari/537.36","data":{"request_id":"req_68df20b70c4985.61610729","method":"GET","path":"api/proveedores/4/solicitudes-pago","full_url":"http://localhost:8080/api/proveedores/4/solicitudes-pago?estado_solicitud=pendiente&order=desc&per_page=15&sort_by=fecha_registro_pendiente","ip_address":"::1","user_agent":"Mozilla/5.0 (Windows NT 10.0; Win64; x64) AppleWebKit/537.36 (KHTML, like Gecko) Chrome/140.0.0.0 Safari/537.36","referer":"http://localhost:4200/","user_id":15,"user_email":"proveedor@materialesconstruccion.mx","headers":{"host":["localhost:8080"],"connection":["keep-alive"],"sec-ch-ua-platform":["\"Windows\""],"authorization":"[HIDDEN]","sec-ch-ua":["\"Chromium\";v=\"140\", \"Not=A?Brand\";v=\"24\", \"Google Chrome\";v=\"140\""],"sec-ch-ua-mobile":["?0"],"access-control-allow-credentials":["true"],"user-agent":["Mozilla/5.0 (Windows NT 10.0; Win64; x64) AppleWebKit/537.36 (KHTML, like Gecko) Chrome/140.0.0.0 Safari/537.36"],"accept":["application/json, text/plain, */*"],"content-type":["application/json"],"origin":["http://localhost:4200"],"sec-fetch-site":["same-site"],"sec-fetch-mode":["cors"],"sec-fetch-dest":["empty"],"referer":["http://localhost:4200/"],"accept-encoding":["gzip, deflate, br, zstd"],"accept-language":["es-419,es;q=0.9"]},"query_params":{"estado_solicitud":"pendiente","per_page":"15","sort_by":"fecha_registro_pendiente","order":"desc"},"request_data":{"_proveedor_id":4,"_user_proveedor_relation":"PRINCIPAL","estado_solicitud":"pendiente","per_page":"15","sort_by":"fecha_registro_pendiente","order":"desc"},"request_size":0,"timestamp":"2025-10-03T01:02:47.050494Z"},"timestamp":"2025-10-03T01:02:47.051309Z"} 
[2025-10-02 18:02:47] local.INFO: User Action {"action":"request_end","model":"API_Request","model_id":0,"user_id":15,"user_email":"proveedor@materialesconstruccion.mx","ip_address":"::1","user_agent":"Mozilla/5.0 (Windows NT 10.0; Win64; x64) AppleWebKit/537.36 (KHTML, like Gecko) Chrome/140.0.0.0 Safari/537.36","data":{"request_id":"req_68df20b70c4985.61610729","method":"GET","path":"api/proveedores/4/solicitudes-pago","status_code":200,"execution_time_ms":23.28,"response_size":9744,"memory_usage_mb":28.0,"memory_peak_mb":28.0,"user_id":15,"performance_category":"fast","response_headers":{"content_type":"application/json"}},"timestamp":"2025-10-03T01:02:47.073740Z"} 
[2025-10-02 18:02:48] local.INFO: User Action {"action":"request_start","model":"API_Request","model_id":0,"user_id":15,"user_email":"proveedor@materialesconstruccion.mx","ip_address":"::1","user_agent":"Mozilla/5.0 (Windows NT 10.0; Win64; x64) AppleWebKit/537.36 (KHTML, like Gecko) Chrome/140.0.0.0 Safari/537.36","data":{"request_id":"req_68df20b836b750.38301376","method":"GET","path":"api/auth/me","full_url":"http://localhost:8080/api/auth/me","ip_address":"::1","user_agent":"Mozilla/5.0 (Windows NT 10.0; Win64; x64) AppleWebKit/537.36 (KHTML, like Gecko) Chrome/140.0.0.0 Safari/537.36","referer":"http://localhost:4200/","user_id":15,"user_email":"proveedor@materialesconstruccion.mx","headers":{"host":["localhost:8080"],"connection":["keep-alive"],"sec-ch-ua-platform":["\"Windows\""],"authorization":"[HIDDEN]","sec-ch-ua":["\"Chromium\";v=\"140\", \"Not=A?Brand\";v=\"24\", \"Google Chrome\";v=\"140\""],"sec-ch-ua-mobile":["?0"],"access-control-allow-credentials":["true"],"user-agent":["Mozilla/5.0 (Windows NT 10.0; Win64; x64) AppleWebKit/537.36 (KHTML, like Gecko) Chrome/140.0.0.0 Safari/537.36"],"accept":["application/json"],"content-type":["application/json"],"origin":["http://localhost:4200"],"sec-fetch-site":["same-site"],"sec-fetch-mode":["cors"],"sec-fetch-dest":["empty"],"referer":["http://localhost:4200/"],"accept-encoding":["gzip, deflate, br, zstd"],"accept-language":["es-419,es;q=0.9"]},"query_params":[],"request_data":[],"request_size":0,"timestamp":"2025-10-03T01:02:48.224282Z"},"timestamp":"2025-10-03T01:02:48.224877Z"} 
[2025-10-02 18:02:48] local.INFO: User Action {"action":"request_end","model":"API_Request","model_id":0,"user_id":15,"user_email":"proveedor@materialesconstruccion.mx","ip_address":"::1","user_agent":"Mozilla/5.0 (Windows NT 10.0; Win64; x64) AppleWebKit/537.36 (KHTML, like Gecko) Chrome/140.0.0.0 Safari/537.36","data":{"request_id":"req_68df20b836b750.38301376","method":"GET","path":"api/auth/me","status_code":200,"execution_time_ms":27.5,"response_size":1979,"memory_usage_mb":28.0,"memory_peak_mb":28.0,"user_id":15,"performance_category":"fast","response_headers":{"content_type":"application/json"}},"timestamp":"2025-10-03T01:02:48.251728Z"} 
[2025-10-02 18:02:48] local.INFO: User Action {"action":"request_start","model":"API_Request","model_id":0,"user_id":15,"user_email":"proveedor@materialesconstruccion.mx","ip_address":"::1","user_agent":"Mozilla/5.0 (Windows NT 10.0; Win64; x64) AppleWebKit/537.36 (KHTML, like Gecko) Chrome/140.0.0.0 Safari/537.36","data":{"request_id":"req_68df20b8ba4c90.79131817","method":"GET","path":"api/notifications","full_url":"http://localhost:8080/api/notifications","ip_address":"::1","user_agent":"Mozilla/5.0 (Windows NT 10.0; Win64; x64) AppleWebKit/537.36 (KHTML, like Gecko) Chrome/140.0.0.0 Safari/537.36","referer":"http://localhost:4200/","user_id":15,"user_email":"proveedor@materialesconstruccion.mx","headers":{"host":["localhost:8080"],"connection":["keep-alive"],"sec-ch-ua-platform":["\"Windows\""],"authorization":"[HIDDEN]","sec-ch-ua":["\"Chromium\";v=\"140\", \"Not=A?Brand\";v=\"24\", \"Google Chrome\";v=\"140\""],"sec-ch-ua-mobile":["?0"],"access-control-allow-credentials":["true"],"user-agent":["Mozilla/5.0 (Windows NT 10.0; Win64; x64) AppleWebKit/537.36 (KHTML, like Gecko) Chrome/140.0.0.0 Safari/537.36"],"accept":["application/json, text/plain, */*"],"content-type":["application/json"],"origin":["http://localhost:4200"],"sec-fetch-site":["same-site"],"sec-fetch-mode":["cors"],"sec-fetch-dest":["empty"],"referer":["http://localhost:4200/"],"accept-encoding":["gzip, deflate, br, zstd"],"accept-language":["es-419,es;q=0.9"]},"query_params":[],"request_data":[],"request_size":0,"timestamp":"2025-10-03T01:02:48.763256Z"},"timestamp":"2025-10-03T01:02:48.763942Z"} 
[2025-10-02 18:02:48] local.INFO: User Action {"action":"request_end","model":"API_Request","model_id":0,"user_id":15,"user_email":"proveedor@materialesconstruccion.mx","ip_address":"::1","user_agent":"Mozilla/5.0 (Windows NT 10.0; Win64; x64) AppleWebKit/537.36 (KHTML, like Gecko) Chrome/140.0.0.0 Safari/537.36","data":{"request_id":"req_68df20b8ba4c90.79131817","method":"GET","path":"api/notifications","status_code":200,"execution_time_ms":17.48,"response_size":558,"memory_usage_mb":26.0,"memory_peak_mb":26.0,"user_id":15,"performance_category":"fast","response_headers":{"content_type":"application/json"}},"timestamp":"2025-10-03T01:02:48.780701Z"} 
[2025-10-02 18:02:49] local.INFO: User Action {"action":"request_start","model":"API_Request","model_id":0,"user_id":15,"user_email":"proveedor@materialesconstruccion.mx","ip_address":"::1","user_agent":"Mozilla/5.0 (Windows NT 10.0; Win64; x64) AppleWebKit/537.36 (KHTML, like Gecko) Chrome/140.0.0.0 Safari/537.36","data":{"request_id":"req_68df20b9a1d2c6.83430783","method":"GET","path":"api/proveedores/user/15","full_url":"http://localhost:8080/api/proveedores/user/15","ip_address":"::1","user_agent":"Mozilla/5.0 (Windows NT 10.0; Win64; x64) AppleWebKit/537.36 (KHTML, like Gecko) Chrome/140.0.0.0 Safari/537.36","referer":"http://localhost:4200/","user_id":15,"user_email":"proveedor@materialesconstruccion.mx","headers":{"host":["localhost:8080"],"connection":["keep-alive"],"sec-ch-ua-platform":["\"Windows\""],"authorization":"[HIDDEN]","sec-ch-ua":["\"Chromium\";v=\"140\", \"Not=A?Brand\";v=\"24\", \"Google Chrome\";v=\"140\""],"sec-ch-ua-mobile":["?0"],"access-control-allow-credentials":["true"],"user-agent":["Mozilla/5.0 (Windows NT 10.0; Win64; x64) AppleWebKit/537.36 (KHTML, like Gecko) Chrome/140.0.0.0 Safari/537.36"],"accept":["application/json, text/plain, */*"],"content-type":["application/json"],"origin":["http://localhost:4200"],"sec-fetch-site":["same-site"],"sec-fetch-mode":["cors"],"sec-fetch-dest":["empty"],"referer":["http://localhost:4200/"],"accept-encoding":["gzip, deflate, br, zstd"],"accept-language":["es-419,es;q=0.9"]},"query_params":[],"request_data":[],"request_size":0,"timestamp":"2025-10-03T01:02:49.662995Z"},"timestamp":"2025-10-03T01:02:49.663661Z"} 
[2025-10-02 18:02:49] local.INFO: User Action {"action":"request_end","model":"API_Request","model_id":0,"user_id":15,"user_email":"proveedor@materialesconstruccion.mx","ip_address":"::1","user_agent":"Mozilla/5.0 (Windows NT 10.0; Win64; x64) AppleWebKit/537.36 (KHTML, like Gecko) Chrome/140.0.0.0 Safari/537.36","data":{"request_id":"req_68df20b9a1d2c6.83430783","method":"GET","path":"api/proveedores/user/15","status_code":200,"execution_time_ms":19.19,"response_size":1566,"memory_usage_mb":28.0,"memory_peak_mb":28.0,"user_id":15,"performance_category":"fast","response_headers":{"content_type":"application/json"}},"timestamp":"2025-10-03T01:02:49.682170Z"} 
[2025-10-02 18:02:50] local.INFO: User Action {"action":"request_start","model":"API_Request","model_id":0,"user_id":15,"user_email":"proveedor@materialesconstruccion.mx","ip_address":"::1","user_agent":"Mozilla/5.0 (Windows NT 10.0; Win64; x64) AppleWebKit/537.36 (KHTML, like Gecko) Chrome/140.0.0.0 Safari/537.36","data":{"request_id":"req_68df20ba216352.59044964","method":"GET","path":"api/auth/me","full_url":"http://localhost:8080/api/auth/me","ip_address":"::1","user_agent":"Mozilla/5.0 (Windows NT 10.0; Win64; x64) AppleWebKit/537.36 (KHTML, like Gecko) Chrome/140.0.0.0 Safari/537.36","referer":"http://localhost:4200/","user_id":15,"user_email":"proveedor@materialesconstruccion.mx","headers":{"host":["localhost:8080"],"connection":["keep-alive"],"sec-ch-ua-platform":["\"Windows\""],"authorization":"[HIDDEN]","sec-ch-ua":["\"Chromium\";v=\"140\", \"Not=A?Brand\";v=\"24\", \"Google Chrome\";v=\"140\""],"sec-ch-ua-mobile":["?0"],"access-control-allow-credentials":["true"],"user-agent":["Mozilla/5.0 (Windows NT 10.0; Win64; x64) AppleWebKit/537.36 (KHTML, like Gecko) Chrome/140.0.0.0 Safari/537.36"],"accept":["application/json"],"content-type":["application/json"],"origin":["http://localhost:4200"],"sec-fetch-site":["same-site"],"sec-fetch-mode":["cors"],"sec-fetch-dest":["empty"],"referer":["http://localhost:4200/"],"accept-encoding":["gzip, deflate, br, zstd"],"accept-language":["es-419,es;q=0.9"]},"query_params":[],"request_data":[],"request_size":0,"timestamp":"2025-10-03T01:02:50.136928Z"},"timestamp":"2025-10-03T01:02:50.137560Z"} 
[2025-10-02 18:02:50] local.INFO: User Action {"action":"request_end","model":"API_Request","model_id":0,"user_id":15,"user_email":"proveedor@materialesconstruccion.mx","ip_address":"::1","user_agent":"Mozilla/5.0 (Windows NT 10.0; Win64; x64) AppleWebKit/537.36 (KHTML, like Gecko) Chrome/140.0.0.0 Safari/537.36","data":{"request_id":"req_68df20ba216352.59044964","method":"GET","path":"api/auth/me","status_code":200,"execution_time_ms":17.8,"response_size":1979,"memory_usage_mb":28.0,"memory_peak_mb":28.0,"user_id":15,"performance_category":"fast","response_headers":{"content_type":"application/json"}},"timestamp":"2025-10-03T01:02:50.154669Z"} 
[2025-10-02 18:02:50] local.INFO: User Action {"action":"request_start","model":"API_Request","model_id":0,"user_id":15,"user_email":"proveedor@materialesconstruccion.mx","ip_address":"::1","user_agent":"Mozilla/5.0 (Windows NT 10.0; Win64; x64) AppleWebKit/537.36 (KHTML, like Gecko) Chrome/140.0.0.0 Safari/537.36","data":{"request_id":"req_68df20baccc026.66763585","method":"GET","path":"api/proveedores/4/solicitudes-pago","full_url":"http://localhost:8080/api/proveedores/4/solicitudes-pago?estado_solicitud=pendiente&order=desc&per_page=15&sort_by=fecha_registro_pendiente","ip_address":"::1","user_agent":"Mozilla/5.0 (Windows NT 10.0; Win64; x64) AppleWebKit/537.36 (KHTML, like Gecko) Chrome/140.0.0.0 Safari/537.36","referer":"http://localhost:4200/","user_id":15,"user_email":"proveedor@materialesconstruccion.mx","headers":{"host":["localhost:8080"],"connection":["keep-alive"],"sec-ch-ua-platform":["\"Windows\""],"authorization":"[HIDDEN]","sec-ch-ua":["\"Chromium\";v=\"140\", \"Not=A?Brand\";v=\"24\", \"Google Chrome\";v=\"140\""],"sec-ch-ua-mobile":["?0"],"access-control-allow-credentials":["true"],"user-agent":["Mozilla/5.0 (Windows NT 10.0; Win64; x64) AppleWebKit/537.36 (KHTML, like Gecko) Chrome/140.0.0.0 Safari/537.36"],"accept":["application/json, text/plain, */*"],"content-type":["application/json"],"origin":["http://localhost:4200"],"sec-fetch-site":["same-site"],"sec-fetch-mode":["cors"],"sec-fetch-dest":["empty"],"referer":["http://localhost:4200/"],"accept-encoding":["gzip, deflate, br, zstd"],"accept-language":["es-419,es;q=0.9"]},"query_params":{"estado_solicitud":"pendiente","per_page":"15","sort_by":"fecha_registro_pendiente","order":"desc"},"request_data":{"_proveedor_id":4,"_user_proveedor_relation":"PRINCIPAL","estado_solicitud":"pendiente","per_page":"15","sort_by":"fecha_registro_pendiente","order":"desc"},"request_size":0,"timestamp":"2025-10-03T01:02:50.838813Z"},"timestamp":"2025-10-03T01:02:50.839443Z"} 
[2025-10-02 18:02:50] local.INFO: User Action {"action":"request_end","model":"API_Request","model_id":0,"user_id":15,"user_email":"proveedor@materialesconstruccion.mx","ip_address":"::1","user_agent":"Mozilla/5.0 (Windows NT 10.0; Win64; x64) AppleWebKit/537.36 (KHTML, like Gecko) Chrome/140.0.0.0 Safari/537.36","data":{"request_id":"req_68df20baccc026.66763585","method":"GET","path":"api/proveedores/4/solicitudes-pago","status_code":200,"execution_time_ms":23.04,"response_size":9744,"memory_usage_mb":28.0,"memory_peak_mb":28.0,"user_id":15,"performance_category":"fast","response_headers":{"content_type":"application/json"}},"timestamp":"2025-10-03T01:02:50.861846Z"} 
[2025-10-02 18:02:53] local.INFO: User Action {"action":"request_start","model":"API_Request","model_id":0,"user_id":15,"user_email":"proveedor@materialesconstruccion.mx","ip_address":"::1","user_agent":"Mozilla/5.0 (Windows NT 10.0; Win64; x64) AppleWebKit/537.36 (KHTML, like Gecko) Chrome/140.0.0.0 Safari/537.36","data":{"request_id":"req_68df20bd536886.35061509","method":"GET","path":"api/auth/me","full_url":"http://localhost:8080/api/auth/me","ip_address":"::1","user_agent":"Mozilla/5.0 (Windows NT 10.0; Win64; x64) AppleWebKit/537.36 (KHTML, like Gecko) Chrome/140.0.0.0 Safari/537.36","referer":"http://localhost:4200/","user_id":15,"user_email":"proveedor@materialesconstruccion.mx","headers":{"host":["localhost:8080"],"connection":["keep-alive"],"sec-ch-ua-platform":["\"Windows\""],"authorization":"[HIDDEN]","sec-ch-ua":["\"Chromium\";v=\"140\", \"Not=A?Brand\";v=\"24\", \"Google Chrome\";v=\"140\""],"sec-ch-ua-mobile":["?0"],"access-control-allow-credentials":["true"],"user-agent":["Mozilla/5.0 (Windows NT 10.0; Win64; x64) AppleWebKit/537.36 (KHTML, like Gecko) Chrome/140.0.0.0 Safari/537.36"],"accept":["application/json"],"content-type":["application/json"],"origin":["http://localhost:4200"],"sec-fetch-site":["same-site"],"sec-fetch-mode":["cors"],"sec-fetch-dest":["empty"],"referer":["http://localhost:4200/"],"accept-encoding":["gzip, deflate, br, zstd"],"accept-language":["es-419,es;q=0.9"]},"query_params":[],"request_data":[],"request_size":0,"timestamp":"2025-10-03T01:02:53.341814Z"},"timestamp":"2025-10-03T01:02:53.342419Z"} 
[2025-10-02 18:02:53] local.INFO: User Action {"action":"request_end","model":"API_Request","model_id":0,"user_id":15,"user_email":"proveedor@materialesconstruccion.mx","ip_address":"::1","user_agent":"Mozilla/5.0 (Windows NT 10.0; Win64; x64) AppleWebKit/537.36 (KHTML, like Gecko) Chrome/140.0.0.0 Safari/537.36","data":{"request_id":"req_68df20bd536886.35061509","method":"GET","path":"api/auth/me","status_code":200,"execution_time_ms":17.63,"response_size":1979,"memory_usage_mb":28.0,"memory_peak_mb":28.0,"user_id":15,"performance_category":"fast","response_headers":{"content_type":"application/json"}},"timestamp":"2025-10-03T01:02:53.359381Z"} 
[2025-10-02 18:02:54] local.INFO: User Action {"action":"request_start","model":"API_Request","model_id":0,"user_id":15,"user_email":"proveedor@materialesconstruccion.mx","ip_address":"::1","user_agent":"Mozilla/5.0 (Windows NT 10.0; Win64; x64) AppleWebKit/537.36 (KHTML, like Gecko) Chrome/140.0.0.0 Safari/537.36","data":{"request_id":"req_68df20be4cf346.03284117","method":"GET","path":"api/notifications","full_url":"http://localhost:8080/api/notifications","ip_address":"::1","user_agent":"Mozilla/5.0 (Windows NT 10.0; Win64; x64) AppleWebKit/537.36 (KHTML, like Gecko) Chrome/140.0.0.0 Safari/537.36","referer":"http://localhost:4200/","user_id":15,"user_email":"proveedor@materialesconstruccion.mx","headers":{"host":["localhost:8080"],"connection":["keep-alive"],"sec-ch-ua-platform":["\"Windows\""],"authorization":"[HIDDEN]","sec-ch-ua":["\"Chromium\";v=\"140\", \"Not=A?Brand\";v=\"24\", \"Google Chrome\";v=\"140\""],"sec-ch-ua-mobile":["?0"],"access-control-allow-credentials":["true"],"user-agent":["Mozilla/5.0 (Windows NT 10.0; Win64; x64) AppleWebKit/537.36 (KHTML, like Gecko) Chrome/140.0.0.0 Safari/537.36"],"accept":["application/json, text/plain, */*"],"content-type":["application/json"],"origin":["http://localhost:4200"],"sec-fetch-site":["same-site"],"sec-fetch-mode":["cors"],"sec-fetch-dest":["empty"],"referer":["http://localhost:4200/"],"accept-encoding":["gzip, deflate, br, zstd"],"accept-language":["es-419,es;q=0.9"]},"query_params":[],"request_data":[],"request_size":0,"timestamp":"2025-10-03T01:02:54.315392Z"},"timestamp":"2025-10-03T01:02:54.316010Z"} 
[2025-10-02 18:02:54] local.INFO: User Action {"action":"request_end","model":"API_Request","model_id":0,"user_id":15,"user_email":"proveedor@materialesconstruccion.mx","ip_address":"::1","user_agent":"Mozilla/5.0 (Windows NT 10.0; Win64; x64) AppleWebKit/537.36 (KHTML, like Gecko) Chrome/140.0.0.0 Safari/537.36","data":{"request_id":"req_68df20be4cf346.03284117","method":"GET","path":"api/notifications","status_code":200,"execution_time_ms":11.76,"response_size":558,"memory_usage_mb":26.0,"memory_peak_mb":26.0,"user_id":15,"performance_category":"fast","response_headers":{"content_type":"application/json"}},"timestamp":"2025-10-03T01:02:54.327066Z"} 
[2025-10-02 18:02:54] local.INFO: User Action {"action":"request_start","model":"API_Request","model_id":0,"user_id":15,"user_email":"proveedor@materialesconstruccion.mx","ip_address":"::1","user_agent":"Mozilla/5.0 (Windows NT 10.0; Win64; x64) AppleWebKit/537.36 (KHTML, like Gecko) Chrome/140.0.0.0 Safari/537.36","data":{"request_id":"req_68df20be88cf66.81570773","method":"GET","path":"api/proveedores/user/15","full_url":"http://localhost:8080/api/proveedores/user/15","ip_address":"::1","user_agent":"Mozilla/5.0 (Windows NT 10.0; Win64; x64) AppleWebKit/537.36 (KHTML, like Gecko) Chrome/140.0.0.0 Safari/537.36","referer":"http://localhost:4200/","user_id":15,"user_email":"proveedor@materialesconstruccion.mx","headers":{"host":["localhost:8080"],"connection":["keep-alive"],"sec-ch-ua-platform":["\"Windows\""],"authorization":"[HIDDEN]","sec-ch-ua":["\"Chromium\";v=\"140\", \"Not=A?Brand\";v=\"24\", \"Google Chrome\";v=\"140\""],"sec-ch-ua-mobile":["?0"],"access-control-allow-credentials":["true"],"user-agent":["Mozilla/5.0 (Windows NT 10.0; Win64; x64) AppleWebKit/537.36 (KHTML, like Gecko) Chrome/140.0.0.0 Safari/537.36"],"accept":["application/json, text/plain, */*"],"content-type":["application/json"],"origin":["http://localhost:4200"],"sec-fetch-site":["same-site"],"sec-fetch-mode":["cors"],"sec-fetch-dest":["empty"],"referer":["http://localhost:4200/"],"accept-encoding":["gzip, deflate, br, zstd"],"accept-language":["es-419,es;q=0.9"]},"query_params":[],"request_data":[],"request_size":0,"timestamp":"2025-10-03T01:02:54.560523Z"},"timestamp":"2025-10-03T01:02:54.561118Z"} 
[2025-10-02 18:02:54] local.INFO: User Action {"action":"request_end","model":"API_Request","model_id":0,"user_id":15,"user_email":"proveedor@materialesconstruccion.mx","ip_address":"::1","user_agent":"Mozilla/5.0 (Windows NT 10.0; Win64; x64) AppleWebKit/537.36 (KHTML, like Gecko) Chrome/140.0.0.0 Safari/537.36","data":{"request_id":"req_68df20be88cf66.81570773","method":"GET","path":"api/proveedores/user/15","status_code":200,"execution_time_ms":17.03,"response_size":1566,"memory_usage_mb":28.0,"memory_peak_mb":28.0,"user_id":15,"performance_category":"fast","response_headers":{"content_type":"application/json"}},"timestamp":"2025-10-03T01:02:54.577530Z"} 
[2025-10-02 18:02:54] local.INFO: User Action {"action":"request_start","model":"API_Request","model_id":0,"user_id":15,"user_email":"proveedor@materialesconstruccion.mx","ip_address":"::1","user_agent":"Mozilla/5.0 (Windows NT 10.0; Win64; x64) AppleWebKit/537.36 (KHTML, like Gecko) Chrome/140.0.0.0 Safari/537.36","data":{"request_id":"req_68df20becfec30.55037651","method":"GET","path":"api/auth/me","full_url":"http://localhost:8080/api/auth/me","ip_address":"::1","user_agent":"Mozilla/5.0 (Windows NT 10.0; Win64; x64) AppleWebKit/537.36 (KHTML, like Gecko) Chrome/140.0.0.0 Safari/537.36","referer":"http://localhost:4200/","user_id":15,"user_email":"proveedor@materialesconstruccion.mx","headers":{"host":["localhost:8080"],"connection":["keep-alive"],"sec-ch-ua-platform":["\"Windows\""],"authorization":"[HIDDEN]","sec-ch-ua":["\"Chromium\";v=\"140\", \"Not=A?Brand\";v=\"24\", \"Google Chrome\";v=\"140\""],"sec-ch-ua-mobile":["?0"],"access-control-allow-credentials":["true"],"user-agent":["Mozilla/5.0 (Windows NT 10.0; Win64; x64) AppleWebKit/537.36 (KHTML, like Gecko) Chrome/140.0.0.0 Safari/537.36"],"accept":["application/json"],"content-type":["application/json"],"origin":["http://localhost:4200"],"sec-fetch-site":["same-site"],"sec-fetch-mode":["cors"],"sec-fetch-dest":["empty"],"referer":["http://localhost:4200/"],"accept-encoding":["gzip, deflate, br, zstd"],"accept-language":["es-419,es;q=0.9"]},"query_params":[],"request_data":[],"request_size":0,"timestamp":"2025-10-03T01:02:54.851827Z"},"timestamp":"2025-10-03T01:02:54.852534Z"} 
[2025-10-02 18:02:54] local.INFO: User Action {"action":"request_end","model":"API_Request","model_id":0,"user_id":15,"user_email":"proveedor@materialesconstruccion.mx","ip_address":"::1","user_agent":"Mozilla/5.0 (Windows NT 10.0; Win64; x64) AppleWebKit/537.36 (KHTML, like Gecko) Chrome/140.0.0.0 Safari/537.36","data":{"request_id":"req_68df20becfec30.55037651","method":"GET","path":"api/auth/me","status_code":200,"execution_time_ms":20.73,"response_size":1979,"memory_usage_mb":28.0,"memory_peak_mb":28.0,"user_id":15,"performance_category":"fast","response_headers":{"content_type":"application/json"}},"timestamp":"2025-10-03T01:02:54.872498Z"} 
[2025-10-02 18:02:56] local.INFO: User Action {"action":"request_start","model":"API_Request","model_id":0,"user_id":15,"user_email":"proveedor@materialesconstruccion.mx","ip_address":"::1","user_agent":"Mozilla/5.0 (Windows NT 10.0; Win64; x64) AppleWebKit/537.36 (KHTML, like Gecko) Chrome/140.0.0.0 Safari/537.36","data":{"request_id":"req_68df20c00c0d49.06953622","method":"GET","path":"api/proveedores/4/solicitudes-pago","full_url":"http://localhost:8080/api/proveedores/4/solicitudes-pago?estado_solicitud=pendiente&order=desc&per_page=15&sort_by=fecha_registro_pendiente","ip_address":"::1","user_agent":"Mozilla/5.0 (Windows NT 10.0; Win64; x64) AppleWebKit/537.36 (KHTML, like Gecko) Chrome/140.0.0.0 Safari/537.36","referer":"http://localhost:4200/","user_id":15,"user_email":"proveedor@materialesconstruccion.mx","headers":{"host":["localhost:8080"],"connection":["keep-alive"],"sec-ch-ua-platform":["\"Windows\""],"authorization":"[HIDDEN]","sec-ch-ua":["\"Chromium\";v=\"140\", \"Not=A?Brand\";v=\"24\", \"Google Chrome\";v=\"140\""],"sec-ch-ua-mobile":["?0"],"access-control-allow-credentials":["true"],"user-agent":["Mozilla/5.0 (Windows NT 10.0; Win64; x64) AppleWebKit/537.36 (KHTML, like Gecko) Chrome/140.0.0.0 Safari/537.36"],"accept":["application/json, text/plain, */*"],"content-type":["application/json"],"origin":["http://localhost:4200"],"sec-fetch-site":["same-site"],"sec-fetch-mode":["cors"],"sec-fetch-dest":["empty"],"referer":["http://localhost:4200/"],"accept-encoding":["gzip, deflate, br, zstd"],"accept-language":["es-419,es;q=0.9"]},"query_params":{"estado_solicitud":"pendiente","per_page":"15","sort_by":"fecha_registro_pendiente","order":"desc"},"request_data":{"_proveedor_id":4,"_user_proveedor_relation":"PRINCIPAL","estado_solicitud":"pendiente","per_page":"15","sort_by":"fecha_registro_pendiente","order":"desc"},"request_size":0,"timestamp":"2025-10-03T01:02:56.049741Z"},"timestamp":"2025-10-03T01:02:56.050548Z"} 
[2025-10-02 18:02:56] local.INFO: User Action {"action":"request_end","model":"API_Request","model_id":0,"user_id":15,"user_email":"proveedor@materialesconstruccion.mx","ip_address":"::1","user_agent":"Mozilla/5.0 (Windows NT 10.0; Win64; x64) AppleWebKit/537.36 (KHTML, like Gecko) Chrome/140.0.0.0 Safari/537.36","data":{"request_id":"req_68df20c00c0d49.06953622","method":"GET","path":"api/proveedores/4/solicitudes-pago","status_code":200,"execution_time_ms":36.99,"response_size":9744,"memory_usage_mb":28.0,"memory_peak_mb":28.0,"user_id":15,"performance_category":"fast","response_headers":{"content_type":"application/json"}},"timestamp":"2025-10-03T01:02:56.086509Z"} 
[2025-10-02 18:02:57] local.INFO: User Action {"action":"request_start","model":"API_Request","model_id":0,"user_id":15,"user_email":"proveedor@materialesconstruccion.mx","ip_address":"::1","user_agent":"Mozilla/5.0 (Windows NT 10.0; Win64; x64) AppleWebKit/537.36 (KHTML, like Gecko) Chrome/140.0.0.0 Safari/537.36","data":{"request_id":"req_68df20c1100206.59159196","method":"GET","path":"api/auth/me","full_url":"http://localhost:8080/api/auth/me","ip_address":"::1","user_agent":"Mozilla/5.0 (Windows NT 10.0; Win64; x64) AppleWebKit/537.36 (KHTML, like Gecko) Chrome/140.0.0.0 Safari/537.36","referer":"http://localhost:4200/","user_id":15,"user_email":"proveedor@materialesconstruccion.mx","headers":{"host":["localhost:8080"],"connection":["keep-alive"],"sec-ch-ua-platform":["\"Windows\""],"authorization":"[HIDDEN]","sec-ch-ua":["\"Chromium\";v=\"140\", \"Not=A?Brand\";v=\"24\", \"Google Chrome\";v=\"140\""],"sec-ch-ua-mobile":["?0"],"access-control-allow-credentials":["true"],"user-agent":["Mozilla/5.0 (Windows NT 10.0; Win64; x64) AppleWebKit/537.36 (KHTML, like Gecko) Chrome/140.0.0.0 Safari/537.36"],"accept":["application/json"],"content-type":["application/json"],"origin":["http://localhost:4200"],"sec-fetch-site":["same-site"],"sec-fetch-mode":["cors"],"sec-fetch-dest":["empty"],"referer":["http://localhost:4200/"],"accept-encoding":["gzip, deflate, br, zstd"],"accept-language":["es-419,es;q=0.9"]},"query_params":[],"request_data":[],"request_size":0,"timestamp":"2025-10-03T01:02:57.065731Z"},"timestamp":"2025-10-03T01:02:57.066311Z"} 
[2025-10-02 18:02:57] local.INFO: User Action {"action":"request_end","model":"API_Request","model_id":0,"user_id":15,"user_email":"proveedor@materialesconstruccion.mx","ip_address":"::1","user_agent":"Mozilla/5.0 (Windows NT 10.0; Win64; x64) AppleWebKit/537.36 (KHTML, like Gecko) Chrome/140.0.0.0 Safari/537.36","data":{"request_id":"req_68df20c1100206.59159196","method":"GET","path":"api/auth/me","status_code":200,"execution_time_ms":17.47,"response_size":1979,"memory_usage_mb":28.0,"memory_peak_mb":28.0,"user_id":15,"performance_category":"fast","response_headers":{"content_type":"application/json"}},"timestamp":"2025-10-03T01:02:57.083147Z"} 
[2025-10-02 18:02:57] local.INFO: User Action {"action":"request_start","model":"API_Request","model_id":0,"user_id":15,"user_email":"proveedor@materialesconstruccion.mx","ip_address":"::1","user_agent":"Mozilla/5.0 (Windows NT 10.0; Win64; x64) AppleWebKit/537.36 (KHTML, like Gecko) Chrome/140.0.0.0 Safari/537.36","data":{"request_id":"req_68df20c19caa12.64204424","method":"GET","path":"api/notifications","full_url":"http://localhost:8080/api/notifications","ip_address":"::1","user_agent":"Mozilla/5.0 (Windows NT 10.0; Win64; x64) AppleWebKit/537.36 (KHTML, like Gecko) Chrome/140.0.0.0 Safari/537.36","referer":"http://localhost:4200/","user_id":15,"user_email":"proveedor@materialesconstruccion.mx","headers":{"host":["localhost:8080"],"connection":["keep-alive"],"sec-ch-ua-platform":["\"Windows\""],"authorization":"[HIDDEN]","sec-ch-ua":["\"Chromium\";v=\"140\", \"Not=A?Brand\";v=\"24\", \"Google Chrome\";v=\"140\""],"sec-ch-ua-mobile":["?0"],"access-control-allow-credentials":["true"],"user-agent":["Mozilla/5.0 (Windows NT 10.0; Win64; x64) AppleWebKit/537.36 (KHTML, like Gecko) Chrome/140.0.0.0 Safari/537.36"],"accept":["application/json, text/plain, */*"],"content-type":["application/json"],"origin":["http://localhost:4200"],"sec-fetch-site":["same-site"],"sec-fetch-mode":["cors"],"sec-fetch-dest":["empty"],"referer":["http://localhost:4200/"],"accept-encoding":["gzip, deflate, br, zstd"],"accept-language":["es-419,es;q=0.9"]},"query_params":[],"request_data":[],"request_size":0,"timestamp":"2025-10-03T01:02:57.641949Z"},"timestamp":"2025-10-03T01:02:57.642785Z"} 
[2025-10-02 18:02:57] local.INFO: User Action {"action":"request_end","model":"API_Request","model_id":0,"user_id":15,"user_email":"proveedor@materialesconstruccion.mx","ip_address":"::1","user_agent":"Mozilla/5.0 (Windows NT 10.0; Win64; x64) AppleWebKit/537.36 (KHTML, like Gecko) Chrome/140.0.0.0 Safari/537.36","data":{"request_id":"req_68df20c19caa12.64204424","method":"GET","path":"api/notifications","status_code":200,"execution_time_ms":19.1,"response_size":558,"memory_usage_mb":26.0,"memory_peak_mb":26.0,"user_id":15,"performance_category":"fast","response_headers":{"content_type":"application/json"}},"timestamp":"2025-10-03T01:02:57.660942Z"} 
[2025-10-02 18:02:58] local.INFO: User Action {"action":"request_start","model":"API_Request","model_id":0,"user_id":15,"user_email":"proveedor@materialesconstruccion.mx","ip_address":"::1","user_agent":"Mozilla/5.0 (Windows NT 10.0; Win64; x64) AppleWebKit/537.36 (KHTML, like Gecko) Chrome/140.0.0.0 Safari/537.36","data":{"request_id":"req_68df20c265e2c9.02658476","method":"GET","path":"api/proveedores/user/15","full_url":"http://localhost:8080/api/proveedores/user/15","ip_address":"::1","user_agent":"Mozilla/5.0 (Windows NT 10.0; Win64; x64) AppleWebKit/537.36 (KHTML, like Gecko) Chrome/140.0.0.0 Safari/537.36","referer":"http://localhost:4200/","user_id":15,"user_email":"proveedor@materialesconstruccion.mx","headers":{"host":["localhost:8080"],"connection":["keep-alive"],"sec-ch-ua-platform":["\"Windows\""],"authorization":"[HIDDEN]","sec-ch-ua":["\"Chromium\";v=\"140\", \"Not=A?Brand\";v=\"24\", \"Google Chrome\";v=\"140\""],"sec-ch-ua-mobile":["?0"],"access-control-allow-credentials":["true"],"user-agent":["Mozilla/5.0 (Windows NT 10.0; Win64; x64) AppleWebKit/537.36 (KHTML, like Gecko) Chrome/140.0.0.0 Safari/537.36"],"accept":["application/json, text/plain, */*"],"content-type":["application/json"],"origin":["http://localhost:4200"],"sec-fetch-site":["same-site"],"sec-fetch-mode":["cors"],"sec-fetch-dest":["empty"],"referer":["http://localhost:4200/"],"accept-encoding":["gzip, deflate, br, zstd"],"accept-language":["es-419,es;q=0.9"]},"query_params":[],"request_data":[],"request_size":0,"timestamp":"2025-10-03T01:02:58.417633Z"},"timestamp":"2025-10-03T01:02:58.418633Z"} 
[2025-10-02 18:02:58] local.INFO: User Action {"action":"request_end","model":"API_Request","model_id":0,"user_id":15,"user_email":"proveedor@materialesconstruccion.mx","ip_address":"::1","user_agent":"Mozilla/5.0 (Windows NT 10.0; Win64; x64) AppleWebKit/537.36 (KHTML, like Gecko) Chrome/140.0.0.0 Safari/537.36","data":{"request_id":"req_68df20c265e2c9.02658476","method":"GET","path":"api/proveedores/user/15","status_code":200,"execution_time_ms":20.08,"response_size":1566,"memory_usage_mb":28.0,"memory_peak_mb":28.0,"user_id":15,"performance_category":"fast","response_headers":{"content_type":"application/json"}},"timestamp":"2025-10-03T01:02:58.437567Z"} 
[2025-10-02 18:02:58] local.INFO: User Action {"action":"request_start","model":"API_Request","model_id":0,"user_id":15,"user_email":"proveedor@materialesconstruccion.mx","ip_address":"::1","user_agent":"Mozilla/5.0 (Windows NT 10.0; Win64; x64) AppleWebKit/537.36 (KHTML, like Gecko) Chrome/140.0.0.0 Safari/537.36","data":{"request_id":"req_68df20c2da8215.53661824","method":"GET","path":"api/auth/me","full_url":"http://localhost:8080/api/auth/me","ip_address":"::1","user_agent":"Mozilla/5.0 (Windows NT 10.0; Win64; x64) AppleWebKit/537.36 (KHTML, like Gecko) Chrome/140.0.0.0 Safari/537.36","referer":"http://localhost:4200/","user_id":15,"user_email":"proveedor@materialesconstruccion.mx","headers":{"host":["localhost:8080"],"connection":["keep-alive"],"sec-ch-ua-platform":["\"Windows\""],"authorization":"[HIDDEN]","sec-ch-ua":["\"Chromium\";v=\"140\", \"Not=A?Brand\";v=\"24\", \"Google Chrome\";v=\"140\""],"sec-ch-ua-mobile":["?0"],"access-control-allow-credentials":["true"],"user-agent":["Mozilla/5.0 (Windows NT 10.0; Win64; x64) AppleWebKit/537.36 (KHTML, like Gecko) Chrome/140.0.0.0 Safari/537.36"],"accept":["application/json"],"content-type":["application/json"],"origin":["http://localhost:4200"],"sec-fetch-site":["same-site"],"sec-fetch-mode":["cors"],"sec-fetch-dest":["empty"],"referer":["http://localhost:4200/"],"accept-encoding":["gzip, deflate, br, zstd"],"accept-language":["es-419,es;q=0.9"]},"query_params":[],"request_data":[],"request_size":0,"timestamp":"2025-10-03T01:02:58.895162Z"},"timestamp":"2025-10-03T01:02:58.895774Z"} 
[2025-10-02 18:02:58] local.INFO: User Action {"action":"request_end","model":"API_Request","model_id":0,"user_id":15,"user_email":"proveedor@materialesconstruccion.mx","ip_address":"::1","user_agent":"Mozilla/5.0 (Windows NT 10.0; Win64; x64) AppleWebKit/537.36 (KHTML, like Gecko) Chrome/140.0.0.0 Safari/537.36","data":{"request_id":"req_68df20c2da8215.53661824","method":"GET","path":"api/auth/me","status_code":200,"execution_time_ms":18.86,"response_size":1979,"memory_usage_mb":28.0,"memory_peak_mb":28.0,"user_id":15,"performance_category":"fast","response_headers":{"content_type":"application/json"}},"timestamp":"2025-10-03T01:02:58.913979Z"} 
[2025-10-02 18:03:00] local.INFO: User Action {"action":"request_start","model":"API_Request","model_id":0,"user_id":15,"user_email":"proveedor@materialesconstruccion.mx","ip_address":"::1","user_agent":"Mozilla/5.0 (Windows NT 10.0; Win64; x64) AppleWebKit/537.36 (KHTML, like Gecko) Chrome/140.0.0.0 Safari/537.36","data":{"request_id":"req_68df20c40965d1.98142742","method":"GET","path":"api/proveedores/4/solicitudes-pago","full_url":"http://localhost:8080/api/proveedores/4/solicitudes-pago?estado_solicitud=pendiente&order=desc&per_page=15&sort_by=fecha_registro_pendiente","ip_address":"::1","user_agent":"Mozilla/5.0 (Windows NT 10.0; Win64; x64) AppleWebKit/537.36 (KHTML, like Gecko) Chrome/140.0.0.0 Safari/537.36","referer":"http://localhost:4200/","user_id":15,"user_email":"proveedor@materialesconstruccion.mx","headers":{"host":["localhost:8080"],"connection":["keep-alive"],"sec-ch-ua-platform":["\"Windows\""],"authorization":"[HIDDEN]","sec-ch-ua":["\"Chromium\";v=\"140\", \"Not=A?Brand\";v=\"24\", \"Google Chrome\";v=\"140\""],"sec-ch-ua-mobile":["?0"],"access-control-allow-credentials":["true"],"user-agent":["Mozilla/5.0 (Windows NT 10.0; Win64; x64) AppleWebKit/537.36 (KHTML, like Gecko) Chrome/140.0.0.0 Safari/537.36"],"accept":["application/json, text/plain, */*"],"content-type":["application/json"],"origin":["http://localhost:4200"],"sec-fetch-site":["same-site"],"sec-fetch-mode":["cors"],"sec-fetch-dest":["empty"],"referer":["http://localhost:4200/"],"accept-encoding":["gzip, deflate, br, zstd"],"accept-language":["es-419,es;q=0.9"]},"query_params":{"estado_solicitud":"pendiente","per_page":"15","sort_by":"fecha_registro_pendiente","order":"desc"},"request_data":{"_proveedor_id":4,"_user_proveedor_relation":"PRINCIPAL","estado_solicitud":"pendiente","per_page":"15","sort_by":"fecha_registro_pendiente","order":"desc"},"request_size":0,"timestamp":"2025-10-03T01:03:00.038682Z"},"timestamp":"2025-10-03T01:03:00.039544Z"} 
[2025-10-02 18:03:00] local.INFO: User Action {"action":"request_end","model":"API_Request","model_id":0,"user_id":15,"user_email":"proveedor@materialesconstruccion.mx","ip_address":"::1","user_agent":"Mozilla/5.0 (Windows NT 10.0; Win64; x64) AppleWebKit/537.36 (KHTML, like Gecko) Chrome/140.0.0.0 Safari/537.36","data":{"request_id":"req_68df20c40965d1.98142742","method":"GET","path":"api/proveedores/4/solicitudes-pago","status_code":200,"execution_time_ms":31.33,"response_size":9744,"memory_usage_mb":28.0,"memory_peak_mb":28.0,"user_id":15,"performance_category":"fast","response_headers":{"content_type":"application/json"}},"timestamp":"2025-10-03T01:03:00.069986Z"} 
[2025-10-02 18:03:01] local.INFO: User Action {"action":"request_start","model":"API_Request","model_id":0,"user_id":15,"user_email":"proveedor@materialesconstruccion.mx","ip_address":"::1","user_agent":"Mozilla/5.0 (Windows NT 10.0; Win64; x64) AppleWebKit/537.36 (KHTML, like Gecko) Chrome/140.0.0.0 Safari/537.36","data":{"request_id":"req_68df20c5c55402.01313596","method":"GET","path":"api/auth/me","full_url":"http://localhost:8080/api/auth/me","ip_address":"::1","user_agent":"Mozilla/5.0 (Windows NT 10.0; Win64; x64) AppleWebKit/537.36 (KHTML, like Gecko) Chrome/140.0.0.0 Safari/537.36","referer":"http://localhost:4200/","user_id":15,"user_email":"proveedor@materialesconstruccion.mx","headers":{"host":["localhost:8080"],"connection":["keep-alive"],"sec-ch-ua-platform":["\"Windows\""],"authorization":"[HIDDEN]","sec-ch-ua":["\"Chromium\";v=\"140\", \"Not=A?Brand\";v=\"24\", \"Google Chrome\";v=\"140\""],"sec-ch-ua-mobile":["?0"],"access-control-allow-credentials":["true"],"user-agent":["Mozilla/5.0 (Windows NT 10.0; Win64; x64) AppleWebKit/537.36 (KHTML, like Gecko) Chrome/140.0.0.0 Safari/537.36"],"accept":["application/json"],"content-type":["application/json"],"origin":["http://localhost:4200"],"sec-fetch-site":["same-site"],"sec-fetch-mode":["cors"],"sec-fetch-dest":["empty"],"referer":["http://localhost:4200/"],"accept-encoding":["gzip, deflate, br, zstd"],"accept-language":["es-419,es;q=0.9"]},"query_params":[],"request_data":[],"request_size":0,"timestamp":"2025-10-03T01:03:01.808506Z"},"timestamp":"2025-10-03T01:03:01.809311Z"} 
[2025-10-02 18:03:01] local.INFO: User Action {"action":"request_end","model":"API_Request","model_id":0,"user_id":15,"user_email":"proveedor@materialesconstruccion.mx","ip_address":"::1","user_agent":"Mozilla/5.0 (Windows NT 10.0; Win64; x64) AppleWebKit/537.36 (KHTML, like Gecko) Chrome/140.0.0.0 Safari/537.36","data":{"request_id":"req_68df20c5c55402.01313596","method":"GET","path":"api/auth/me","status_code":200,"execution_time_ms":26.16,"response_size":1979,"memory_usage_mb":28.0,"memory_peak_mb":28.0,"user_id":15,"performance_category":"fast","response_headers":{"content_type":"application/json"}},"timestamp":"2025-10-03T01:03:01.834548Z"} 
[2025-10-02 18:03:02] local.INFO: User Action {"action":"request_start","model":"API_Request","model_id":0,"user_id":15,"user_email":"proveedor@materialesconstruccion.mx","ip_address":"::1","user_agent":"Mozilla/5.0 (Windows NT 10.0; Win64; x64) AppleWebKit/537.36 (KHTML, like Gecko) Chrome/140.0.0.0 Safari/537.36","data":{"request_id":"req_68df20c671cb06.42564347","method":"GET","path":"api/notifications","full_url":"http://localhost:8080/api/notifications","ip_address":"::1","user_agent":"Mozilla/5.0 (Windows NT 10.0; Win64; x64) AppleWebKit/537.36 (KHTML, like Gecko) Chrome/140.0.0.0 Safari/537.36","referer":"http://localhost:4200/","user_id":15,"user_email":"proveedor@materialesconstruccion.mx","headers":{"host":["localhost:8080"],"connection":["keep-alive"],"sec-ch-ua-platform":["\"Windows\""],"authorization":"[HIDDEN]","sec-ch-ua":["\"Chromium\";v=\"140\", \"Not=A?Brand\";v=\"24\", \"Google Chrome\";v=\"140\""],"sec-ch-ua-mobile":["?0"],"access-control-allow-credentials":["true"],"user-agent":["Mozilla/5.0 (Windows NT 10.0; Win64; x64) AppleWebKit/537.36 (KHTML, like Gecko) Chrome/140.0.0.0 Safari/537.36"],"accept":["application/json, text/plain, */*"],"content-type":["application/json"],"origin":["http://localhost:4200"],"sec-fetch-site":["same-site"],"sec-fetch-mode":["cors"],"sec-fetch-dest":["empty"],"referer":["http://localhost:4200/"],"accept-encoding":["gzip, deflate, br, zstd"],"accept-language":["es-419,es;q=0.9"]},"query_params":[],"request_data":[],"request_size":0,"timestamp":"2025-10-03T01:03:02.466334Z"},"timestamp":"2025-10-03T01:03:02.467427Z"} 
[2025-10-02 18:03:02] local.INFO: User Action {"action":"request_end","model":"API_Request","model_id":0,"user_id":15,"user_email":"proveedor@materialesconstruccion.mx","ip_address":"::1","user_agent":"Mozilla/5.0 (Windows NT 10.0; Win64; x64) AppleWebKit/537.36 (KHTML, like Gecko) Chrome/140.0.0.0 Safari/537.36","data":{"request_id":"req_68df20c671cb06.42564347","method":"GET","path":"api/notifications","status_code":200,"execution_time_ms":16.75,"response_size":558,"memory_usage_mb":26.0,"memory_peak_mb":26.0,"user_id":15,"performance_category":"fast","response_headers":{"content_type":"application/json"}},"timestamp":"2025-10-03T01:03:02.483005Z"} 
[2025-10-02 18:03:03] local.INFO: User Action {"action":"request_start","model":"API_Request","model_id":0,"user_id":15,"user_email":"proveedor@materialesconstruccion.mx","ip_address":"::1","user_agent":"Mozilla/5.0 (Windows NT 10.0; Win64; x64) AppleWebKit/537.36 (KHTML, like Gecko) Chrome/140.0.0.0 Safari/537.36","data":{"request_id":"req_68df20c7894362.51781351","method":"GET","path":"api/proveedores/user/15","full_url":"http://localhost:8080/api/proveedores/user/15","ip_address":"::1","user_agent":"Mozilla/5.0 (Windows NT 10.0; Win64; x64) AppleWebKit/537.36 (KHTML, like Gecko) Chrome/140.0.0.0 Safari/537.36","referer":"http://localhost:4200/","user_id":15,"user_email":"proveedor@materialesconstruccion.mx","headers":{"host":["localhost:8080"],"connection":["keep-alive"],"sec-ch-ua-platform":["\"Windows\""],"authorization":"[HIDDEN]","sec-ch-ua":["\"Chromium\";v=\"140\", \"Not=A?Brand\";v=\"24\", \"Google Chrome\";v=\"140\""],"sec-ch-ua-mobile":["?0"],"access-control-allow-credentials":["true"],"user-agent":["Mozilla/5.0 (Windows NT 10.0; Win64; x64) AppleWebKit/537.36 (KHTML, like Gecko) Chrome/140.0.0.0 Safari/537.36"],"accept":["application/json, text/plain, */*"],"content-type":["application/json"],"origin":["http://localhost:4200"],"sec-fetch-site":["same-site"],"sec-fetch-mode":["cors"],"sec-fetch-dest":["empty"],"referer":["http://localhost:4200/"],"accept-encoding":["gzip, deflate, br, zstd"],"accept-language":["es-419,es;q=0.9"]},"query_params":[],"request_data":[],"request_size":0,"timestamp":"2025-10-03T01:03:03.562431Z"},"timestamp":"2025-10-03T01:03:03.563398Z"} 
[2025-10-02 18:03:03] local.INFO: User Action {"action":"request_end","model":"API_Request","model_id":0,"user_id":15,"user_email":"proveedor@materialesconstruccion.mx","ip_address":"::1","user_agent":"Mozilla/5.0 (Windows NT 10.0; Win64; x64) AppleWebKit/537.36 (KHTML, like Gecko) Chrome/140.0.0.0 Safari/537.36","data":{"request_id":"req_68df20c7894362.51781351","method":"GET","path":"api/proveedores/user/15","status_code":200,"execution_time_ms":27.4,"response_size":1566,"memory_usage_mb":28.0,"memory_peak_mb":28.0,"user_id":15,"performance_category":"fast","response_headers":{"content_type":"application/json"}},"timestamp":"2025-10-03T01:03:03.589780Z"} 
[2025-10-02 18:03:03] local.INFO: User Action {"action":"request_start","model":"API_Request","model_id":0,"user_id":15,"user_email":"proveedor@materialesconstruccion.mx","ip_address":"::1","user_agent":"Mozilla/5.0 (Windows NT 10.0; Win64; x64) AppleWebKit/537.36 (KHTML, like Gecko) Chrome/140.0.0.0 Safari/537.36","data":{"request_id":"req_68df20c7d7eac8.31875087","method":"GET","path":"api/auth/me","full_url":"http://localhost:8080/api/auth/me","ip_address":"::1","user_agent":"Mozilla/5.0 (Windows NT 10.0; Win64; x64) AppleWebKit/537.36 (KHTML, like Gecko) Chrome/140.0.0.0 Safari/537.36","referer":"http://localhost:4200/","user_id":15,"user_email":"proveedor@materialesconstruccion.mx","headers":{"host":["localhost:8080"],"connection":["keep-alive"],"sec-ch-ua-platform":["\"Windows\""],"authorization":"[HIDDEN]","sec-ch-ua":["\"Chromium\";v=\"140\", \"Not=A?Brand\";v=\"24\", \"Google Chrome\";v=\"140\""],"sec-ch-ua-mobile":["?0"],"access-control-allow-credentials":["true"],"user-agent":["Mozilla/5.0 (Windows NT 10.0; Win64; x64) AppleWebKit/537.36 (KHTML, like Gecko) Chrome/140.0.0.0 Safari/537.36"],"accept":["application/json"],"content-type":["application/json"],"origin":["http://localhost:4200"],"sec-fetch-site":["same-site"],"sec-fetch-mode":["cors"],"sec-fetch-dest":["empty"],"referer":["http://localhost:4200/"],"accept-encoding":["gzip, deflate, br, zstd"],"accept-language":["es-419,es;q=0.9"]},"query_params":[],"request_data":[],"request_size":0,"timestamp":"2025-10-03T01:03:03.884568Z"},"timestamp":"2025-10-03T01:03:03.885223Z"} 
[2025-10-02 18:03:03] local.INFO: User Action {"action":"request_end","model":"API_Request","model_id":0,"user_id":15,"user_email":"proveedor@materialesconstruccion.mx","ip_address":"::1","user_agent":"Mozilla/5.0 (Windows NT 10.0; Win64; x64) AppleWebKit/537.36 (KHTML, like Gecko) Chrome/140.0.0.0 Safari/537.36","data":{"request_id":"req_68df20c7d7eac8.31875087","method":"GET","path":"api/auth/me","status_code":200,"execution_time_ms":21.78,"response_size":1979,"memory_usage_mb":28.0,"memory_peak_mb":28.0,"user_id":15,"performance_category":"fast","response_headers":{"content_type":"application/json"}},"timestamp":"2025-10-03T01:03:03.906308Z"} 
[2025-10-02 18:03:06] local.INFO: User Action {"action":"request_start","model":"API_Request","model_id":0,"user_id":15,"user_email":"proveedor@materialesconstruccion.mx","ip_address":"::1","user_agent":"Mozilla/5.0 (Windows NT 10.0; Win64; x64) AppleWebKit/537.36 (KHTML, like Gecko) Chrome/140.0.0.0 Safari/537.36","data":{"request_id":"req_68df20ca11e503.05806857","method":"GET","path":"api/auth/me","full_url":"http://localhost:8080/api/auth/me","ip_address":"::1","user_agent":"Mozilla/5.0 (Windows NT 10.0; Win64; x64) AppleWebKit/537.36 (KHTML, like Gecko) Chrome/140.0.0.0 Safari/537.36","referer":"http://localhost:4200/","user_id":15,"user_email":"proveedor@materialesconstruccion.mx","headers":{"host":["localhost:8080"],"connection":["keep-alive"],"sec-ch-ua-platform":["\"Windows\""],"authorization":"[HIDDEN]","sec-ch-ua":["\"Chromium\";v=\"140\", \"Not=A?Brand\";v=\"24\", \"Google Chrome\";v=\"140\""],"sec-ch-ua-mobile":["?0"],"access-control-allow-credentials":["true"],"user-agent":["Mozilla/5.0 (Windows NT 10.0; Win64; x64) AppleWebKit/537.36 (KHTML, like Gecko) Chrome/140.0.0.0 Safari/537.36"],"accept":["application/json"],"content-type":["application/json"],"origin":["http://localhost:4200"],"sec-fetch-site":["same-site"],"sec-fetch-mode":["cors"],"sec-fetch-dest":["empty"],"referer":["http://localhost:4200/"],"accept-encoding":["gzip, deflate, br, zstd"],"accept-language":["es-419,es;q=0.9"]},"query_params":[],"request_data":[],"request_size":0,"timestamp":"2025-10-03T01:03:06.073465Z"},"timestamp":"2025-10-03T01:03:06.074097Z"} 
[2025-10-02 18:03:06] local.INFO: User Action {"action":"request_end","model":"API_Request","model_id":0,"user_id":15,"user_email":"proveedor@materialesconstruccion.mx","ip_address":"::1","user_agent":"Mozilla/5.0 (Windows NT 10.0; Win64; x64) AppleWebKit/537.36 (KHTML, like Gecko) Chrome/140.0.0.0 Safari/537.36","data":{"request_id":"req_68df20ca11e503.05806857","method":"GET","path":"api/auth/me","status_code":200,"execution_time_ms":18.85,"response_size":1979,"memory_usage_mb":28.0,"memory_peak_mb":28.0,"user_id":15,"performance_category":"fast","response_headers":{"content_type":"application/json"}},"timestamp":"2025-10-03T01:03:06.092253Z"} 
[2025-10-02 18:03:06] local.INFO: User Action {"action":"request_start","model":"API_Request","model_id":0,"user_id":15,"user_email":"proveedor@materialesconstruccion.mx","ip_address":"::1","user_agent":"Mozilla/5.0 (Windows NT 10.0; Win64; x64) AppleWebKit/537.36 (KHTML, like Gecko) Chrome/140.0.0.0 Safari/537.36","data":{"request_id":"req_68df20ca967801.15204877","method":"GET","path":"api/notifications","full_url":"http://localhost:8080/api/notifications","ip_address":"::1","user_agent":"Mozilla/5.0 (Windows NT 10.0; Win64; x64) AppleWebKit/537.36 (KHTML, like Gecko) Chrome/140.0.0.0 Safari/537.36","referer":"http://localhost:4200/","user_id":15,"user_email":"proveedor@materialesconstruccion.mx","headers":{"host":["localhost:8080"],"connection":["keep-alive"],"sec-ch-ua-platform":["\"Windows\""],"authorization":"[HIDDEN]","sec-ch-ua":["\"Chromium\";v=\"140\", \"Not=A?Brand\";v=\"24\", \"Google Chrome\";v=\"140\""],"sec-ch-ua-mobile":["?0"],"access-control-allow-credentials":["true"],"user-agent":["Mozilla/5.0 (Windows NT 10.0; Win64; x64) AppleWebKit/537.36 (KHTML, like Gecko) Chrome/140.0.0.0 Safari/537.36"],"accept":["application/json, text/plain, */*"],"content-type":["application/json"],"origin":["http://localhost:4200"],"sec-fetch-site":["same-site"],"sec-fetch-mode":["cors"],"sec-fetch-dest":["empty"],"referer":["http://localhost:4200/"],"accept-encoding":["gzip, deflate, br, zstd"],"accept-language":["es-419,es;q=0.9"]},"query_params":[],"request_data":[],"request_size":0,"timestamp":"2025-10-03T01:03:06.616515Z"},"timestamp":"2025-10-03T01:03:06.617299Z"} 
[2025-10-02 18:03:06] local.INFO: User Action {"action":"request_end","model":"API_Request","model_id":0,"user_id":15,"user_email":"proveedor@materialesconstruccion.mx","ip_address":"::1","user_agent":"Mozilla/5.0 (Windows NT 10.0; Win64; x64) AppleWebKit/537.36 (KHTML, like Gecko) Chrome/140.0.0.0 Safari/537.36","data":{"request_id":"req_68df20ca967801.15204877","method":"GET","path":"api/notifications","status_code":200,"execution_time_ms":15.45,"response_size":558,"memory_usage_mb":26.0,"memory_peak_mb":26.0,"user_id":15,"performance_category":"fast","response_headers":{"content_type":"application/json"}},"timestamp":"2025-10-03T01:03:06.631938Z"} 
[2025-10-02 18:03:07] local.INFO: User Action {"action":"request_start","model":"API_Request","model_id":0,"user_id":15,"user_email":"proveedor@materialesconstruccion.mx","ip_address":"::1","user_agent":"Mozilla/5.0 (Windows NT 10.0; Win64; x64) AppleWebKit/537.36 (KHTML, like Gecko) Chrome/140.0.0.0 Safari/537.36","data":{"request_id":"req_68df20cb581285.91993926","method":"GET","path":"api/proveedores/user/15","full_url":"http://localhost:8080/api/proveedores/user/15","ip_address":"::1","user_agent":"Mozilla/5.0 (Windows NT 10.0; Win64; x64) AppleWebKit/537.36 (KHTML, like Gecko) Chrome/140.0.0.0 Safari/537.36","referer":"http://localhost:4200/","user_id":15,"user_email":"proveedor@materialesconstruccion.mx","headers":{"host":["localhost:8080"],"connection":["keep-alive"],"sec-ch-ua-platform":["\"Windows\""],"authorization":"[HIDDEN]","sec-ch-ua":["\"Chromium\";v=\"140\", \"Not=A?Brand\";v=\"24\", \"Google Chrome\";v=\"140\""],"sec-ch-ua-mobile":["?0"],"access-control-allow-credentials":["true"],"user-agent":["Mozilla/5.0 (Windows NT 10.0; Win64; x64) AppleWebKit/537.36 (KHTML, like Gecko) Chrome/140.0.0.0 Safari/537.36"],"accept":["application/json, text/plain, */*"],"content-type":["application/json"],"origin":["http://localhost:4200"],"sec-fetch-site":["same-site"],"sec-fetch-mode":["cors"],"sec-fetch-dest":["empty"],"referer":["http://localhost:4200/"],"accept-encoding":["gzip, deflate, br, zstd"],"accept-language":["es-419,es;q=0.9"]},"query_params":[],"request_data":[],"request_size":0,"timestamp":"2025-10-03T01:03:07.360919Z"},"timestamp":"2025-10-03T01:03:07.361619Z"} 
[2025-10-02 18:03:07] local.INFO: User Action {"action":"request_end","model":"API_Request","model_id":0,"user_id":15,"user_email":"proveedor@materialesconstruccion.mx","ip_address":"::1","user_agent":"Mozilla/5.0 (Windows NT 10.0; Win64; x64) AppleWebKit/537.36 (KHTML, like Gecko) Chrome/140.0.0.0 Safari/537.36","data":{"request_id":"req_68df20cb581285.91993926","method":"GET","path":"api/proveedores/user/15","status_code":200,"execution_time_ms":21.49,"response_size":1566,"memory_usage_mb":28.0,"memory_peak_mb":28.0,"user_id":15,"performance_category":"fast","response_headers":{"content_type":"application/json"}},"timestamp":"2025-10-03T01:03:07.382361Z"} 
[2025-10-02 18:03:07] local.ERROR: System Error {"error":"Suspicious Activity Detected","context":"Security","user_id":15,"ip_address":"::1","data":{"indicators":["high_request_volume"],"ip_address":"::1","user_id":15,"user_agent":"Mozilla/5.0 (Windows NT 10.0; Win64; x64) AppleWebKit/537.36 (KHTML, like Gecko) Chrome/140.0.0.0 Safari/537.36","path":"api/proveedores/user/15","request_count":101},"timestamp":"2025-10-03T01:03:07.387525Z"} 
[2025-10-02 18:03:08] local.INFO: User Action {"action":"request_start","model":"API_Request","model_id":0,"user_id":15,"user_email":"proveedor@materialesconstruccion.mx","ip_address":"::1","user_agent":"Mozilla/5.0 (Windows NT 10.0; Win64; x64) AppleWebKit/537.36 (KHTML, like Gecko) Chrome/140.0.0.0 Safari/537.36","data":{"request_id":"req_68df20cc0bedf4.86345156","method":"GET","path":"api/auth/me","full_url":"http://localhost:8080/api/auth/me","ip_address":"::1","user_agent":"Mozilla/5.0 (Windows NT 10.0; Win64; x64) AppleWebKit/537.36 (KHTML, like Gecko) Chrome/140.0.0.0 Safari/537.36","referer":"http://localhost:4200/","user_id":15,"user_email":"proveedor@materialesconstruccion.mx","headers":{"host":["localhost:8080"],"connection":["keep-alive"],"sec-ch-ua-platform":["\"Windows\""],"authorization":"[HIDDEN]","sec-ch-ua":["\"Chromium\";v=\"140\", \"Not=A?Brand\";v=\"24\", \"Google Chrome\";v=\"140\""],"sec-ch-ua-mobile":["?0"],"access-control-allow-credentials":["true"],"user-agent":["Mozilla/5.0 (Windows NT 10.0; Win64; x64) AppleWebKit/537.36 (KHTML, like Gecko) Chrome/140.0.0.0 Safari/537.36"],"accept":["application/json"],"content-type":["application/json"],"origin":["http://localhost:4200"],"sec-fetch-site":["same-site"],"sec-fetch-mode":["cors"],"sec-fetch-dest":["empty"],"referer":["http://localhost:4200/"],"accept-encoding":["gzip, deflate, br, zstd"],"accept-language":["es-419,es;q=0.9"]},"query_params":[],"request_data":[],"request_size":0,"timestamp":"2025-10-03T01:03:08.049055Z"},"timestamp":"2025-10-03T01:03:08.049684Z"} 
[2025-10-02 18:03:08] local.INFO: User Action {"action":"request_end","model":"API_Request","model_id":0,"user_id":15,"user_email":"proveedor@materialesconstruccion.mx","ip_address":"::1","user_agent":"Mozilla/5.0 (Windows NT 10.0; Win64; x64) AppleWebKit/537.36 (KHTML, like Gecko) Chrome/140.0.0.0 Safari/537.36","data":{"request_id":"req_68df20cc0bedf4.86345156","method":"GET","path":"api/auth/me","status_code":200,"execution_time_ms":18.17,"response_size":1979,"memory_usage_mb":28.0,"memory_peak_mb":28.0,"user_id":15,"performance_category":"fast","response_headers":{"content_type":"application/json"}},"timestamp":"2025-10-03T01:03:08.067159Z"} 
[2025-10-02 18:03:08] local.ERROR: System Error {"error":"Suspicious Activity Detected","context":"Security","user_id":15,"ip_address":"::1","data":{"indicators":["high_request_volume"],"ip_address":"::1","user_id":15,"user_agent":"Mozilla/5.0 (Windows NT 10.0; Win64; x64) AppleWebKit/537.36 (KHTML, like Gecko) Chrome/140.0.0.0 Safari/537.36","path":"api/auth/me","request_count":102},"timestamp":"2025-10-03T01:03:08.071965Z"} 
[2025-10-02 18:03:08] local.INFO: User Action {"action":"request_start","model":"API_Request","model_id":0,"user_id":15,"user_email":"proveedor@materialesconstruccion.mx","ip_address":"::1","user_agent":"Mozilla/5.0 (Windows NT 10.0; Win64; x64) AppleWebKit/537.36 (KHTML, like Gecko) Chrome/140.0.0.0 Safari/537.36","data":{"request_id":"req_68df20ccb597b3.83873033","method":"GET","path":"api/proveedores/4/solicitudes-pago","full_url":"http://localhost:8080/api/proveedores/4/solicitudes-pago?estado_solicitud=pendiente&order=desc&per_page=15&sort_by=fecha_registro_pendiente","ip_address":"::1","user_agent":"Mozilla/5.0 (Windows NT 10.0; Win64; x64) AppleWebKit/537.36 (KHTML, like Gecko) Chrome/140.0.0.0 Safari/537.36","referer":"http://localhost:4200/","user_id":15,"user_email":"proveedor@materialesconstruccion.mx","headers":{"host":["localhost:8080"],"connection":["keep-alive"],"sec-ch-ua-platform":["\"Windows\""],"authorization":"[HIDDEN]","sec-ch-ua":["\"Chromium\";v=\"140\", \"Not=A?Brand\";v=\"24\", \"Google Chrome\";v=\"140\""],"sec-ch-ua-mobile":["?0"],"access-control-allow-credentials":["true"],"user-agent":["Mozilla/5.0 (Windows NT 10.0; Win64; x64) AppleWebKit/537.36 (KHTML, like Gecko) Chrome/140.0.0.0 Safari/537.36"],"accept":["application/json, text/plain, */*"],"content-type":["application/json"],"origin":["http://localhost:4200"],"sec-fetch-site":["same-site"],"sec-fetch-mode":["cors"],"sec-fetch-dest":["empty"],"referer":["http://localhost:4200/"],"accept-encoding":["gzip, deflate, br, zstd"],"accept-language":["es-419,es;q=0.9"]},"query_params":{"estado_solicitud":"pendiente","per_page":"15","sort_by":"fecha_registro_pendiente","order":"desc"},"request_data":{"_proveedor_id":4,"_user_proveedor_relation":"PRINCIPAL","estado_solicitud":"pendiente","per_page":"15","sort_by":"fecha_registro_pendiente","order":"desc"},"request_size":0,"timestamp":"2025-10-03T01:03:08.743944Z"},"timestamp":"2025-10-03T01:03:08.744526Z"} 
[2025-10-02 18:03:08] local.INFO: User Action {"action":"request_end","model":"API_Request","model_id":0,"user_id":15,"user_email":"proveedor@materialesconstruccion.mx","ip_address":"::1","user_agent":"Mozilla/5.0 (Windows NT 10.0; Win64; x64) AppleWebKit/537.36 (KHTML, like Gecko) Chrome/140.0.0.0 Safari/537.36","data":{"request_id":"req_68df20ccb597b3.83873033","method":"GET","path":"api/proveedores/4/solicitudes-pago","status_code":200,"execution_time_ms":21.5,"response_size":9744,"memory_usage_mb":28.0,"memory_peak_mb":28.0,"user_id":15,"performance_category":"fast","response_headers":{"content_type":"application/json"}},"timestamp":"2025-10-03T01:03:08.765411Z"} 
[2025-10-02 18:03:08] local.ERROR: System Error {"error":"Suspicious Activity Detected","context":"Security","user_id":15,"ip_address":"::1","data":{"indicators":["high_request_volume"],"ip_address":"::1","user_id":15,"user_agent":"Mozilla/5.0 (Windows NT 10.0; Win64; x64) AppleWebKit/537.36 (KHTML, like Gecko) Chrome/140.0.0.0 Safari/537.36","path":"api/proveedores/4/solicitudes-pago","request_count":103},"timestamp":"2025-10-03T01:03:08.769361Z"} 
[2025-10-02 18:04:16] local.INFO: User Action {"action":"request_start","model":"API_Request","model_id":0,"user_id":15,"user_email":"proveedor@materialesconstruccion.mx","ip_address":"::1","user_agent":"Mozilla/5.0 (Windows NT 10.0; Win64; x64) AppleWebKit/537.36 (KHTML, like Gecko) Chrome/140.0.0.0 Safari/537.36","data":{"request_id":"req_68df2110a01505.33354860","method":"GET","path":"api/auth/me","full_url":"http://localhost:8080/api/auth/me","ip_address":"::1","user_agent":"Mozilla/5.0 (Windows NT 10.0; Win64; x64) AppleWebKit/537.36 (KHTML, like Gecko) Chrome/140.0.0.0 Safari/537.36","referer":"http://localhost:4200/","user_id":15,"user_email":"proveedor@materialesconstruccion.mx","headers":{"host":["localhost:8080"],"connection":["keep-alive"],"sec-ch-ua-platform":["\"Windows\""],"authorization":"[HIDDEN]","sec-ch-ua":["\"Chromium\";v=\"140\", \"Not=A?Brand\";v=\"24\", \"Google Chrome\";v=\"140\""],"sec-ch-ua-mobile":["?0"],"access-control-allow-credentials":["true"],"user-agent":["Mozilla/5.0 (Windows NT 10.0; Win64; x64) AppleWebKit/537.36 (KHTML, like Gecko) Chrome/140.0.0.0 Safari/537.36"],"accept":["application/json"],"content-type":["application/json"],"origin":["http://localhost:4200"],"sec-fetch-site":["same-site"],"sec-fetch-mode":["cors"],"sec-fetch-dest":["empty"],"referer":["http://localhost:4200/"],"accept-encoding":["gzip, deflate, br, zstd"],"accept-language":["es-419,es;q=0.9"]},"query_params":[],"request_data":[],"request_size":0,"timestamp":"2025-10-03T01:04:16.655804Z"},"timestamp":"2025-10-03T01:04:16.656274Z"} 
[2025-10-02 18:04:16] local.INFO: User Action {"action":"request_end","model":"API_Request","model_id":0,"user_id":15,"user_email":"proveedor@materialesconstruccion.mx","ip_address":"::1","user_agent":"Mozilla/5.0 (Windows NT 10.0; Win64; x64) AppleWebKit/537.36 (KHTML, like Gecko) Chrome/140.0.0.0 Safari/537.36","data":{"request_id":"req_68df2110a01505.33354860","method":"GET","path":"api/auth/me","status_code":200,"execution_time_ms":15.11,"response_size":1979,"memory_usage_mb":28.0,"memory_peak_mb":28.0,"user_id":15,"performance_category":"fast","response_headers":{"content_type":"application/json"}},"timestamp":"2025-10-03T01:04:16.670891Z"} 
[2025-10-02 18:04:16] local.ERROR: System Error {"error":"Suspicious Activity Detected","context":"Security","user_id":15,"ip_address":"::1","data":{"indicators":["high_request_volume"],"ip_address":"::1","user_id":15,"user_agent":"Mozilla/5.0 (Windows NT 10.0; Win64; x64) AppleWebKit/537.36 (KHTML, like Gecko) Chrome/140.0.0.0 Safari/537.36","path":"api/auth/me","request_count":104},"timestamp":"2025-10-03T01:04:16.675475Z"} 
[2025-10-02 18:04:17] local.INFO: User Action {"action":"request_start","model":"API_Request","model_id":0,"user_id":15,"user_email":"proveedor@materialesconstruccion.mx","ip_address":"::1","user_agent":"Mozilla/5.0 (Windows NT 10.0; Win64; x64) AppleWebKit/537.36 (KHTML, like Gecko) Chrome/140.0.0.0 Safari/537.36","data":{"request_id":"req_68df21114d5375.00520090","method":"GET","path":"api/notifications","full_url":"http://localhost:8080/api/notifications","ip_address":"::1","user_agent":"Mozilla/5.0 (Windows NT 10.0; Win64; x64) AppleWebKit/537.36 (KHTML, like Gecko) Chrome/140.0.0.0 Safari/537.36","referer":"http://localhost:4200/","user_id":15,"user_email":"proveedor@materialesconstruccion.mx","headers":{"host":["localhost:8080"],"connection":["keep-alive"],"sec-ch-ua-platform":["\"Windows\""],"authorization":"[HIDDEN]","sec-ch-ua":["\"Chromium\";v=\"140\", \"Not=A?Brand\";v=\"24\", \"Google Chrome\";v=\"140\""],"sec-ch-ua-mobile":["?0"],"access-control-allow-credentials":["true"],"user-agent":["Mozilla/5.0 (Windows NT 10.0; Win64; x64) AppleWebKit/537.36 (KHTML, like Gecko) Chrome/140.0.0.0 Safari/537.36"],"accept":["application/json, text/plain, */*"],"content-type":["application/json"],"origin":["http://localhost:4200"],"sec-fetch-site":["same-site"],"sec-fetch-mode":["cors"],"sec-fetch-dest":["empty"],"referer":["http://localhost:4200/"],"accept-encoding":["gzip, deflate, br, zstd"],"accept-language":["es-419,es;q=0.9"]},"query_params":[],"request_data":[],"request_size":0,"timestamp":"2025-10-03T01:04:17.316891Z"},"timestamp":"2025-10-03T01:04:17.317510Z"} 
[2025-10-02 18:04:17] local.INFO: User Action {"action":"request_end","model":"API_Request","model_id":0,"user_id":15,"user_email":"proveedor@materialesconstruccion.mx","ip_address":"::1","user_agent":"Mozilla/5.0 (Windows NT 10.0; Win64; x64) AppleWebKit/537.36 (KHTML, like Gecko) Chrome/140.0.0.0 Safari/537.36","data":{"request_id":"req_68df21114d5375.00520090","method":"GET","path":"api/notifications","status_code":200,"execution_time_ms":7.9,"response_size":558,"memory_usage_mb":26.0,"memory_peak_mb":26.0,"user_id":15,"performance_category":"fast","response_headers":{"content_type":"application/json"}},"timestamp":"2025-10-03T01:04:17.324690Z"} 
[2025-10-02 18:04:17] local.ERROR: System Error {"error":"Suspicious Activity Detected","context":"Security","user_id":15,"ip_address":"::1","data":{"indicators":["high_request_volume"],"ip_address":"::1","user_id":15,"user_agent":"Mozilla/5.0 (Windows NT 10.0; Win64; x64) AppleWebKit/537.36 (KHTML, like Gecko) Chrome/140.0.0.0 Safari/537.36","path":"api/notifications","request_count":105},"timestamp":"2025-10-03T01:04:17.328838Z"} 
[2025-10-02 18:04:17] local.INFO: User Action {"action":"request_start","model":"API_Request","model_id":0,"user_id":15,"user_email":"proveedor@materialesconstruccion.mx","ip_address":"::1","user_agent":"Mozilla/5.0 (Windows NT 10.0; Win64; x64) AppleWebKit/537.36 (KHTML, like Gecko) Chrome/140.0.0.0 Safari/537.36","data":{"request_id":"req_68df2111719dd5.89067664","method":"GET","path":"api/proveedores/user/15","full_url":"http://localhost:8080/api/proveedores/user/15","ip_address":"::1","user_agent":"Mozilla/5.0 (Windows NT 10.0; Win64; x64) AppleWebKit/537.36 (KHTML, like Gecko) Chrome/140.0.0.0 Safari/537.36","referer":"http://localhost:4200/","user_id":15,"user_email":"proveedor@materialesconstruccion.mx","headers":{"host":["localhost:8080"],"connection":["keep-alive"],"sec-ch-ua-platform":["\"Windows\""],"authorization":"[HIDDEN]","sec-ch-ua":["\"Chromium\";v=\"140\", \"Not=A?Brand\";v=\"24\", \"Google Chrome\";v=\"140\""],"sec-ch-ua-mobile":["?0"],"access-control-allow-credentials":["true"],"user-agent":["Mozilla/5.0 (Windows NT 10.0; Win64; x64) AppleWebKit/537.36 (KHTML, like Gecko) Chrome/140.0.0.0 Safari/537.36"],"accept":["application/json, text/plain, */*"],"content-type":["application/json"],"origin":["http://localhost:4200"],"sec-fetch-site":["same-site"],"sec-fetch-mode":["cors"],"sec-fetch-dest":["empty"],"referer":["http://localhost:4200/"],"accept-encoding":["gzip, deflate, br, zstd"],"accept-language":["es-419,es;q=0.9"]},"query_params":[],"request_data":[],"request_size":0,"timestamp":"2025-10-03T01:04:17.465466Z"},"timestamp":"2025-10-03T01:04:17.465826Z"} 
[2025-10-02 18:04:17] local.INFO: User Action {"action":"request_end","model":"API_Request","model_id":0,"user_id":15,"user_email":"proveedor@materialesconstruccion.mx","ip_address":"::1","user_agent":"Mozilla/5.0 (Windows NT 10.0; Win64; x64) AppleWebKit/537.36 (KHTML, like Gecko) Chrome/140.0.0.0 Safari/537.36","data":{"request_id":"req_68df2111719dd5.89067664","method":"GET","path":"api/proveedores/user/15","status_code":200,"execution_time_ms":10.91,"response_size":1566,"memory_usage_mb":28.0,"memory_peak_mb":28.0,"user_id":15,"performance_category":"fast","response_headers":{"content_type":"application/json"}},"timestamp":"2025-10-03T01:04:17.476348Z"} 
[2025-10-02 18:04:17] local.ERROR: System Error {"error":"Suspicious Activity Detected","context":"Security","user_id":15,"ip_address":"::1","data":{"indicators":["high_request_volume"],"ip_address":"::1","user_id":15,"user_agent":"Mozilla/5.0 (Windows NT 10.0; Win64; x64) AppleWebKit/537.36 (KHTML, like Gecko) Chrome/140.0.0.0 Safari/537.36","path":"api/proveedores/user/15","request_count":106},"timestamp":"2025-10-03T01:04:17.480583Z"} 
[2025-10-02 18:04:17] local.INFO: User Action {"action":"request_start","model":"API_Request","model_id":0,"user_id":15,"user_email":"proveedor@materialesconstruccion.mx","ip_address":"::1","user_agent":"Mozilla/5.0 (Windows NT 10.0; Win64; x64) AppleWebKit/537.36 (KHTML, like Gecko) Chrome/140.0.0.0 Safari/537.36","data":{"request_id":"req_68df211194b8c2.34199673","method":"GET","path":"api/auth/me","full_url":"http://localhost:8080/api/auth/me","ip_address":"::1","user_agent":"Mozilla/5.0 (Windows NT 10.0; Win64; x64) AppleWebKit/537.36 (KHTML, like Gecko) Chrome/140.0.0.0 Safari/537.36","referer":"http://localhost:4200/","user_id":15,"user_email":"proveedor@materialesconstruccion.mx","headers":{"host":["localhost:8080"],"connection":["keep-alive"],"sec-ch-ua-platform":["\"Windows\""],"authorization":"[HIDDEN]","sec-ch-ua":["\"Chromium\";v=\"140\", \"Not=A?Brand\";v=\"24\", \"Google Chrome\";v=\"140\""],"sec-ch-ua-mobile":["?0"],"access-control-allow-credentials":["true"],"user-agent":["Mozilla/5.0 (Windows NT 10.0; Win64; x64) AppleWebKit/537.36 (KHTML, like Gecko) Chrome/140.0.0.0 Safari/537.36"],"accept":["application/json"],"content-type":["application/json"],"origin":["http://localhost:4200"],"sec-fetch-site":["same-site"],"sec-fetch-mode":["cors"],"sec-fetch-dest":["empty"],"referer":["http://localhost:4200/"],"accept-encoding":["gzip, deflate, br, zstd"],"accept-language":["es-419,es;q=0.9"]},"query_params":[],"request_data":[],"request_size":0,"timestamp":"2025-10-03T01:04:17.609269Z"},"timestamp":"2025-10-03T01:04:17.609708Z"} 
[2025-10-02 18:04:17] local.INFO: User Action {"action":"request_end","model":"API_Request","model_id":0,"user_id":15,"user_email":"proveedor@materialesconstruccion.mx","ip_address":"::1","user_agent":"Mozilla/5.0 (Windows NT 10.0; Win64; x64) AppleWebKit/537.36 (KHTML, like Gecko) Chrome/140.0.0.0 Safari/537.36","data":{"request_id":"req_68df211194b8c2.34199673","method":"GET","path":"api/auth/me","status_code":200,"execution_time_ms":11.18,"response_size":1979,"memory_usage_mb":28.0,"memory_peak_mb":28.0,"user_id":15,"performance_category":"fast","response_headers":{"content_type":"application/json"}},"timestamp":"2025-10-03T01:04:17.620410Z"} 
[2025-10-02 18:04:17] local.ERROR: System Error {"error":"Suspicious Activity Detected","context":"Security","user_id":15,"ip_address":"::1","data":{"indicators":["high_request_volume"],"ip_address":"::1","user_id":15,"user_agent":"Mozilla/5.0 (Windows NT 10.0; Win64; x64) AppleWebKit/537.36 (KHTML, like Gecko) Chrome/140.0.0.0 Safari/537.36","path":"api/auth/me","request_count":107},"timestamp":"2025-10-03T01:04:17.623609Z"} 
[2025-10-02 18:04:18] local.INFO: User Action {"action":"request_start","model":"API_Request","model_id":0,"user_id":15,"user_email":"proveedor@materialesconstruccion.mx","ip_address":"::1","user_agent":"Mozilla/5.0 (Windows NT 10.0; Win64; x64) AppleWebKit/537.36 (KHTML, like Gecko) Chrome/140.0.0.0 Safari/537.36","data":{"request_id":"req_68df21121dd7f8.70791990","method":"GET","path":"api/proveedores/4/solicitudes-pago","full_url":"http://localhost:8080/api/proveedores/4/solicitudes-pago?estado_solicitud=pendiente&order=desc&per_page=15&sort_by=fecha_registro_pendiente","ip_address":"::1","user_agent":"Mozilla/5.0 (Windows NT 10.0; Win64; x64) AppleWebKit/537.36 (KHTML, like Gecko) Chrome/140.0.0.0 Safari/537.36","referer":"http://localhost:4200/","user_id":15,"user_email":"proveedor@materialesconstruccion.mx","headers":{"host":["localhost:8080"],"connection":["keep-alive"],"sec-ch-ua-platform":["\"Windows\""],"authorization":"[HIDDEN]","sec-ch-ua":["\"Chromium\";v=\"140\", \"Not=A?Brand\";v=\"24\", \"Google Chrome\";v=\"140\""],"sec-ch-ua-mobile":["?0"],"access-control-allow-credentials":["true"],"user-agent":["Mozilla/5.0 (Windows NT 10.0; Win64; x64) AppleWebKit/537.36 (KHTML, like Gecko) Chrome/140.0.0.0 Safari/537.36"],"accept":["application/json, text/plain, */*"],"content-type":["application/json"],"origin":["http://localhost:4200"],"sec-fetch-site":["same-site"],"sec-fetch-mode":["cors"],"sec-fetch-dest":["empty"],"referer":["http://localhost:4200/"],"accept-encoding":["gzip, deflate, br, zstd"],"accept-language":["es-419,es;q=0.9"]},"query_params":{"estado_solicitud":"pendiente","per_page":"15","sort_by":"fecha_registro_pendiente","order":"desc"},"request_data":{"_proveedor_id":4,"_user_proveedor_relation":"PRINCIPAL","estado_solicitud":"pendiente","per_page":"15","sort_by":"fecha_registro_pendiente","order":"desc"},"request_size":0,"timestamp":"2025-10-03T01:04:18.122344Z"},"timestamp":"2025-10-03T01:04:18.122767Z"} 
[2025-10-02 18:04:18] local.INFO: User Action {"action":"request_end","model":"API_Request","model_id":0,"user_id":15,"user_email":"proveedor@materialesconstruccion.mx","ip_address":"::1","user_agent":"Mozilla/5.0 (Windows NT 10.0; Win64; x64) AppleWebKit/537.36 (KHTML, like Gecko) Chrome/140.0.0.0 Safari/537.36","data":{"request_id":"req_68df21121dd7f8.70791990","method":"GET","path":"api/proveedores/4/solicitudes-pago","status_code":200,"execution_time_ms":12.14,"response_size":9744,"memory_usage_mb":28.0,"memory_peak_mb":28.0,"user_id":15,"performance_category":"fast","response_headers":{"content_type":"application/json"}},"timestamp":"2025-10-03T01:04:18.134451Z"} 
[2025-10-02 18:04:18] local.ERROR: System Error {"error":"Suspicious Activity Detected","context":"Security","user_id":15,"ip_address":"::1","data":{"indicators":["high_request_volume"],"ip_address":"::1","user_id":15,"user_agent":"Mozilla/5.0 (Windows NT 10.0; Win64; x64) AppleWebKit/537.36 (KHTML, like Gecko) Chrome/140.0.0.0 Safari/537.36","path":"api/proveedores/4/solicitudes-pago","request_count":108},"timestamp":"2025-10-03T01:04:18.137616Z"} 
[2025-10-02 18:04:23] local.INFO: User Action {"action":"request_start","model":"API_Request","model_id":0,"user_id":15,"user_email":"proveedor@materialesconstruccion.mx","ip_address":"::1","user_agent":"Mozilla/5.0 (Windows NT 10.0; Win64; x64) AppleWebKit/537.36 (KHTML, like Gecko) Chrome/140.0.0.0 Safari/537.36","data":{"request_id":"req_68df2117dbc0e2.70895271","method":"GET","path":"api/auth/me","full_url":"http://localhost:8080/api/auth/me","ip_address":"::1","user_agent":"Mozilla/5.0 (Windows NT 10.0; Win64; x64) AppleWebKit/537.36 (KHTML, like Gecko) Chrome/140.0.0.0 Safari/537.36","referer":"http://localhost:4200/","user_id":15,"user_email":"proveedor@materialesconstruccion.mx","headers":{"host":["localhost:8080"],"connection":["keep-alive"],"sec-ch-ua-platform":["\"Windows\""],"authorization":"[HIDDEN]","sec-ch-ua":["\"Chromium\";v=\"140\", \"Not=A?Brand\";v=\"24\", \"Google Chrome\";v=\"140\""],"sec-ch-ua-mobile":["?0"],"access-control-allow-credentials":["true"],"user-agent":["Mozilla/5.0 (Windows NT 10.0; Win64; x64) AppleWebKit/537.36 (KHTML, like Gecko) Chrome/140.0.0.0 Safari/537.36"],"accept":["application/json"],"content-type":["application/json"],"origin":["http://localhost:4200"],"sec-fetch-site":["same-site"],"sec-fetch-mode":["cors"],"sec-fetch-dest":["empty"],"referer":["http://localhost:4200/"],"accept-encoding":["gzip, deflate, br, zstd"],"accept-language":["es-419,es;q=0.9"]},"query_params":[],"request_data":[],"request_size":0,"timestamp":"2025-10-03T01:04:23.900430Z"},"timestamp":"2025-10-03T01:04:23.900803Z"} 
[2025-10-02 18:04:23] local.INFO: User Action {"action":"request_end","model":"API_Request","model_id":0,"user_id":15,"user_email":"proveedor@materialesconstruccion.mx","ip_address":"::1","user_agent":"Mozilla/5.0 (Windows NT 10.0; Win64; x64) AppleWebKit/537.36 (KHTML, like Gecko) Chrome/140.0.0.0 Safari/537.36","data":{"request_id":"req_68df2117dbc0e2.70895271","method":"GET","path":"api/auth/me","status_code":200,"execution_time_ms":11.57,"response_size":1979,"memory_usage_mb":28.0,"memory_peak_mb":28.0,"user_id":15,"performance_category":"fast","response_headers":{"content_type":"application/json"}},"timestamp":"2025-10-03T01:04:23.911751Z"} 
[2025-10-02 18:04:23] local.ERROR: System Error {"error":"Suspicious Activity Detected","context":"Security","user_id":15,"ip_address":"::1","data":{"indicators":["high_request_volume"],"ip_address":"::1","user_id":15,"user_agent":"Mozilla/5.0 (Windows NT 10.0; Win64; x64) AppleWebKit/537.36 (KHTML, like Gecko) Chrome/140.0.0.0 Safari/537.36","path":"api/auth/me","request_count":109},"timestamp":"2025-10-03T01:04:23.915108Z"} 
[2025-10-02 18:04:24] local.INFO: User Action {"action":"request_start","model":"API_Request","model_id":0,"user_id":15,"user_email":"proveedor@materialesconstruccion.mx","ip_address":"::1","user_agent":"Mozilla/5.0 (Windows NT 10.0; Win64; x64) AppleWebKit/537.36 (KHTML, like Gecko) Chrome/140.0.0.0 Safari/537.36","data":{"request_id":"req_68df21188ce358.91706792","method":"GET","path":"api/notifications","full_url":"http://localhost:8080/api/notifications","ip_address":"::1","user_agent":"Mozilla/5.0 (Windows NT 10.0; Win64; x64) AppleWebKit/537.36 (KHTML, like Gecko) Chrome/140.0.0.0 Safari/537.36","referer":"http://localhost:4200/","user_id":15,"user_email":"proveedor@materialesconstruccion.mx","headers":{"host":["localhost:8080"],"connection":["keep-alive"],"sec-ch-ua-platform":["\"Windows\""],"authorization":"[HIDDEN]","sec-ch-ua":["\"Chromium\";v=\"140\", \"Not=A?Brand\";v=\"24\", \"Google Chrome\";v=\"140\""],"sec-ch-ua-mobile":["?0"],"access-control-allow-credentials":["true"],"user-agent":["Mozilla/5.0 (Windows NT 10.0; Win64; x64) AppleWebKit/537.36 (KHTML, like Gecko) Chrome/140.0.0.0 Safari/537.36"],"accept":["application/json, text/plain, */*"],"content-type":["application/json"],"origin":["http://localhost:4200"],"sec-fetch-site":["same-site"],"sec-fetch-mode":["cors"],"sec-fetch-dest":["empty"],"referer":["http://localhost:4200/"],"accept-encoding":["gzip, deflate, br, zstd"],"accept-language":["es-419,es;q=0.9"]},"query_params":[],"request_data":[],"request_size":0,"timestamp":"2025-10-03T01:04:24.577456Z"},"timestamp":"2025-10-03T01:04:24.578115Z"} 
[2025-10-02 18:04:24] local.INFO: User Action {"action":"request_end","model":"API_Request","model_id":0,"user_id":15,"user_email":"proveedor@materialesconstruccion.mx","ip_address":"::1","user_agent":"Mozilla/5.0 (Windows NT 10.0; Win64; x64) AppleWebKit/537.36 (KHTML, like Gecko) Chrome/140.0.0.0 Safari/537.36","data":{"request_id":"req_68df21188ce358.91706792","method":"GET","path":"api/notifications","status_code":200,"execution_time_ms":7.29,"response_size":558,"memory_usage_mb":26.0,"memory_peak_mb":26.0,"user_id":15,"performance_category":"fast","response_headers":{"content_type":"application/json"}},"timestamp":"2025-10-03T01:04:24.584421Z"} 
[2025-10-02 18:04:24] local.ERROR: System Error {"error":"Suspicious Activity Detected","context":"Security","user_id":15,"ip_address":"::1","data":{"indicators":["high_request_volume"],"ip_address":"::1","user_id":15,"user_agent":"Mozilla/5.0 (Windows NT 10.0; Win64; x64) AppleWebKit/537.36 (KHTML, like Gecko) Chrome/140.0.0.0 Safari/537.36","path":"api/notifications","request_count":110},"timestamp":"2025-10-03T01:04:24.587484Z"} 
[2025-10-02 18:04:24] local.INFO: User Action {"action":"request_start","model":"API_Request","model_id":0,"user_id":15,"user_email":"proveedor@materialesconstruccion.mx","ip_address":"::1","user_agent":"Mozilla/5.0 (Windows NT 10.0; Win64; x64) AppleWebKit/537.36 (KHTML, like Gecko) Chrome/140.0.0.0 Safari/537.36","data":{"request_id":"req_68df2118ae3a06.53038283","method":"GET","path":"api/proveedores/user/15","full_url":"http://localhost:8080/api/proveedores/user/15","ip_address":"::1","user_agent":"Mozilla/5.0 (Windows NT 10.0; Win64; x64) AppleWebKit/537.36 (KHTML, like Gecko) Chrome/140.0.0.0 Safari/537.36","referer":"http://localhost:4200/","user_id":15,"user_email":"proveedor@materialesconstruccion.mx","headers":{"host":["localhost:8080"],"connection":["keep-alive"],"sec-ch-ua-platform":["\"Windows\""],"authorization":"[HIDDEN]","sec-ch-ua":["\"Chromium\";v=\"140\", \"Not=A?Brand\";v=\"24\", \"Google Chrome\";v=\"140\""],"sec-ch-ua-mobile":["?0"],"access-control-allow-credentials":["true"],"user-agent":["Mozilla/5.0 (Windows NT 10.0; Win64; x64) AppleWebKit/537.36 (KHTML, like Gecko) Chrome/140.0.0.0 Safari/537.36"],"accept":["application/json, text/plain, */*"],"content-type":["application/json"],"origin":["http://localhost:4200"],"sec-fetch-site":["same-site"],"sec-fetch-mode":["cors"],"sec-fetch-dest":["empty"],"referer":["http://localhost:4200/"],"accept-encoding":["gzip, deflate, br, zstd"],"accept-language":["es-419,es;q=0.9"]},"query_params":[],"request_data":[],"request_size":0,"timestamp":"2025-10-03T01:04:24.713726Z"},"timestamp":"2025-10-03T01:04:24.714110Z"} 
[2025-10-02 18:04:24] local.INFO: User Action {"action":"request_end","model":"API_Request","model_id":0,"user_id":15,"user_email":"proveedor@materialesconstruccion.mx","ip_address":"::1","user_agent":"Mozilla/5.0 (Windows NT 10.0; Win64; x64) AppleWebKit/537.36 (KHTML, like Gecko) Chrome/140.0.0.0 Safari/537.36","data":{"request_id":"req_68df2118ae3a06.53038283","method":"GET","path":"api/proveedores/user/15","status_code":200,"execution_time_ms":10.31,"response_size":1566,"memory_usage_mb":28.0,"memory_peak_mb":28.0,"user_id":15,"performance_category":"fast","response_headers":{"content_type":"application/json"}},"timestamp":"2025-10-03T01:04:24.724014Z"} 
[2025-10-02 18:04:24] local.ERROR: System Error {"error":"Suspicious Activity Detected","context":"Security","user_id":15,"ip_address":"::1","data":{"indicators":["high_request_volume"],"ip_address":"::1","user_id":15,"user_agent":"Mozilla/5.0 (Windows NT 10.0; Win64; x64) AppleWebKit/537.36 (KHTML, like Gecko) Chrome/140.0.0.0 Safari/537.36","path":"api/proveedores/user/15","request_count":111},"timestamp":"2025-10-03T01:04:24.727463Z"} 
[2025-10-02 18:04:24] local.INFO: User Action {"action":"request_start","model":"API_Request","model_id":0,"user_id":15,"user_email":"proveedor@materialesconstruccion.mx","ip_address":"::1","user_agent":"Mozilla/5.0 (Windows NT 10.0; Win64; x64) AppleWebKit/537.36 (KHTML, like Gecko) Chrome/140.0.0.0 Safari/537.36","data":{"request_id":"req_68df2118d5ad53.19537607","method":"GET","path":"api/auth/me","full_url":"http://localhost:8080/api/auth/me","ip_address":"::1","user_agent":"Mozilla/5.0 (Windows NT 10.0; Win64; x64) AppleWebKit/537.36 (KHTML, like Gecko) Chrome/140.0.0.0 Safari/537.36","referer":"http://localhost:4200/","user_id":15,"user_email":"proveedor@materialesconstruccion.mx","headers":{"host":["localhost:8080"],"connection":["keep-alive"],"sec-ch-ua-platform":["\"Windows\""],"authorization":"[HIDDEN]","sec-ch-ua":["\"Chromium\";v=\"140\", \"Not=A?Brand\";v=\"24\", \"Google Chrome\";v=\"140\""],"sec-ch-ua-mobile":["?0"],"access-control-allow-credentials":["true"],"user-agent":["Mozilla/5.0 (Windows NT 10.0; Win64; x64) AppleWebKit/537.36 (KHTML, like Gecko) Chrome/140.0.0.0 Safari/537.36"],"accept":["application/json"],"content-type":["application/json"],"origin":["http://localhost:4200"],"sec-fetch-site":["same-site"],"sec-fetch-mode":["cors"],"sec-fetch-dest":["empty"],"referer":["http://localhost:4200/"],"accept-encoding":["gzip, deflate, br, zstd"],"accept-language":["es-419,es;q=0.9"]},"query_params":[],"request_data":[],"request_size":0,"timestamp":"2025-10-03T01:04:24.875319Z"},"timestamp":"2025-10-03T01:04:24.875674Z"} 
[2025-10-02 18:04:24] local.INFO: User Action {"action":"request_end","model":"API_Request","model_id":0,"user_id":15,"user_email":"proveedor@materialesconstruccion.mx","ip_address":"::1","user_agent":"Mozilla/5.0 (Windows NT 10.0; Win64; x64) AppleWebKit/537.36 (KHTML, like Gecko) Chrome/140.0.0.0 Safari/537.36","data":{"request_id":"req_68df2118d5ad53.19537607","method":"GET","path":"api/auth/me","status_code":200,"execution_time_ms":11.14,"response_size":1979,"memory_usage_mb":28.0,"memory_peak_mb":28.0,"user_id":15,"performance_category":"fast","response_headers":{"content_type":"application/json"}},"timestamp":"2025-10-03T01:04:24.886421Z"} 
[2025-10-02 18:04:24] local.ERROR: System Error {"error":"Suspicious Activity Detected","context":"Security","user_id":15,"ip_address":"::1","data":{"indicators":["high_request_volume"],"ip_address":"::1","user_id":15,"user_agent":"Mozilla/5.0 (Windows NT 10.0; Win64; x64) AppleWebKit/537.36 (KHTML, like Gecko) Chrome/140.0.0.0 Safari/537.36","path":"api/auth/me","request_count":112},"timestamp":"2025-10-03T01:04:24.891117Z"} 
[2025-10-02 18:04:25] local.INFO: User Action {"action":"request_start","model":"API_Request","model_id":0,"user_id":15,"user_email":"proveedor@materialesconstruccion.mx","ip_address":"::1","user_agent":"Mozilla/5.0 (Windows NT 10.0; Win64; x64) AppleWebKit/537.36 (KHTML, like Gecko) Chrome/140.0.0.0 Safari/537.36","data":{"request_id":"req_68df21195e3613.54930672","method":"GET","path":"api/proveedores/4/solicitudes-pago","full_url":"http://localhost:8080/api/proveedores/4/solicitudes-pago?estado_solicitud=pendiente&order=desc&per_page=15&sort_by=fecha_registro_pendiente","ip_address":"::1","user_agent":"Mozilla/5.0 (Windows NT 10.0; Win64; x64) AppleWebKit/537.36 (KHTML, like Gecko) Chrome/140.0.0.0 Safari/537.36","referer":"http://localhost:4200/","user_id":15,"user_email":"proveedor@materialesconstruccion.mx","headers":{"host":["localhost:8080"],"connection":["keep-alive"],"sec-ch-ua-platform":["\"Windows\""],"authorization":"[HIDDEN]","sec-ch-ua":["\"Chromium\";v=\"140\", \"Not=A?Brand\";v=\"24\", \"Google Chrome\";v=\"140\""],"sec-ch-ua-mobile":["?0"],"access-control-allow-credentials":["true"],"user-agent":["Mozilla/5.0 (Windows NT 10.0; Win64; x64) AppleWebKit/537.36 (KHTML, like Gecko) Chrome/140.0.0.0 Safari/537.36"],"accept":["application/json, text/plain, */*"],"content-type":["application/json"],"origin":["http://localhost:4200"],"sec-fetch-site":["same-site"],"sec-fetch-mode":["cors"],"sec-fetch-dest":["empty"],"referer":["http://localhost:4200/"],"accept-encoding":["gzip, deflate, br, zstd"],"accept-language":["es-419,es;q=0.9"]},"query_params":{"estado_solicitud":"pendiente","per_page":"15","sort_by":"fecha_registro_pendiente","order":"desc"},"request_data":{"_proveedor_id":4,"_user_proveedor_relation":"PRINCIPAL","estado_solicitud":"pendiente","per_page":"15","sort_by":"fecha_registro_pendiente","order":"desc"},"request_size":0,"timestamp":"2025-10-03T01:04:25.386008Z"},"timestamp":"2025-10-03T01:04:25.386407Z"} 
[2025-10-02 18:04:25] local.INFO: User Action {"action":"request_end","model":"API_Request","model_id":0,"user_id":15,"user_email":"proveedor@materialesconstruccion.mx","ip_address":"::1","user_agent":"Mozilla/5.0 (Windows NT 10.0; Win64; x64) AppleWebKit/537.36 (KHTML, like Gecko) Chrome/140.0.0.0 Safari/537.36","data":{"request_id":"req_68df21195e3613.54930672","method":"GET","path":"api/proveedores/4/solicitudes-pago","status_code":200,"execution_time_ms":14.45,"response_size":9744,"memory_usage_mb":28.0,"memory_peak_mb":28.0,"user_id":15,"performance_category":"fast","response_headers":{"content_type":"application/json"}},"timestamp":"2025-10-03T01:04:25.400427Z"} 
[2025-10-02 18:04:25] local.ERROR: System Error {"error":"Suspicious Activity Detected","context":"Security","user_id":15,"ip_address":"::1","data":{"indicators":["high_request_volume"],"ip_address":"::1","user_id":15,"user_agent":"Mozilla/5.0 (Windows NT 10.0; Win64; x64) AppleWebKit/537.36 (KHTML, like Gecko) Chrome/140.0.0.0 Safari/537.36","path":"api/proveedores/4/solicitudes-pago","request_count":113},"timestamp":"2025-10-03T01:04:25.403709Z"} 
[2025-10-02 18:04:30] local.INFO: User Action {"action":"request_start","model":"API_Request","model_id":0,"user_id":15,"user_email":"proveedor@materialesconstruccion.mx","ip_address":"::1","user_agent":"Mozilla/5.0 (Windows NT 10.0; Win64; x64) AppleWebKit/537.36 (KHTML, like Gecko) Chrome/140.0.0.0 Safari/537.36","data":{"request_id":"req_68df211ec1b363.48364053","method":"GET","path":"api/auth/me","full_url":"http://localhost:8080/api/auth/me","ip_address":"::1","user_agent":"Mozilla/5.0 (Windows NT 10.0; Win64; x64) AppleWebKit/537.36 (KHTML, like Gecko) Chrome/140.0.0.0 Safari/537.36","referer":"http://localhost:4200/","user_id":15,"user_email":"proveedor@materialesconstruccion.mx","headers":{"host":["localhost:8080"],"connection":["keep-alive"],"sec-ch-ua-platform":["\"Windows\""],"authorization":"[HIDDEN]","sec-ch-ua":["\"Chromium\";v=\"140\", \"Not=A?Brand\";v=\"24\", \"Google Chrome\";v=\"140\""],"sec-ch-ua-mobile":["?0"],"access-control-allow-credentials":["true"],"user-agent":["Mozilla/5.0 (Windows NT 10.0; Win64; x64) AppleWebKit/537.36 (KHTML, like Gecko) Chrome/140.0.0.0 Safari/537.36"],"accept":["application/json"],"content-type":["application/json"],"origin":["http://localhost:4200"],"sec-fetch-site":["same-site"],"sec-fetch-mode":["cors"],"sec-fetch-dest":["empty"],"referer":["http://localhost:4200/"],"accept-encoding":["gzip, deflate, br, zstd"],"accept-language":["es-419,es;q=0.9"]},"query_params":[],"request_data":[],"request_size":0,"timestamp":"2025-10-03T01:04:30.793506Z"},"timestamp":"2025-10-03T01:04:30.793870Z"} 
[2025-10-02 18:04:30] local.INFO: User Action {"action":"request_end","model":"API_Request","model_id":0,"user_id":15,"user_email":"proveedor@materialesconstruccion.mx","ip_address":"::1","user_agent":"Mozilla/5.0 (Windows NT 10.0; Win64; x64) AppleWebKit/537.36 (KHTML, like Gecko) Chrome/140.0.0.0 Safari/537.36","data":{"request_id":"req_68df211ec1b363.48364053","method":"GET","path":"api/auth/me","status_code":200,"execution_time_ms":11.33,"response_size":1979,"memory_usage_mb":28.0,"memory_peak_mb":28.0,"user_id":15,"performance_category":"fast","response_headers":{"content_type":"application/json"}},"timestamp":"2025-10-03T01:04:30.804791Z"} 
[2025-10-02 18:04:30] local.ERROR: System Error {"error":"Suspicious Activity Detected","context":"Security","user_id":15,"ip_address":"::1","data":{"indicators":["high_request_volume"],"ip_address":"::1","user_id":15,"user_agent":"Mozilla/5.0 (Windows NT 10.0; Win64; x64) AppleWebKit/537.36 (KHTML, like Gecko) Chrome/140.0.0.0 Safari/537.36","path":"api/auth/me","request_count":114},"timestamp":"2025-10-03T01:04:30.807815Z"} 
[2025-10-02 18:04:31] local.INFO: User Action {"action":"request_start","model":"API_Request","model_id":0,"user_id":15,"user_email":"proveedor@materialesconstruccion.mx","ip_address":"::1","user_agent":"Mozilla/5.0 (Windows NT 10.0; Win64; x64) AppleWebKit/537.36 (KHTML, like Gecko) Chrome/140.0.0.0 Safari/537.36","data":{"request_id":"req_68df211f6e1985.60055026","method":"GET","path":"api/notifications","full_url":"http://localhost:8080/api/notifications","ip_address":"::1","user_agent":"Mozilla/5.0 (Windows NT 10.0; Win64; x64) AppleWebKit/537.36 (KHTML, like Gecko) Chrome/140.0.0.0 Safari/537.36","referer":"http://localhost:4200/","user_id":15,"user_email":"proveedor@materialesconstruccion.mx","headers":{"host":["localhost:8080"],"connection":["keep-alive"],"sec-ch-ua-platform":["\"Windows\""],"authorization":"[HIDDEN]","sec-ch-ua":["\"Chromium\";v=\"140\", \"Not=A?Brand\";v=\"24\", \"Google Chrome\";v=\"140\""],"sec-ch-ua-mobile":["?0"],"access-control-allow-credentials":["true"],"user-agent":["Mozilla/5.0 (Windows NT 10.0; Win64; x64) AppleWebKit/537.36 (KHTML, like Gecko) Chrome/140.0.0.0 Safari/537.36"],"accept":["application/json, text/plain, */*"],"content-type":["application/json"],"origin":["http://localhost:4200"],"sec-fetch-site":["same-site"],"sec-fetch-mode":["cors"],"sec-fetch-dest":["empty"],"referer":["http://localhost:4200/"],"accept-encoding":["gzip, deflate, br, zstd"],"accept-language":["es-419,es;q=0.9"]},"query_params":[],"request_data":[],"request_size":0,"timestamp":"2025-10-03T01:04:31.451081Z"},"timestamp":"2025-10-03T01:04:31.451445Z"} 
[2025-10-02 18:04:31] local.INFO: User Action {"action":"request_end","model":"API_Request","model_id":0,"user_id":15,"user_email":"proveedor@materialesconstruccion.mx","ip_address":"::1","user_agent":"Mozilla/5.0 (Windows NT 10.0; Win64; x64) AppleWebKit/537.36 (KHTML, like Gecko) Chrome/140.0.0.0 Safari/537.36","data":{"request_id":"req_68df211f6e1985.60055026","method":"GET","path":"api/notifications","status_code":200,"execution_time_ms":7.86,"response_size":558,"memory_usage_mb":26.0,"memory_peak_mb":26.0,"user_id":15,"performance_category":"fast","response_headers":{"content_type":"application/json"}},"timestamp":"2025-10-03T01:04:31.458902Z"} 
[2025-10-02 18:04:31] local.ERROR: System Error {"error":"Suspicious Activity Detected","context":"Security","user_id":15,"ip_address":"::1","data":{"indicators":["high_request_volume"],"ip_address":"::1","user_id":15,"user_agent":"Mozilla/5.0 (Windows NT 10.0; Win64; x64) AppleWebKit/537.36 (KHTML, like Gecko) Chrome/140.0.0.0 Safari/537.36","path":"api/notifications","request_count":115},"timestamp":"2025-10-03T01:04:31.462295Z"} 
[2025-10-02 18:04:31] local.INFO: User Action {"action":"request_start","model":"API_Request","model_id":0,"user_id":15,"user_email":"proveedor@materialesconstruccion.mx","ip_address":"::1","user_agent":"Mozilla/5.0 (Windows NT 10.0; Win64; x64) AppleWebKit/537.36 (KHTML, like Gecko) Chrome/140.0.0.0 Safari/537.36","data":{"request_id":"req_68df211f9155a3.75383333","method":"GET","path":"api/proveedores/user/15","full_url":"http://localhost:8080/api/proveedores/user/15","ip_address":"::1","user_agent":"Mozilla/5.0 (Windows NT 10.0; Win64; x64) AppleWebKit/537.36 (KHTML, like Gecko) Chrome/140.0.0.0 Safari/537.36","referer":"http://localhost:4200/","user_id":15,"user_email":"proveedor@materialesconstruccion.mx","headers":{"host":["localhost:8080"],"connection":["keep-alive"],"sec-ch-ua-platform":["\"Windows\""],"authorization":"[HIDDEN]","sec-ch-ua":["\"Chromium\";v=\"140\", \"Not=A?Brand\";v=\"24\", \"Google Chrome\";v=\"140\""],"sec-ch-ua-mobile":["?0"],"access-control-allow-credentials":["true"],"user-agent":["Mozilla/5.0 (Windows NT 10.0; Win64; x64) AppleWebKit/537.36 (KHTML, like Gecko) Chrome/140.0.0.0 Safari/537.36"],"accept":["application/json, text/plain, */*"],"content-type":["application/json"],"origin":["http://localhost:4200"],"sec-fetch-site":["same-site"],"sec-fetch-mode":["cors"],"sec-fetch-dest":["empty"],"referer":["http://localhost:4200/"],"accept-encoding":["gzip, deflate, br, zstd"],"accept-language":["es-419,es;q=0.9"]},"query_params":[],"request_data":[],"request_size":0,"timestamp":"2025-10-03T01:04:31.595382Z"},"timestamp":"2025-10-03T01:04:31.595753Z"} 
[2025-10-02 18:04:31] local.INFO: User Action {"action":"request_end","model":"API_Request","model_id":0,"user_id":15,"user_email":"proveedor@materialesconstruccion.mx","ip_address":"::1","user_agent":"Mozilla/5.0 (Windows NT 10.0; Win64; x64) AppleWebKit/537.36 (KHTML, like Gecko) Chrome/140.0.0.0 Safari/537.36","data":{"request_id":"req_68df211f9155a3.75383333","method":"GET","path":"api/proveedores/user/15","status_code":200,"execution_time_ms":14.73,"response_size":1566,"memory_usage_mb":28.0,"memory_peak_mb":28.0,"user_id":15,"performance_category":"fast","response_headers":{"content_type":"application/json"}},"timestamp":"2025-10-03T01:04:31.610098Z"} 
[2025-10-02 18:04:31] local.ERROR: System Error {"error":"Suspicious Activity Detected","context":"Security","user_id":15,"ip_address":"::1","data":{"indicators":["high_request_volume"],"ip_address":"::1","user_id":15,"user_agent":"Mozilla/5.0 (Windows NT 10.0; Win64; x64) AppleWebKit/537.36 (KHTML, like Gecko) Chrome/140.0.0.0 Safari/537.36","path":"api/proveedores/user/15","request_count":116},"timestamp":"2025-10-03T01:04:31.613673Z"} 
[2025-10-02 18:04:31] local.INFO: User Action {"action":"request_start","model":"API_Request","model_id":0,"user_id":15,"user_email":"proveedor@materialesconstruccion.mx","ip_address":"::1","user_agent":"Mozilla/5.0 (Windows NT 10.0; Win64; x64) AppleWebKit/537.36 (KHTML, like Gecko) Chrome/140.0.0.0 Safari/537.36","data":{"request_id":"req_68df211fb546f1.15799378","method":"GET","path":"api/auth/me","full_url":"http://localhost:8080/api/auth/me","ip_address":"::1","user_agent":"Mozilla/5.0 (Windows NT 10.0; Win64; x64) AppleWebKit/537.36 (KHTML, like Gecko) Chrome/140.0.0.0 Safari/537.36","referer":"http://localhost:4200/","user_id":15,"user_email":"proveedor@materialesconstruccion.mx","headers":{"host":["localhost:8080"],"connection":["keep-alive"],"sec-ch-ua-platform":["\"Windows\""],"authorization":"[HIDDEN]","sec-ch-ua":["\"Chromium\";v=\"140\", \"Not=A?Brand\";v=\"24\", \"Google Chrome\";v=\"140\""],"sec-ch-ua-mobile":["?0"],"access-control-allow-credentials":["true"],"user-agent":["Mozilla/5.0 (Windows NT 10.0; Win64; x64) AppleWebKit/537.36 (KHTML, like Gecko) Chrome/140.0.0.0 Safari/537.36"],"accept":["application/json"],"content-type":["application/json"],"origin":["http://localhost:4200"],"sec-fetch-site":["same-site"],"sec-fetch-mode":["cors"],"sec-fetch-dest":["empty"],"referer":["http://localhost:4200/"],"accept-encoding":["gzip, deflate, br, zstd"],"accept-language":["es-419,es;q=0.9"]},"query_params":[],"request_data":[],"request_size":0,"timestamp":"2025-10-03T01:04:31.742612Z"},"timestamp":"2025-10-03T01:04:31.742945Z"} 
[2025-10-02 18:04:31] local.INFO: User Action {"action":"request_end","model":"API_Request","model_id":0,"user_id":15,"user_email":"proveedor@materialesconstruccion.mx","ip_address":"::1","user_agent":"Mozilla/5.0 (Windows NT 10.0; Win64; x64) AppleWebKit/537.36 (KHTML, like Gecko) Chrome/140.0.0.0 Safari/537.36","data":{"request_id":"req_68df211fb546f1.15799378","method":"GET","path":"api/auth/me","status_code":200,"execution_time_ms":11.05,"response_size":1979,"memory_usage_mb":28.0,"memory_peak_mb":28.0,"user_id":15,"performance_category":"fast","response_headers":{"content_type":"application/json"}},"timestamp":"2025-10-03T01:04:31.753630Z"} 
[2025-10-02 18:04:31] local.ERROR: System Error {"error":"Suspicious Activity Detected","context":"Security","user_id":15,"ip_address":"::1","data":{"indicators":["high_request_volume"],"ip_address":"::1","user_id":15,"user_agent":"Mozilla/5.0 (Windows NT 10.0; Win64; x64) AppleWebKit/537.36 (KHTML, like Gecko) Chrome/140.0.0.0 Safari/537.36","path":"api/auth/me","request_count":117},"timestamp":"2025-10-03T01:04:31.756831Z"} 
[2025-10-02 18:04:32] local.INFO: User Action {"action":"request_start","model":"API_Request","model_id":0,"user_id":15,"user_email":"proveedor@materialesconstruccion.mx","ip_address":"::1","user_agent":"Mozilla/5.0 (Windows NT 10.0; Win64; x64) AppleWebKit/537.36 (KHTML, like Gecko) Chrome/140.0.0.0 Safari/537.36","data":{"request_id":"req_68df212040b3a5.77097541","method":"GET","path":"api/proveedores/4/solicitudes-pago","full_url":"http://localhost:8080/api/proveedores/4/solicitudes-pago?estado_solicitud=pendiente&order=desc&per_page=15&sort_by=fecha_registro_pendiente","ip_address":"::1","user_agent":"Mozilla/5.0 (Windows NT 10.0; Win64; x64) AppleWebKit/537.36 (KHTML, like Gecko) Chrome/140.0.0.0 Safari/537.36","referer":"http://localhost:4200/","user_id":15,"user_email":"proveedor@materialesconstruccion.mx","headers":{"host":["localhost:8080"],"connection":["keep-alive"],"sec-ch-ua-platform":["\"Windows\""],"authorization":"[HIDDEN]","sec-ch-ua":["\"Chromium\";v=\"140\", \"Not=A?Brand\";v=\"24\", \"Google Chrome\";v=\"140\""],"sec-ch-ua-mobile":["?0"],"access-control-allow-credentials":["true"],"user-agent":["Mozilla/5.0 (Windows NT 10.0; Win64; x64) AppleWebKit/537.36 (KHTML, like Gecko) Chrome/140.0.0.0 Safari/537.36"],"accept":["application/json, text/plain, */*"],"content-type":["application/json"],"origin":["http://localhost:4200"],"sec-fetch-site":["same-site"],"sec-fetch-mode":["cors"],"sec-fetch-dest":["empty"],"referer":["http://localhost:4200/"],"accept-encoding":["gzip, deflate, br, zstd"],"accept-language":["es-419,es;q=0.9"]},"query_params":{"estado_solicitud":"pendiente","per_page":"15","sort_by":"fecha_registro_pendiente","order":"desc"},"request_data":{"_proveedor_id":4,"_user_proveedor_relation":"PRINCIPAL","estado_solicitud":"pendiente","per_page":"15","sort_by":"fecha_registro_pendiente","order":"desc"},"request_size":0,"timestamp":"2025-10-03T01:04:32.265111Z"},"timestamp":"2025-10-03T01:04:32.265502Z"} 
[2025-10-02 18:04:32] local.INFO: User Action {"action":"request_end","model":"API_Request","model_id":0,"user_id":15,"user_email":"proveedor@materialesconstruccion.mx","ip_address":"::1","user_agent":"Mozilla/5.0 (Windows NT 10.0; Win64; x64) AppleWebKit/537.36 (KHTML, like Gecko) Chrome/140.0.0.0 Safari/537.36","data":{"request_id":"req_68df212040b3a5.77097541","method":"GET","path":"api/proveedores/4/solicitudes-pago","status_code":200,"execution_time_ms":13.77,"response_size":9744,"memory_usage_mb":28.0,"memory_peak_mb":28.0,"user_id":15,"performance_category":"fast","response_headers":{"content_type":"application/json"}},"timestamp":"2025-10-03T01:04:32.278873Z"} 
[2025-10-02 18:04:32] local.ERROR: System Error {"error":"Suspicious Activity Detected","context":"Security","user_id":15,"ip_address":"::1","data":{"indicators":["high_request_volume"],"ip_address":"::1","user_id":15,"user_agent":"Mozilla/5.0 (Windows NT 10.0; Win64; x64) AppleWebKit/537.36 (KHTML, like Gecko) Chrome/140.0.0.0 Safari/537.36","path":"api/proveedores/4/solicitudes-pago","request_count":118},"timestamp":"2025-10-03T01:04:32.282946Z"} 
[2025-10-02 18:04:38] local.INFO: User Action {"action":"request_start","model":"API_Request","model_id":0,"user_id":15,"user_email":"proveedor@materialesconstruccion.mx","ip_address":"::1","user_agent":"Mozilla/5.0 (Windows NT 10.0; Win64; x64) AppleWebKit/537.36 (KHTML, like Gecko) Chrome/140.0.0.0 Safari/537.36","data":{"request_id":"req_68df21263548f5.14507796","method":"GET","path":"api/auth/me","full_url":"http://localhost:8080/api/auth/me","ip_address":"::1","user_agent":"Mozilla/5.0 (Windows NT 10.0; Win64; x64) AppleWebKit/537.36 (KHTML, like Gecko) Chrome/140.0.0.0 Safari/537.36","referer":"http://localhost:4200/","user_id":15,"user_email":"proveedor@materialesconstruccion.mx","headers":{"host":["localhost:8080"],"connection":["keep-alive"],"sec-ch-ua-platform":["\"Windows\""],"authorization":"[HIDDEN]","sec-ch-ua":["\"Chromium\";v=\"140\", \"Not=A?Brand\";v=\"24\", \"Google Chrome\";v=\"140\""],"sec-ch-ua-mobile":["?0"],"access-control-allow-credentials":["true"],"user-agent":["Mozilla/5.0 (Windows NT 10.0; Win64; x64) AppleWebKit/537.36 (KHTML, like Gecko) Chrome/140.0.0.0 Safari/537.36"],"accept":["application/json"],"content-type":["application/json"],"origin":["http://localhost:4200"],"sec-fetch-site":["same-site"],"sec-fetch-mode":["cors"],"sec-fetch-dest":["empty"],"referer":["http://localhost:4200/"],"accept-encoding":["gzip, deflate, br, zstd"],"accept-language":["es-419,es;q=0.9"]},"query_params":[],"request_data":[],"request_size":0,"timestamp":"2025-10-03T01:04:38.218470Z"},"timestamp":"2025-10-03T01:04:38.219013Z"} 
[2025-10-02 18:04:38] local.INFO: User Action {"action":"request_end","model":"API_Request","model_id":0,"user_id":15,"user_email":"proveedor@materialesconstruccion.mx","ip_address":"::1","user_agent":"Mozilla/5.0 (Windows NT 10.0; Win64; x64) AppleWebKit/537.36 (KHTML, like Gecko) Chrome/140.0.0.0 Safari/537.36","data":{"request_id":"req_68df21263548f5.14507796","method":"GET","path":"api/auth/me","status_code":200,"execution_time_ms":15.42,"response_size":1979,"memory_usage_mb":28.0,"memory_peak_mb":28.0,"user_id":15,"performance_category":"fast","response_headers":{"content_type":"application/json"}},"timestamp":"2025-10-03T01:04:38.233753Z"} 
[2025-10-02 18:04:38] local.ERROR: System Error {"error":"Suspicious Activity Detected","context":"Security","user_id":15,"ip_address":"::1","data":{"indicators":["high_request_volume"],"ip_address":"::1","user_id":15,"user_agent":"Mozilla/5.0 (Windows NT 10.0; Win64; x64) AppleWebKit/537.36 (KHTML, like Gecko) Chrome/140.0.0.0 Safari/537.36","path":"api/auth/me","request_count":119},"timestamp":"2025-10-03T01:04:38.237461Z"} 
[2025-10-02 18:04:38] local.INFO: User Action {"action":"request_start","model":"API_Request","model_id":0,"user_id":15,"user_email":"proveedor@materialesconstruccion.mx","ip_address":"::1","user_agent":"Mozilla/5.0 (Windows NT 10.0; Win64; x64) AppleWebKit/537.36 (KHTML, like Gecko) Chrome/140.0.0.0 Safari/537.36","data":{"request_id":"req_68df2126d2d594.91282308","method":"GET","path":"api/notifications","full_url":"http://localhost:8080/api/notifications","ip_address":"::1","user_agent":"Mozilla/5.0 (Windows NT 10.0; Win64; x64) AppleWebKit/537.36 (KHTML, like Gecko) Chrome/140.0.0.0 Safari/537.36","referer":"http://localhost:4200/","user_id":15,"user_email":"proveedor@materialesconstruccion.mx","headers":{"host":["localhost:8080"],"connection":["keep-alive"],"sec-ch-ua-platform":["\"Windows\""],"authorization":"[HIDDEN]","sec-ch-ua":["\"Chromium\";v=\"140\", \"Not=A?Brand\";v=\"24\", \"Google Chrome\";v=\"140\""],"sec-ch-ua-mobile":["?0"],"access-control-allow-credentials":["true"],"user-agent":["Mozilla/5.0 (Windows NT 10.0; Win64; x64) AppleWebKit/537.36 (KHTML, like Gecko) Chrome/140.0.0.0 Safari/537.36"],"accept":["application/json, text/plain, */*"],"content-type":["application/json"],"origin":["http://localhost:4200"],"sec-fetch-site":["same-site"],"sec-fetch-mode":["cors"],"sec-fetch-dest":["empty"],"referer":["http://localhost:4200/"],"accept-encoding":["gzip, deflate, br, zstd"],"accept-language":["es-419,es;q=0.9"]},"query_params":[],"request_data":[],"request_size":0,"timestamp":"2025-10-03T01:04:38.863680Z"},"timestamp":"2025-10-03T01:04:38.864024Z"} 
[2025-10-02 18:04:38] local.INFO: User Action {"action":"request_end","model":"API_Request","model_id":0,"user_id":15,"user_email":"proveedor@materialesconstruccion.mx","ip_address":"::1","user_agent":"Mozilla/5.0 (Windows NT 10.0; Win64; x64) AppleWebKit/537.36 (KHTML, like Gecko) Chrome/140.0.0.0 Safari/537.36","data":{"request_id":"req_68df2126d2d594.91282308","method":"GET","path":"api/notifications","status_code":200,"execution_time_ms":7.21,"response_size":558,"memory_usage_mb":26.0,"memory_peak_mb":26.0,"user_id":15,"performance_category":"fast","response_headers":{"content_type":"application/json"}},"timestamp":"2025-10-03T01:04:38.870851Z"} 
[2025-10-02 18:04:38] local.ERROR: System Error {"error":"Suspicious Activity Detected","context":"Security","user_id":15,"ip_address":"::1","data":{"indicators":["high_request_volume"],"ip_address":"::1","user_id":15,"user_agent":"Mozilla/5.0 (Windows NT 10.0; Win64; x64) AppleWebKit/537.36 (KHTML, like Gecko) Chrome/140.0.0.0 Safari/537.36","path":"api/notifications","request_count":120},"timestamp":"2025-10-03T01:04:38.874490Z"} 
[2025-10-02 18:04:39] local.INFO: User Action {"action":"request_start","model":"API_Request","model_id":0,"user_id":15,"user_email":"proveedor@materialesconstruccion.mx","ip_address":"::1","user_agent":"Mozilla/5.0 (Windows NT 10.0; Win64; x64) AppleWebKit/537.36 (KHTML, like Gecko) Chrome/140.0.0.0 Safari/537.36","data":{"request_id":"req_68df2127041a82.86508472","method":"GET","path":"api/proveedores/user/15","full_url":"http://localhost:8080/api/proveedores/user/15","ip_address":"::1","user_agent":"Mozilla/5.0 (Windows NT 10.0; Win64; x64) AppleWebKit/537.36 (KHTML, like Gecko) Chrome/140.0.0.0 Safari/537.36","referer":"http://localhost:4200/","user_id":15,"user_email":"proveedor@materialesconstruccion.mx","headers":{"host":["localhost:8080"],"connection":["keep-alive"],"sec-ch-ua-platform":["\"Windows\""],"authorization":"[HIDDEN]","sec-ch-ua":["\"Chromium\";v=\"140\", \"Not=A?Brand\";v=\"24\", \"Google Chrome\";v=\"140\""],"sec-ch-ua-mobile":["?0"],"access-control-allow-credentials":["true"],"user-agent":["Mozilla/5.0 (Windows NT 10.0; Win64; x64) AppleWebKit/537.36 (KHTML, like Gecko) Chrome/140.0.0.0 Safari/537.36"],"accept":["application/json, text/plain, */*"],"content-type":["application/json"],"origin":["http://localhost:4200"],"sec-fetch-site":["same-site"],"sec-fetch-mode":["cors"],"sec-fetch-dest":["empty"],"referer":["http://localhost:4200/"],"accept-encoding":["gzip, deflate, br, zstd"],"accept-language":["es-419,es;q=0.9"]},"query_params":[],"request_data":[],"request_size":0,"timestamp":"2025-10-03T01:04:39.017176Z"},"timestamp":"2025-10-03T01:04:39.017857Z"} 
[2025-10-02 18:04:39] local.INFO: User Action {"action":"request_end","model":"API_Request","model_id":0,"user_id":15,"user_email":"proveedor@materialesconstruccion.mx","ip_address":"::1","user_agent":"Mozilla/5.0 (Windows NT 10.0; Win64; x64) AppleWebKit/537.36 (KHTML, like Gecko) Chrome/140.0.0.0 Safari/537.36","data":{"request_id":"req_68df2127041a82.86508472","method":"GET","path":"api/proveedores/user/15","status_code":200,"execution_time_ms":12.19,"response_size":1566,"memory_usage_mb":28.0,"memory_peak_mb":28.0,"user_id":15,"performance_category":"fast","response_headers":{"content_type":"application/json"}},"timestamp":"2025-10-03T01:04:39.029077Z"} 
[2025-10-02 18:04:39] local.ERROR: System Error {"error":"Suspicious Activity Detected","context":"Security","user_id":15,"ip_address":"::1","data":{"indicators":["high_request_volume"],"ip_address":"::1","user_id":15,"user_agent":"Mozilla/5.0 (Windows NT 10.0; Win64; x64) AppleWebKit/537.36 (KHTML, like Gecko) Chrome/140.0.0.0 Safari/537.36","path":"api/proveedores/user/15","request_count":121},"timestamp":"2025-10-03T01:04:39.032236Z"} 
[2025-10-02 18:04:39] local.INFO: User Action {"action":"request_start","model":"API_Request","model_id":0,"user_id":15,"user_email":"proveedor@materialesconstruccion.mx","ip_address":"::1","user_agent":"Mozilla/5.0 (Windows NT 10.0; Win64; x64) AppleWebKit/537.36 (KHTML, like Gecko) Chrome/140.0.0.0 Safari/537.36","data":{"request_id":"req_68df2127273e52.56697442","method":"GET","path":"api/auth/me","full_url":"http://localhost:8080/api/auth/me","ip_address":"::1","user_agent":"Mozilla/5.0 (Windows NT 10.0; Win64; x64) AppleWebKit/537.36 (KHTML, like Gecko) Chrome/140.0.0.0 Safari/537.36","referer":"http://localhost:4200/","user_id":15,"user_email":"proveedor@materialesconstruccion.mx","headers":{"host":["localhost:8080"],"connection":["keep-alive"],"sec-ch-ua-platform":["\"Windows\""],"authorization":"[HIDDEN]","sec-ch-ua":["\"Chromium\";v=\"140\", \"Not=A?Brand\";v=\"24\", \"Google Chrome\";v=\"140\""],"sec-ch-ua-mobile":["?0"],"access-control-allow-credentials":["true"],"user-agent":["Mozilla/5.0 (Windows NT 10.0; Win64; x64) AppleWebKit/537.36 (KHTML, like Gecko) Chrome/140.0.0.0 Safari/537.36"],"accept":["application/json"],"content-type":["application/json"],"origin":["http://localhost:4200"],"sec-fetch-site":["same-site"],"sec-fetch-mode":["cors"],"sec-fetch-dest":["empty"],"referer":["http://localhost:4200/"],"accept-encoding":["gzip, deflate, br, zstd"],"accept-language":["es-419,es;q=0.9"]},"query_params":[],"request_data":[],"request_size":0,"timestamp":"2025-10-03T01:04:39.160838Z"},"timestamp":"2025-10-03T01:04:39.161180Z"} 
[2025-10-02 18:04:39] local.INFO: User Action {"action":"request_end","model":"API_Request","model_id":0,"user_id":15,"user_email":"proveedor@materialesconstruccion.mx","ip_address":"::1","user_agent":"Mozilla/5.0 (Windows NT 10.0; Win64; x64) AppleWebKit/537.36 (KHTML, like Gecko) Chrome/140.0.0.0 Safari/537.36","data":{"request_id":"req_68df2127273e52.56697442","method":"GET","path":"api/auth/me","status_code":200,"execution_time_ms":10.27,"response_size":1979,"memory_usage_mb":28.0,"memory_peak_mb":28.0,"user_id":15,"performance_category":"fast","response_headers":{"content_type":"application/json"}},"timestamp":"2025-10-03T01:04:39.171074Z"} 
[2025-10-02 18:04:39] local.ERROR: System Error {"error":"Suspicious Activity Detected","context":"Security","user_id":15,"ip_address":"::1","data":{"indicators":["high_request_volume"],"ip_address":"::1","user_id":15,"user_agent":"Mozilla/5.0 (Windows NT 10.0; Win64; x64) AppleWebKit/537.36 (KHTML, like Gecko) Chrome/140.0.0.0 Safari/537.36","path":"api/auth/me","request_count":122},"timestamp":"2025-10-03T01:04:39.175052Z"} 
[2025-10-02 18:04:39] local.INFO: User Action {"action":"request_start","model":"API_Request","model_id":0,"user_id":15,"user_email":"proveedor@materialesconstruccion.mx","ip_address":"::1","user_agent":"Mozilla/5.0 (Windows NT 10.0; Win64; x64) AppleWebKit/537.36 (KHTML, like Gecko) Chrome/140.0.0.0 Safari/537.36","data":{"request_id":"req_68df2127a31482.98369916","method":"GET","path":"api/proveedores/4/solicitudes-pago","full_url":"http://localhost:8080/api/proveedores/4/solicitudes-pago?estado_solicitud=pendiente&order=desc&per_page=15&sort_by=fecha_registro_pendiente","ip_address":"::1","user_agent":"Mozilla/5.0 (Windows NT 10.0; Win64; x64) AppleWebKit/537.36 (KHTML, like Gecko) Chrome/140.0.0.0 Safari/537.36","referer":"http://localhost:4200/","user_id":15,"user_email":"proveedor@materialesconstruccion.mx","headers":{"host":["localhost:8080"],"connection":["keep-alive"],"sec-ch-ua-platform":["\"Windows\""],"authorization":"[HIDDEN]","sec-ch-ua":["\"Chromium\";v=\"140\", \"Not=A?Brand\";v=\"24\", \"Google Chrome\";v=\"140\""],"sec-ch-ua-mobile":["?0"],"access-control-allow-credentials":["true"],"user-agent":["Mozilla/5.0 (Windows NT 10.0; Win64; x64) AppleWebKit/537.36 (KHTML, like Gecko) Chrome/140.0.0.0 Safari/537.36"],"accept":["application/json, text/plain, */*"],"content-type":["application/json"],"origin":["http://localhost:4200"],"sec-fetch-site":["same-site"],"sec-fetch-mode":["cors"],"sec-fetch-dest":["empty"],"referer":["http://localhost:4200/"],"accept-encoding":["gzip, deflate, br, zstd"],"accept-language":["es-419,es;q=0.9"]},"query_params":{"estado_solicitud":"pendiente","per_page":"15","sort_by":"fecha_registro_pendiente","order":"desc"},"request_data":{"_proveedor_id":4,"_user_proveedor_relation":"PRINCIPAL","estado_solicitud":"pendiente","per_page":"15","sort_by":"fecha_registro_pendiente","order":"desc"},"request_size":0,"timestamp":"2025-10-03T01:04:39.668126Z"},"timestamp":"2025-10-03T01:04:39.668696Z"} 
[2025-10-02 18:04:39] local.INFO: User Action {"action":"request_end","model":"API_Request","model_id":0,"user_id":15,"user_email":"proveedor@materialesconstruccion.mx","ip_address":"::1","user_agent":"Mozilla/5.0 (Windows NT 10.0; Win64; x64) AppleWebKit/537.36 (KHTML, like Gecko) Chrome/140.0.0.0 Safari/537.36","data":{"request_id":"req_68df2127a31482.98369916","method":"GET","path":"api/proveedores/4/solicitudes-pago","status_code":200,"execution_time_ms":13.43,"response_size":9744,"memory_usage_mb":28.0,"memory_peak_mb":28.0,"user_id":15,"performance_category":"fast","response_headers":{"content_type":"application/json"}},"timestamp":"2025-10-03T01:04:39.681487Z"} 
[2025-10-02 18:04:39] local.ERROR: System Error {"error":"Suspicious Activity Detected","context":"Security","user_id":15,"ip_address":"::1","data":{"indicators":["high_request_volume"],"ip_address":"::1","user_id":15,"user_agent":"Mozilla/5.0 (Windows NT 10.0; Win64; x64) AppleWebKit/537.36 (KHTML, like Gecko) Chrome/140.0.0.0 Safari/537.36","path":"api/proveedores/4/solicitudes-pago","request_count":123},"timestamp":"2025-10-03T01:04:39.684635Z"} 
[2025-10-02 18:04:45] local.INFO: User Action {"action":"request_start","model":"API_Request","model_id":0,"user_id":15,"user_email":"proveedor@materialesconstruccion.mx","ip_address":"::1","user_agent":"Mozilla/5.0 (Windows NT 10.0; Win64; x64) AppleWebKit/537.36 (KHTML, like Gecko) Chrome/140.0.0.0 Safari/537.36","data":{"request_id":"req_68df212dabd322.59242321","method":"GET","path":"api/auth/me","full_url":"http://localhost:8080/api/auth/me","ip_address":"::1","user_agent":"Mozilla/5.0 (Windows NT 10.0; Win64; x64) AppleWebKit/537.36 (KHTML, like Gecko) Chrome/140.0.0.0 Safari/537.36","referer":"http://localhost:4200/","user_id":15,"user_email":"proveedor@materialesconstruccion.mx","headers":{"host":["localhost:8080"],"connection":["keep-alive"],"sec-ch-ua-platform":["\"Windows\""],"authorization":"[HIDDEN]","sec-ch-ua":["\"Chromium\";v=\"140\", \"Not=A?Brand\";v=\"24\", \"Google Chrome\";v=\"140\""],"sec-ch-ua-mobile":["?0"],"access-control-allow-credentials":["true"],"user-agent":["Mozilla/5.0 (Windows NT 10.0; Win64; x64) AppleWebKit/537.36 (KHTML, like Gecko) Chrome/140.0.0.0 Safari/537.36"],"accept":["application/json"],"content-type":["application/json"],"origin":["http://localhost:4200"],"sec-fetch-site":["same-site"],"sec-fetch-mode":["cors"],"sec-fetch-dest":["empty"],"referer":["http://localhost:4200/"],"accept-encoding":["gzip, deflate, br, zstd"],"accept-language":["es-419,es;q=0.9"]},"query_params":[],"request_data":[],"request_size":0,"timestamp":"2025-10-03T01:04:45.703980Z"},"timestamp":"2025-10-03T01:04:45.704660Z"} 
[2025-10-02 18:04:45] local.INFO: User Action {"action":"request_end","model":"API_Request","model_id":0,"user_id":15,"user_email":"proveedor@materialesconstruccion.mx","ip_address":"::1","user_agent":"Mozilla/5.0 (Windows NT 10.0; Win64; x64) AppleWebKit/537.36 (KHTML, like Gecko) Chrome/140.0.0.0 Safari/537.36","data":{"request_id":"req_68df212dabd322.59242321","method":"GET","path":"api/auth/me","status_code":200,"execution_time_ms":13.5,"response_size":1979,"memory_usage_mb":28.0,"memory_peak_mb":28.0,"user_id":15,"performance_category":"fast","response_headers":{"content_type":"application/json"}},"timestamp":"2025-10-03T01:04:45.717406Z"} 
[2025-10-02 18:04:45] local.ERROR: System Error {"error":"Suspicious Activity Detected","context":"Security","user_id":15,"ip_address":"::1","data":{"indicators":["high_request_volume"],"ip_address":"::1","user_id":15,"user_agent":"Mozilla/5.0 (Windows NT 10.0; Win64; x64) AppleWebKit/537.36 (KHTML, like Gecko) Chrome/140.0.0.0 Safari/537.36","path":"api/auth/me","request_count":124},"timestamp":"2025-10-03T01:04:45.721411Z"} 
[2025-10-02 18:04:46] local.INFO: User Action {"action":"request_start","model":"API_Request","model_id":0,"user_id":15,"user_email":"proveedor@materialesconstruccion.mx","ip_address":"::1","user_agent":"Mozilla/5.0 (Windows NT 10.0; Win64; x64) AppleWebKit/537.36 (KHTML, like Gecko) Chrome/140.0.0.0 Safari/537.36","data":{"request_id":"req_68df212e51c406.19910004","method":"GET","path":"api/notifications","full_url":"http://localhost:8080/api/notifications","ip_address":"::1","user_agent":"Mozilla/5.0 (Windows NT 10.0; Win64; x64) AppleWebKit/537.36 (KHTML, like Gecko) Chrome/140.0.0.0 Safari/537.36","referer":"http://localhost:4200/","user_id":15,"user_email":"proveedor@materialesconstruccion.mx","headers":{"host":["localhost:8080"],"connection":["keep-alive"],"sec-ch-ua-platform":["\"Windows\""],"authorization":"[HIDDEN]","sec-ch-ua":["\"Chromium\";v=\"140\", \"Not=A?Brand\";v=\"24\", \"Google Chrome\";v=\"140\""],"sec-ch-ua-mobile":["?0"],"access-control-allow-credentials":["true"],"user-agent":["Mozilla/5.0 (Windows NT 10.0; Win64; x64) AppleWebKit/537.36 (KHTML, like Gecko) Chrome/140.0.0.0 Safari/537.36"],"accept":["application/json, text/plain, */*"],"content-type":["application/json"],"origin":["http://localhost:4200"],"sec-fetch-site":["same-site"],"sec-fetch-mode":["cors"],"sec-fetch-dest":["empty"],"referer":["http://localhost:4200/"],"accept-encoding":["gzip, deflate, br, zstd"],"accept-language":["es-419,es;q=0.9"]},"query_params":[],"request_data":[],"request_size":0,"timestamp":"2025-10-03T01:04:46.335017Z"},"timestamp":"2025-10-03T01:04:46.335357Z"} 
[2025-10-02 18:04:46] local.INFO: User Action {"action":"request_end","model":"API_Request","model_id":0,"user_id":15,"user_email":"proveedor@materialesconstruccion.mx","ip_address":"::1","user_agent":"Mozilla/5.0 (Windows NT 10.0; Win64; x64) AppleWebKit/537.36 (KHTML, like Gecko) Chrome/140.0.0.0 Safari/537.36","data":{"request_id":"req_68df212e51c406.19910004","method":"GET","path":"api/notifications","status_code":200,"execution_time_ms":7.65,"response_size":558,"memory_usage_mb":26.0,"memory_peak_mb":26.0,"user_id":15,"performance_category":"fast","response_headers":{"content_type":"application/json"}},"timestamp":"2025-10-03T01:04:46.342629Z"} 
[2025-10-02 18:04:46] local.ERROR: System Error {"error":"Suspicious Activity Detected","context":"Security","user_id":15,"ip_address":"::1","data":{"indicators":["high_request_volume"],"ip_address":"::1","user_id":15,"user_agent":"Mozilla/5.0 (Windows NT 10.0; Win64; x64) AppleWebKit/537.36 (KHTML, like Gecko) Chrome/140.0.0.0 Safari/537.36","path":"api/notifications","request_count":125},"timestamp":"2025-10-03T01:04:46.345756Z"} 
[2025-10-02 18:04:46] local.INFO: User Action {"action":"request_start","model":"API_Request","model_id":0,"user_id":15,"user_email":"proveedor@materialesconstruccion.mx","ip_address":"::1","user_agent":"Mozilla/5.0 (Windows NT 10.0; Win64; x64) AppleWebKit/537.36 (KHTML, like Gecko) Chrome/140.0.0.0 Safari/537.36","data":{"request_id":"req_68df212e732070.29193860","method":"GET","path":"api/proveedores/user/15","full_url":"http://localhost:8080/api/proveedores/user/15","ip_address":"::1","user_agent":"Mozilla/5.0 (Windows NT 10.0; Win64; x64) AppleWebKit/537.36 (KHTML, like Gecko) Chrome/140.0.0.0 Safari/537.36","referer":"http://localhost:4200/","user_id":15,"user_email":"proveedor@materialesconstruccion.mx","headers":{"host":["localhost:8080"],"connection":["keep-alive"],"sec-ch-ua-platform":["\"Windows\""],"authorization":"[HIDDEN]","sec-ch-ua":["\"Chromium\";v=\"140\", \"Not=A?Brand\";v=\"24\", \"Google Chrome\";v=\"140\""],"sec-ch-ua-mobile":["?0"],"access-control-allow-credentials":["true"],"user-agent":["Mozilla/5.0 (Windows NT 10.0; Win64; x64) AppleWebKit/537.36 (KHTML, like Gecko) Chrome/140.0.0.0 Safari/537.36"],"accept":["application/json, text/plain, */*"],"content-type":["application/json"],"origin":["http://localhost:4200"],"sec-fetch-site":["same-site"],"sec-fetch-mode":["cors"],"sec-fetch-dest":["empty"],"referer":["http://localhost:4200/"],"accept-encoding":["gzip, deflate, br, zstd"],"accept-language":["es-419,es;q=0.9"]},"query_params":[],"request_data":[],"request_size":0,"timestamp":"2025-10-03T01:04:46.471647Z"},"timestamp":"2025-10-03T01:04:46.472004Z"} 
[2025-10-02 18:04:46] local.INFO: User Action {"action":"request_end","model":"API_Request","model_id":0,"user_id":15,"user_email":"proveedor@materialesconstruccion.mx","ip_address":"::1","user_agent":"Mozilla/5.0 (Windows NT 10.0; Win64; x64) AppleWebKit/537.36 (KHTML, like Gecko) Chrome/140.0.0.0 Safari/537.36","data":{"request_id":"req_68df212e732070.29193860","method":"GET","path":"api/proveedores/user/15","status_code":200,"execution_time_ms":10.86,"response_size":1566,"memory_usage_mb":28.0,"memory_peak_mb":28.0,"user_id":15,"performance_category":"fast","response_headers":{"content_type":"application/json"}},"timestamp":"2025-10-03T01:04:46.482486Z"} 
[2025-10-02 18:04:46] local.ERROR: System Error {"error":"Suspicious Activity Detected","context":"Security","user_id":15,"ip_address":"::1","data":{"indicators":["high_request_volume"],"ip_address":"::1","user_id":15,"user_agent":"Mozilla/5.0 (Windows NT 10.0; Win64; x64) AppleWebKit/537.36 (KHTML, like Gecko) Chrome/140.0.0.0 Safari/537.36","path":"api/proveedores/user/15","request_count":126},"timestamp":"2025-10-03T01:04:46.485742Z"} 
[2025-10-02 18:04:46] local.INFO: User Action {"action":"request_start","model":"API_Request","model_id":0,"user_id":15,"user_email":"proveedor@materialesconstruccion.mx","ip_address":"::1","user_agent":"Mozilla/5.0 (Windows NT 10.0; Win64; x64) AppleWebKit/537.36 (KHTML, like Gecko) Chrome/140.0.0.0 Safari/537.36","data":{"request_id":"req_68df212e962710.45962604","method":"GET","path":"api/auth/me","full_url":"http://localhost:8080/api/auth/me","ip_address":"::1","user_agent":"Mozilla/5.0 (Windows NT 10.0; Win64; x64) AppleWebKit/537.36 (KHTML, like Gecko) Chrome/140.0.0.0 Safari/537.36","referer":"http://localhost:4200/","user_id":15,"user_email":"proveedor@materialesconstruccion.mx","headers":{"host":["localhost:8080"],"connection":["keep-alive"],"sec-ch-ua-platform":["\"Windows\""],"authorization":"[HIDDEN]","sec-ch-ua":["\"Chromium\";v=\"140\", \"Not=A?Brand\";v=\"24\", \"Google Chrome\";v=\"140\""],"sec-ch-ua-mobile":["?0"],"access-control-allow-credentials":["true"],"user-agent":["Mozilla/5.0 (Windows NT 10.0; Win64; x64) AppleWebKit/537.36 (KHTML, like Gecko) Chrome/140.0.0.0 Safari/537.36"],"accept":["application/json"],"content-type":["application/json"],"origin":["http://localhost:4200"],"sec-fetch-site":["same-site"],"sec-fetch-mode":["cors"],"sec-fetch-dest":["empty"],"referer":["http://localhost:4200/"],"accept-encoding":["gzip, deflate, br, zstd"],"accept-language":["es-419,es;q=0.9"]},"query_params":[],"request_data":[],"request_size":0,"timestamp":"2025-10-03T01:04:46.615120Z"},"timestamp":"2025-10-03T01:04:46.615456Z"} 
[2025-10-02 18:04:46] local.INFO: User Action {"action":"request_end","model":"API_Request","model_id":0,"user_id":15,"user_email":"proveedor@materialesconstruccion.mx","ip_address":"::1","user_agent":"Mozilla/5.0 (Windows NT 10.0; Win64; x64) AppleWebKit/537.36 (KHTML, like Gecko) Chrome/140.0.0.0 Safari/537.36","data":{"request_id":"req_68df212e962710.45962604","method":"GET","path":"api/auth/me","status_code":200,"execution_time_ms":10.64,"response_size":1979,"memory_usage_mb":28.0,"memory_peak_mb":28.0,"user_id":15,"performance_category":"fast","response_headers":{"content_type":"application/json"}},"timestamp":"2025-10-03T01:04:46.625733Z"} 
[2025-10-02 18:04:46] local.ERROR: System Error {"error":"Suspicious Activity Detected","context":"Security","user_id":15,"ip_address":"::1","data":{"indicators":["high_request_volume"],"ip_address":"::1","user_id":15,"user_agent":"Mozilla/5.0 (Windows NT 10.0; Win64; x64) AppleWebKit/537.36 (KHTML, like Gecko) Chrome/140.0.0.0 Safari/537.36","path":"api/auth/me","request_count":127},"timestamp":"2025-10-03T01:04:46.629739Z"} 
[2025-10-02 18:04:47] local.INFO: User Action {"action":"request_start","model":"API_Request","model_id":0,"user_id":15,"user_email":"proveedor@materialesconstruccion.mx","ip_address":"::1","user_agent":"Mozilla/5.0 (Windows NT 10.0; Win64; x64) AppleWebKit/537.36 (KHTML, like Gecko) Chrome/140.0.0.0 Safari/537.36","data":{"request_id":"req_68df212f244a44.16027489","method":"GET","path":"api/proveedores/4/solicitudes-pago","full_url":"http://localhost:8080/api/proveedores/4/solicitudes-pago?estado_solicitud=pendiente&order=desc&per_page=15&sort_by=fecha_registro_pendiente","ip_address":"::1","user_agent":"Mozilla/5.0 (Windows NT 10.0; Win64; x64) AppleWebKit/537.36 (KHTML, like Gecko) Chrome/140.0.0.0 Safari/537.36","referer":"http://localhost:4200/","user_id":15,"user_email":"proveedor@materialesconstruccion.mx","headers":{"host":["localhost:8080"],"connection":["keep-alive"],"sec-ch-ua-platform":["\"Windows\""],"authorization":"[HIDDEN]","sec-ch-ua":["\"Chromium\";v=\"140\", \"Not=A?Brand\";v=\"24\", \"Google Chrome\";v=\"140\""],"sec-ch-ua-mobile":["?0"],"access-control-allow-credentials":["true"],"user-agent":["Mozilla/5.0 (Windows NT 10.0; Win64; x64) AppleWebKit/537.36 (KHTML, like Gecko) Chrome/140.0.0.0 Safari/537.36"],"accept":["application/json, text/plain, */*"],"content-type":["application/json"],"origin":["http://localhost:4200"],"sec-fetch-site":["same-site"],"sec-fetch-mode":["cors"],"sec-fetch-dest":["empty"],"referer":["http://localhost:4200/"],"accept-encoding":["gzip, deflate, br, zstd"],"accept-language":["es-419,es;q=0.9"]},"query_params":{"estado_solicitud":"pendiente","per_page":"15","sort_by":"fecha_registro_pendiente","order":"desc"},"request_data":{"_proveedor_id":4,"_user_proveedor_relation":"PRINCIPAL","estado_solicitud":"pendiente","per_page":"15","sort_by":"fecha_registro_pendiente","order":"desc"},"request_size":0,"timestamp":"2025-10-03T01:04:47.148745Z"},"timestamp":"2025-10-03T01:04:47.149149Z"} 
[2025-10-02 18:04:47] local.INFO: User Action {"action":"request_end","model":"API_Request","model_id":0,"user_id":15,"user_email":"proveedor@materialesconstruccion.mx","ip_address":"::1","user_agent":"Mozilla/5.0 (Windows NT 10.0; Win64; x64) AppleWebKit/537.36 (KHTML, like Gecko) Chrome/140.0.0.0 Safari/537.36","data":{"request_id":"req_68df212f244a44.16027489","method":"GET","path":"api/proveedores/4/solicitudes-pago","status_code":200,"execution_time_ms":12.69,"response_size":9744,"memory_usage_mb":28.0,"memory_peak_mb":28.0,"user_id":15,"performance_category":"fast","response_headers":{"content_type":"application/json"}},"timestamp":"2025-10-03T01:04:47.161410Z"} 
[2025-10-02 18:04:47] local.ERROR: System Error {"error":"Suspicious Activity Detected","context":"Security","user_id":15,"ip_address":"::1","data":{"indicators":["high_request_volume"],"ip_address":"::1","user_id":15,"user_agent":"Mozilla/5.0 (Windows NT 10.0; Win64; x64) AppleWebKit/537.36 (KHTML, like Gecko) Chrome/140.0.0.0 Safari/537.36","path":"api/proveedores/4/solicitudes-pago","request_count":128},"timestamp":"2025-10-03T01:04:47.165184Z"} 
[2025-10-02 18:04:53] local.INFO: User Action {"action":"request_start","model":"API_Request","model_id":0,"user_id":15,"user_email":"proveedor@materialesconstruccion.mx","ip_address":"::1","user_agent":"Mozilla/5.0 (Windows NT 10.0; Win64; x64) AppleWebKit/537.36 (KHTML, like Gecko) Chrome/140.0.0.0 Safari/537.36","data":{"request_id":"req_68df21356e8521.16844404","method":"GET","path":"api/auth/me","full_url":"http://localhost:8080/api/auth/me","ip_address":"::1","user_agent":"Mozilla/5.0 (Windows NT 10.0; Win64; x64) AppleWebKit/537.36 (KHTML, like Gecko) Chrome/140.0.0.0 Safari/537.36","referer":"http://localhost:4200/","user_id":15,"user_email":"proveedor@materialesconstruccion.mx","headers":{"host":["localhost:8080"],"connection":["keep-alive"],"sec-ch-ua-platform":["\"Windows\""],"authorization":"[HIDDEN]","sec-ch-ua":["\"Chromium\";v=\"140\", \"Not=A?Brand\";v=\"24\", \"Google Chrome\";v=\"140\""],"sec-ch-ua-mobile":["?0"],"access-control-allow-credentials":["true"],"user-agent":["Mozilla/5.0 (Windows NT 10.0; Win64; x64) AppleWebKit/537.36 (KHTML, like Gecko) Chrome/140.0.0.0 Safari/537.36"],"accept":["application/json"],"content-type":["application/json"],"origin":["http://localhost:4200"],"sec-fetch-site":["same-site"],"sec-fetch-mode":["cors"],"sec-fetch-dest":["empty"],"referer":["http://localhost:4200/"],"accept-encoding":["gzip, deflate, br, zstd"],"accept-language":["es-419,es;q=0.9"]},"query_params":[],"request_data":[],"request_size":0,"timestamp":"2025-10-03T01:04:53.452795Z"},"timestamp":"2025-10-03T01:04:53.453574Z"} 
[2025-10-02 18:04:53] local.INFO: User Action {"action":"request_end","model":"API_Request","model_id":0,"user_id":15,"user_email":"proveedor@materialesconstruccion.mx","ip_address":"::1","user_agent":"Mozilla/5.0 (Windows NT 10.0; Win64; x64) AppleWebKit/537.36 (KHTML, like Gecko) Chrome/140.0.0.0 Safari/537.36","data":{"request_id":"req_68df21356e8521.16844404","method":"GET","path":"api/auth/me","status_code":200,"execution_time_ms":10.93,"response_size":1979,"memory_usage_mb":28.0,"memory_peak_mb":28.0,"user_id":15,"performance_category":"fast","response_headers":{"content_type":"application/json"}},"timestamp":"2025-10-03T01:04:53.463684Z"} 
[2025-10-02 18:04:53] local.ERROR: System Error {"error":"Suspicious Activity Detected","context":"Security","user_id":15,"ip_address":"::1","data":{"indicators":["high_request_volume"],"ip_address":"::1","user_id":15,"user_agent":"Mozilla/5.0 (Windows NT 10.0; Win64; x64) AppleWebKit/537.36 (KHTML, like Gecko) Chrome/140.0.0.0 Safari/537.36","path":"api/auth/me","request_count":129},"timestamp":"2025-10-03T01:04:53.467608Z"} 
[2025-10-02 18:04:54] local.INFO: User Action {"action":"request_start","model":"API_Request","model_id":0,"user_id":15,"user_email":"proveedor@materialesconstruccion.mx","ip_address":"::1","user_agent":"Mozilla/5.0 (Windows NT 10.0; Win64; x64) AppleWebKit/537.36 (KHTML, like Gecko) Chrome/140.0.0.0 Safari/537.36","data":{"request_id":"req_68df2136143958.94869693","method":"GET","path":"api/notifications","full_url":"http://localhost:8080/api/notifications","ip_address":"::1","user_agent":"Mozilla/5.0 (Windows NT 10.0; Win64; x64) AppleWebKit/537.36 (KHTML, like Gecko) Chrome/140.0.0.0 Safari/537.36","referer":"http://localhost:4200/","user_id":15,"user_email":"proveedor@materialesconstruccion.mx","headers":{"host":["localhost:8080"],"connection":["keep-alive"],"sec-ch-ua-platform":["\"Windows\""],"authorization":"[HIDDEN]","sec-ch-ua":["\"Chromium\";v=\"140\", \"Not=A?Brand\";v=\"24\", \"Google Chrome\";v=\"140\""],"sec-ch-ua-mobile":["?0"],"access-control-allow-credentials":["true"],"user-agent":["Mozilla/5.0 (Windows NT 10.0; Win64; x64) AppleWebKit/537.36 (KHTML, like Gecko) Chrome/140.0.0.0 Safari/537.36"],"accept":["application/json, text/plain, */*"],"content-type":["application/json"],"origin":["http://localhost:4200"],"sec-fetch-site":["same-site"],"sec-fetch-mode":["cors"],"sec-fetch-dest":["empty"],"referer":["http://localhost:4200/"],"accept-encoding":["gzip, deflate, br, zstd"],"accept-language":["es-419,es;q=0.9"]},"query_params":[],"request_data":[],"request_size":0,"timestamp":"2025-10-03T01:04:54.082935Z"},"timestamp":"2025-10-03T01:04:54.083266Z"} 
[2025-10-02 18:04:54] local.INFO: User Action {"action":"request_end","model":"API_Request","model_id":0,"user_id":15,"user_email":"proveedor@materialesconstruccion.mx","ip_address":"::1","user_agent":"Mozilla/5.0 (Windows NT 10.0; Win64; x64) AppleWebKit/537.36 (KHTML, like Gecko) Chrome/140.0.0.0 Safari/537.36","data":{"request_id":"req_68df2136143958.94869693","method":"GET","path":"api/notifications","status_code":200,"execution_time_ms":6.69,"response_size":558,"memory_usage_mb":26.0,"memory_peak_mb":26.0,"user_id":15,"performance_category":"fast","response_headers":{"content_type":"application/json"}},"timestamp":"2025-10-03T01:04:54.089588Z"} 
[2025-10-02 18:04:54] local.ERROR: System Error {"error":"Suspicious Activity Detected","context":"Security","user_id":15,"ip_address":"::1","data":{"indicators":["high_request_volume"],"ip_address":"::1","user_id":15,"user_agent":"Mozilla/5.0 (Windows NT 10.0; Win64; x64) AppleWebKit/537.36 (KHTML, like Gecko) Chrome/140.0.0.0 Safari/537.36","path":"api/notifications","request_count":130},"timestamp":"2025-10-03T01:04:54.093669Z"} 
[2025-10-02 18:04:54] local.INFO: User Action {"action":"request_start","model":"API_Request","model_id":0,"user_id":15,"user_email":"proveedor@materialesconstruccion.mx","ip_address":"::1","user_agent":"Mozilla/5.0 (Windows NT 10.0; Win64; x64) AppleWebKit/537.36 (KHTML, like Gecko) Chrome/140.0.0.0 Safari/537.36","data":{"request_id":"req_68df213635bcb2.50796400","method":"GET","path":"api/proveedores/user/15","full_url":"http://localhost:8080/api/proveedores/user/15","ip_address":"::1","user_agent":"Mozilla/5.0 (Windows NT 10.0; Win64; x64) AppleWebKit/537.36 (KHTML, like Gecko) Chrome/140.0.0.0 Safari/537.36","referer":"http://localhost:4200/","user_id":15,"user_email":"proveedor@materialesconstruccion.mx","headers":{"host":["localhost:8080"],"connection":["keep-alive"],"sec-ch-ua-platform":["\"Windows\""],"authorization":"[HIDDEN]","sec-ch-ua":["\"Chromium\";v=\"140\", \"Not=A?Brand\";v=\"24\", \"Google Chrome\";v=\"140\""],"sec-ch-ua-mobile":["?0"],"access-control-allow-credentials":["true"],"user-agent":["Mozilla/5.0 (Windows NT 10.0; Win64; x64) AppleWebKit/537.36 (KHTML, like Gecko) Chrome/140.0.0.0 Safari/537.36"],"accept":["application/json, text/plain, */*"],"content-type":["application/json"],"origin":["http://localhost:4200"],"sec-fetch-site":["same-site"],"sec-fetch-mode":["cors"],"sec-fetch-dest":["empty"],"referer":["http://localhost:4200/"],"accept-encoding":["gzip, deflate, br, zstd"],"accept-language":["es-419,es;q=0.9"]},"query_params":[],"request_data":[],"request_size":0,"timestamp":"2025-10-03T01:04:54.220196Z"},"timestamp":"2025-10-03T01:04:54.220535Z"} 
[2025-10-02 18:04:54] local.INFO: User Action {"action":"request_end","model":"API_Request","model_id":0,"user_id":15,"user_email":"proveedor@materialesconstruccion.mx","ip_address":"::1","user_agent":"Mozilla/5.0 (Windows NT 10.0; Win64; x64) AppleWebKit/537.36 (KHTML, like Gecko) Chrome/140.0.0.0 Safari/537.36","data":{"request_id":"req_68df213635bcb2.50796400","method":"GET","path":"api/proveedores/user/15","status_code":200,"execution_time_ms":10.35,"response_size":1566,"memory_usage_mb":28.0,"memory_peak_mb":28.0,"user_id":15,"performance_category":"fast","response_headers":{"content_type":"application/json"}},"timestamp":"2025-10-03T01:04:54.230529Z"} 
[2025-10-02 18:04:54] local.ERROR: System Error {"error":"Suspicious Activity Detected","context":"Security","user_id":15,"ip_address":"::1","data":{"indicators":["high_request_volume"],"ip_address":"::1","user_id":15,"user_agent":"Mozilla/5.0 (Windows NT 10.0; Win64; x64) AppleWebKit/537.36 (KHTML, like Gecko) Chrome/140.0.0.0 Safari/537.36","path":"api/proveedores/user/15","request_count":131},"timestamp":"2025-10-03T01:04:54.234025Z"} 
[2025-10-02 18:04:54] local.INFO: User Action {"action":"request_start","model":"API_Request","model_id":0,"user_id":15,"user_email":"proveedor@materialesconstruccion.mx","ip_address":"::1","user_agent":"Mozilla/5.0 (Windows NT 10.0; Win64; x64) AppleWebKit/537.36 (KHTML, like Gecko) Chrome/140.0.0.0 Safari/537.36","data":{"request_id":"req_68df21365fce67.94141545","method":"GET","path":"api/auth/me","full_url":"http://localhost:8080/api/auth/me","ip_address":"::1","user_agent":"Mozilla/5.0 (Windows NT 10.0; Win64; x64) AppleWebKit/537.36 (KHTML, like Gecko) Chrome/140.0.0.0 Safari/537.36","referer":"http://localhost:4200/","user_id":15,"user_email":"proveedor@materialesconstruccion.mx","headers":{"host":["localhost:8080"],"connection":["keep-alive"],"sec-ch-ua-platform":["\"Windows\""],"authorization":"[HIDDEN]","sec-ch-ua":["\"Chromium\";v=\"140\", \"Not=A?Brand\";v=\"24\", \"Google Chrome\";v=\"140\""],"sec-ch-ua-mobile":["?0"],"access-control-allow-credentials":["true"],"user-agent":["Mozilla/5.0 (Windows NT 10.0; Win64; x64) AppleWebKit/537.36 (KHTML, like Gecko) Chrome/140.0.0.0 Safari/537.36"],"accept":["application/json"],"content-type":["application/json"],"origin":["http://localhost:4200"],"sec-fetch-site":["same-site"],"sec-fetch-mode":["cors"],"sec-fetch-dest":["empty"],"referer":["http://localhost:4200/"],"accept-encoding":["gzip, deflate, br, zstd"],"accept-language":["es-419,es;q=0.9"]},"query_params":[],"request_data":[],"request_size":0,"timestamp":"2025-10-03T01:04:54.392519Z"},"timestamp":"2025-10-03T01:04:54.392866Z"} 
[2025-10-02 18:04:54] local.INFO: User Action {"action":"request_end","model":"API_Request","model_id":0,"user_id":15,"user_email":"proveedor@materialesconstruccion.mx","ip_address":"::1","user_agent":"Mozilla/5.0 (Windows NT 10.0; Win64; x64) AppleWebKit/537.36 (KHTML, like Gecko) Chrome/140.0.0.0 Safari/537.36","data":{"request_id":"req_68df21365fce67.94141545","method":"GET","path":"api/auth/me","status_code":200,"execution_time_ms":10.45,"response_size":1979,"memory_usage_mb":28.0,"memory_peak_mb":28.0,"user_id":15,"performance_category":"fast","response_headers":{"content_type":"application/json"}},"timestamp":"2025-10-03T01:04:54.402935Z"} 
[2025-10-02 18:04:54] local.ERROR: System Error {"error":"Suspicious Activity Detected","context":"Security","user_id":15,"ip_address":"::1","data":{"indicators":["high_request_volume"],"ip_address":"::1","user_id":15,"user_agent":"Mozilla/5.0 (Windows NT 10.0; Win64; x64) AppleWebKit/537.36 (KHTML, like Gecko) Chrome/140.0.0.0 Safari/537.36","path":"api/auth/me","request_count":132},"timestamp":"2025-10-03T01:04:54.405872Z"} 
[2025-10-02 18:04:54] local.INFO: User Action {"action":"request_start","model":"API_Request","model_id":0,"user_id":15,"user_email":"proveedor@materialesconstruccion.mx","ip_address":"::1","user_agent":"Mozilla/5.0 (Windows NT 10.0; Win64; x64) AppleWebKit/537.36 (KHTML, like Gecko) Chrome/140.0.0.0 Safari/537.36","data":{"request_id":"req_68df2136dab044.85006010","method":"GET","path":"api/proveedores/4/solicitudes-pago","full_url":"http://localhost:8080/api/proveedores/4/solicitudes-pago?estado_solicitud=pendiente&order=desc&per_page=15&sort_by=fecha_registro_pendiente","ip_address":"::1","user_agent":"Mozilla/5.0 (Windows NT 10.0; Win64; x64) AppleWebKit/537.36 (KHTML, like Gecko) Chrome/140.0.0.0 Safari/537.36","referer":"http://localhost:4200/","user_id":15,"user_email":"proveedor@materialesconstruccion.mx","headers":{"host":["localhost:8080"],"connection":["keep-alive"],"sec-ch-ua-platform":["\"Windows\""],"authorization":"[HIDDEN]","sec-ch-ua":["\"Chromium\";v=\"140\", \"Not=A?Brand\";v=\"24\", \"Google Chrome\";v=\"140\""],"sec-ch-ua-mobile":["?0"],"access-control-allow-credentials":["true"],"user-agent":["Mozilla/5.0 (Windows NT 10.0; Win64; x64) AppleWebKit/537.36 (KHTML, like Gecko) Chrome/140.0.0.0 Safari/537.36"],"accept":["application/json, text/plain, */*"],"content-type":["application/json"],"origin":["http://localhost:4200"],"sec-fetch-site":["same-site"],"sec-fetch-mode":["cors"],"sec-fetch-dest":["empty"],"referer":["http://localhost:4200/"],"accept-encoding":["gzip, deflate, br, zstd"],"accept-language":["es-419,es;q=0.9"]},"query_params":{"estado_solicitud":"pendiente","per_page":"15","sort_by":"fecha_registro_pendiente","order":"desc"},"request_data":{"_proveedor_id":4,"_user_proveedor_relation":"PRINCIPAL","estado_solicitud":"pendiente","per_page":"15","sort_by":"fecha_registro_pendiente","order":"desc"},"request_size":0,"timestamp":"2025-10-03T01:04:54.895842Z"},"timestamp":"2025-10-03T01:04:54.896242Z"} 
[2025-10-02 18:04:54] local.INFO: User Action {"action":"request_end","model":"API_Request","model_id":0,"user_id":15,"user_email":"proveedor@materialesconstruccion.mx","ip_address":"::1","user_agent":"Mozilla/5.0 (Windows NT 10.0; Win64; x64) AppleWebKit/537.36 (KHTML, like Gecko) Chrome/140.0.0.0 Safari/537.36","data":{"request_id":"req_68df2136dab044.85006010","method":"GET","path":"api/proveedores/4/solicitudes-pago","status_code":200,"execution_time_ms":14.75,"response_size":9744,"memory_usage_mb":28.0,"memory_peak_mb":28.0,"user_id":15,"performance_category":"fast","response_headers":{"content_type":"application/json"}},"timestamp":"2025-10-03T01:04:54.910593Z"} 
[2025-10-02 18:04:54] local.ERROR: System Error {"error":"Suspicious Activity Detected","context":"Security","user_id":15,"ip_address":"::1","data":{"indicators":["high_request_volume"],"ip_address":"::1","user_id":15,"user_agent":"Mozilla/5.0 (Windows NT 10.0; Win64; x64) AppleWebKit/537.36 (KHTML, like Gecko) Chrome/140.0.0.0 Safari/537.36","path":"api/proveedores/4/solicitudes-pago","request_count":133},"timestamp":"2025-10-03T01:04:54.913504Z"} 
[2025-10-02 18:05:10] local.INFO: User Action {"action":"request_start","model":"API_Request","model_id":0,"user_id":15,"user_email":"proveedor@materialesconstruccion.mx","ip_address":"::1","user_agent":"Mozilla/5.0 (Windows NT 10.0; Win64; x64) AppleWebKit/537.36 (KHTML, like Gecko) Chrome/140.0.0.0 Safari/537.36","data":{"request_id":"req_68df214636b6d7.38710863","method":"GET","path":"api/auth/me","full_url":"http://localhost:8080/api/auth/me","ip_address":"::1","user_agent":"Mozilla/5.0 (Windows NT 10.0; Win64; x64) AppleWebKit/537.36 (KHTML, like Gecko) Chrome/140.0.0.0 Safari/537.36","referer":"http://localhost:4200/","user_id":15,"user_email":"proveedor@materialesconstruccion.mx","headers":{"host":["localhost:8080"],"connection":["keep-alive"],"sec-ch-ua-platform":["\"Windows\""],"authorization":"[HIDDEN]","sec-ch-ua":["\"Chromium\";v=\"140\", \"Not=A?Brand\";v=\"24\", \"Google Chrome\";v=\"140\""],"sec-ch-ua-mobile":["?0"],"access-control-allow-credentials":["true"],"user-agent":["Mozilla/5.0 (Windows NT 10.0; Win64; x64) AppleWebKit/537.36 (KHTML, like Gecko) Chrome/140.0.0.0 Safari/537.36"],"accept":["application/json"],"content-type":["application/json"],"origin":["http://localhost:4200"],"sec-fetch-site":["same-site"],"sec-fetch-mode":["cors"],"sec-fetch-dest":["empty"],"referer":["http://localhost:4200/"],"accept-encoding":["gzip, deflate, br, zstd"],"accept-language":["es-419,es;q=0.9"]},"query_params":[],"request_data":[],"request_size":0,"timestamp":"2025-10-03T01:05:10.224219Z"},"timestamp":"2025-10-03T01:05:10.224569Z"} 
[2025-10-02 18:05:10] local.INFO: User Action {"action":"request_end","model":"API_Request","model_id":0,"user_id":15,"user_email":"proveedor@materialesconstruccion.mx","ip_address":"::1","user_agent":"Mozilla/5.0 (Windows NT 10.0; Win64; x64) AppleWebKit/537.36 (KHTML, like Gecko) Chrome/140.0.0.0 Safari/537.36","data":{"request_id":"req_68df214636b6d7.38710863","method":"GET","path":"api/auth/me","status_code":200,"execution_time_ms":10.89,"response_size":1979,"memory_usage_mb":28.0,"memory_peak_mb":28.0,"user_id":15,"performance_category":"fast","response_headers":{"content_type":"application/json"}},"timestamp":"2025-10-03T01:05:10.235064Z"} 
[2025-10-02 18:05:10] local.ERROR: System Error {"error":"Suspicious Activity Detected","context":"Security","user_id":15,"ip_address":"::1","data":{"indicators":["high_request_volume"],"ip_address":"::1","user_id":15,"user_agent":"Mozilla/5.0 (Windows NT 10.0; Win64; x64) AppleWebKit/537.36 (KHTML, like Gecko) Chrome/140.0.0.0 Safari/537.36","path":"api/auth/me","request_count":134},"timestamp":"2025-10-03T01:05:10.238394Z"} 
[2025-10-02 18:05:10] local.INFO: User Action {"action":"request_start","model":"API_Request","model_id":0,"user_id":15,"user_email":"proveedor@materialesconstruccion.mx","ip_address":"::1","user_agent":"Mozilla/5.0 (Windows NT 10.0; Win64; x64) AppleWebKit/537.36 (KHTML, like Gecko) Chrome/140.0.0.0 Safari/537.36","data":{"request_id":"req_68df2146cde690.43525546","method":"GET","path":"api/notifications","full_url":"http://localhost:8080/api/notifications","ip_address":"::1","user_agent":"Mozilla/5.0 (Windows NT 10.0; Win64; x64) AppleWebKit/537.36 (KHTML, like Gecko) Chrome/140.0.0.0 Safari/537.36","referer":"http://localhost:4200/","user_id":15,"user_email":"proveedor@materialesconstruccion.mx","headers":{"host":["localhost:8080"],"connection":["keep-alive"],"sec-ch-ua-platform":["\"Windows\""],"authorization":"[HIDDEN]","sec-ch-ua":["\"Chromium\";v=\"140\", \"Not=A?Brand\";v=\"24\", \"Google Chrome\";v=\"140\""],"sec-ch-ua-mobile":["?0"],"access-control-allow-credentials":["true"],"user-agent":["Mozilla/5.0 (Windows NT 10.0; Win64; x64) AppleWebKit/537.36 (KHTML, like Gecko) Chrome/140.0.0.0 Safari/537.36"],"accept":["application/json, text/plain, */*"],"content-type":["application/json"],"origin":["http://localhost:4200"],"sec-fetch-site":["same-site"],"sec-fetch-mode":["cors"],"sec-fetch-dest":["empty"],"referer":["http://localhost:4200/"],"accept-encoding":["gzip, deflate, br, zstd"],"accept-language":["es-419,es;q=0.9"]},"query_params":[],"request_data":[],"request_size":0,"timestamp":"2025-10-03T01:05:10.843464Z"},"timestamp":"2025-10-03T01:05:10.843793Z"} 
[2025-10-02 18:05:10] local.INFO: User Action {"action":"request_end","model":"API_Request","model_id":0,"user_id":15,"user_email":"proveedor@materialesconstruccion.mx","ip_address":"::1","user_agent":"Mozilla/5.0 (Windows NT 10.0; Win64; x64) AppleWebKit/537.36 (KHTML, like Gecko) Chrome/140.0.0.0 Safari/537.36","data":{"request_id":"req_68df2146cde690.43525546","method":"GET","path":"api/notifications","status_code":200,"execution_time_ms":7.43,"response_size":558,"memory_usage_mb":26.0,"memory_peak_mb":26.0,"user_id":15,"performance_category":"fast","response_headers":{"content_type":"application/json"}},"timestamp":"2025-10-03T01:05:10.850872Z"} 
[2025-10-02 18:05:10] local.ERROR: System Error {"error":"Suspicious Activity Detected","context":"Security","user_id":15,"ip_address":"::1","data":{"indicators":["high_request_volume"],"ip_address":"::1","user_id":15,"user_agent":"Mozilla/5.0 (Windows NT 10.0; Win64; x64) AppleWebKit/537.36 (KHTML, like Gecko) Chrome/140.0.0.0 Safari/537.36","path":"api/notifications","request_count":135},"timestamp":"2025-10-03T01:05:10.854674Z"} 
[2025-10-02 18:05:10] local.INFO: User Action {"action":"request_start","model":"API_Request","model_id":0,"user_id":15,"user_email":"proveedor@materialesconstruccion.mx","ip_address":"::1","user_agent":"Mozilla/5.0 (Windows NT 10.0; Win64; x64) AppleWebKit/537.36 (KHTML, like Gecko) Chrome/140.0.0.0 Safari/537.36","data":{"request_id":"req_68df2146f184e5.69303506","method":"GET","path":"api/proveedores/user/15","full_url":"http://localhost:8080/api/proveedores/user/15","ip_address":"::1","user_agent":"Mozilla/5.0 (Windows NT 10.0; Win64; x64) AppleWebKit/537.36 (KHTML, like Gecko) Chrome/140.0.0.0 Safari/537.36","referer":"http://localhost:4200/","user_id":15,"user_email":"proveedor@materialesconstruccion.mx","headers":{"host":["localhost:8080"],"connection":["keep-alive"],"sec-ch-ua-platform":["\"Windows\""],"authorization":"[HIDDEN]","sec-ch-ua":["\"Chromium\";v=\"140\", \"Not=A?Brand\";v=\"24\", \"Google Chrome\";v=\"140\""],"sec-ch-ua-mobile":["?0"],"access-control-allow-credentials":["true"],"user-agent":["Mozilla/5.0 (Windows NT 10.0; Win64; x64) AppleWebKit/537.36 (KHTML, like Gecko) Chrome/140.0.0.0 Safari/537.36"],"accept":["application/json, text/plain, */*"],"content-type":["application/json"],"origin":["http://localhost:4200"],"sec-fetch-site":["same-site"],"sec-fetch-mode":["cors"],"sec-fetch-dest":["empty"],"referer":["http://localhost:4200/"],"accept-encoding":["gzip, deflate, br, zstd"],"accept-language":["es-419,es;q=0.9"]},"query_params":[],"request_data":[],"request_size":0,"timestamp":"2025-10-03T01:05:10.989355Z"},"timestamp":"2025-10-03T01:05:10.989725Z"} 
[2025-10-02 18:05:10] local.INFO: User Action {"action":"request_end","model":"API_Request","model_id":0,"user_id":15,"user_email":"proveedor@materialesconstruccion.mx","ip_address":"::1","user_agent":"Mozilla/5.0 (Windows NT 10.0; Win64; x64) AppleWebKit/537.36 (KHTML, like Gecko) Chrome/140.0.0.0 Safari/537.36","data":{"request_id":"req_68df2146f184e5.69303506","method":"GET","path":"api/proveedores/user/15","status_code":200,"execution_time_ms":10.58,"response_size":1566,"memory_usage_mb":28.0,"memory_peak_mb":28.0,"user_id":15,"performance_category":"fast","response_headers":{"content_type":"application/json"}},"timestamp":"2025-10-03T01:05:10.999926Z"} 
[2025-10-02 18:05:11] local.ERROR: System Error {"error":"Suspicious Activity Detected","context":"Security","user_id":15,"ip_address":"::1","data":{"indicators":["high_request_volume"],"ip_address":"::1","user_id":15,"user_agent":"Mozilla/5.0 (Windows NT 10.0; Win64; x64) AppleWebKit/537.36 (KHTML, like Gecko) Chrome/140.0.0.0 Safari/537.36","path":"api/proveedores/user/15","request_count":136},"timestamp":"2025-10-03T01:05:11.003238Z"} 
[2025-10-02 18:05:11] local.INFO: User Action {"action":"request_start","model":"API_Request","model_id":0,"user_id":15,"user_email":"proveedor@materialesconstruccion.mx","ip_address":"::1","user_agent":"Mozilla/5.0 (Windows NT 10.0; Win64; x64) AppleWebKit/537.36 (KHTML, like Gecko) Chrome/140.0.0.0 Safari/537.36","data":{"request_id":"req_68df21472738e6.93964492","method":"GET","path":"api/auth/me","full_url":"http://localhost:8080/api/auth/me","ip_address":"::1","user_agent":"Mozilla/5.0 (Windows NT 10.0; Win64; x64) AppleWebKit/537.36 (KHTML, like Gecko) Chrome/140.0.0.0 Safari/537.36","referer":"http://localhost:4200/","user_id":15,"user_email":"proveedor@materialesconstruccion.mx","headers":{"host":["localhost:8080"],"connection":["keep-alive"],"sec-ch-ua-platform":["\"Windows\""],"authorization":"[HIDDEN]","sec-ch-ua":["\"Chromium\";v=\"140\", \"Not=A?Brand\";v=\"24\", \"Google Chrome\";v=\"140\""],"sec-ch-ua-mobile":["?0"],"access-control-allow-credentials":["true"],"user-agent":["Mozilla/5.0 (Windows NT 10.0; Win64; x64) AppleWebKit/537.36 (KHTML, like Gecko) Chrome/140.0.0.0 Safari/537.36"],"accept":["application/json"],"content-type":["application/json"],"origin":["http://localhost:4200"],"sec-fetch-site":["same-site"],"sec-fetch-mode":["cors"],"sec-fetch-dest":["empty"],"referer":["http://localhost:4200/"],"accept-encoding":["gzip, deflate, br, zstd"],"accept-language":["es-419,es;q=0.9"]},"query_params":[],"request_data":[],"request_size":0,"timestamp":"2025-10-03T01:05:11.160768Z"},"timestamp":"2025-10-03T01:05:11.161124Z"} 
[2025-10-02 18:05:11] local.INFO: User Action {"action":"request_end","model":"API_Request","model_id":0,"user_id":15,"user_email":"proveedor@materialesconstruccion.mx","ip_address":"::1","user_agent":"Mozilla/5.0 (Windows NT 10.0; Win64; x64) AppleWebKit/537.36 (KHTML, like Gecko) Chrome/140.0.0.0 Safari/537.36","data":{"request_id":"req_68df21472738e6.93964492","method":"GET","path":"api/auth/me","status_code":200,"execution_time_ms":10.81,"response_size":1979,"memory_usage_mb":28.0,"memory_peak_mb":28.0,"user_id":15,"performance_category":"fast","response_headers":{"content_type":"application/json"}},"timestamp":"2025-10-03T01:05:11.171534Z"} 
[2025-10-02 18:05:11] local.ERROR: System Error {"error":"Suspicious Activity Detected","context":"Security","user_id":15,"ip_address":"::1","data":{"indicators":["high_request_volume"],"ip_address":"::1","user_id":15,"user_agent":"Mozilla/5.0 (Windows NT 10.0; Win64; x64) AppleWebKit/537.36 (KHTML, like Gecko) Chrome/140.0.0.0 Safari/537.36","path":"api/auth/me","request_count":137},"timestamp":"2025-10-03T01:05:11.174794Z"} 
[2025-10-02 18:05:11] local.INFO: User Action {"action":"request_start","model":"API_Request","model_id":0,"user_id":15,"user_email":"proveedor@materialesconstruccion.mx","ip_address":"::1","user_agent":"Mozilla/5.0 (Windows NT 10.0; Win64; x64) AppleWebKit/537.36 (KHTML, like Gecko) Chrome/140.0.0.0 Safari/537.36","data":{"request_id":"req_68df2147a60c48.47904167","method":"GET","path":"api/proveedores/4/solicitudes-pago","full_url":"http://localhost:8080/api/proveedores/4/solicitudes-pago?estado_solicitud=pendiente&order=desc&per_page=15&sort_by=fecha_registro_pendiente","ip_address":"::1","user_agent":"Mozilla/5.0 (Windows NT 10.0; Win64; x64) AppleWebKit/537.36 (KHTML, like Gecko) Chrome/140.0.0.0 Safari/537.36","referer":"http://localhost:4200/","user_id":15,"user_email":"proveedor@materialesconstruccion.mx","headers":{"host":["localhost:8080"],"connection":["keep-alive"],"sec-ch-ua-platform":["\"Windows\""],"authorization":"[HIDDEN]","sec-ch-ua":["\"Chromium\";v=\"140\", \"Not=A?Brand\";v=\"24\", \"Google Chrome\";v=\"140\""],"sec-ch-ua-mobile":["?0"],"access-control-allow-credentials":["true"],"user-agent":["Mozilla/5.0 (Windows NT 10.0; Win64; x64) AppleWebKit/537.36 (KHTML, like Gecko) Chrome/140.0.0.0 Safari/537.36"],"accept":["application/json, text/plain, */*"],"content-type":["application/json"],"origin":["http://localhost:4200"],"sec-fetch-site":["same-site"],"sec-fetch-mode":["cors"],"sec-fetch-dest":["empty"],"referer":["http://localhost:4200/"],"accept-encoding":["gzip, deflate, br, zstd"],"accept-language":["es-419,es;q=0.9"]},"query_params":{"estado_solicitud":"pendiente","per_page":"15","sort_by":"fecha_registro_pendiente","order":"desc"},"request_data":{"_proveedor_id":4,"_user_proveedor_relation":"PRINCIPAL","estado_solicitud":"pendiente","per_page":"15","sort_by":"fecha_registro_pendiente","order":"desc"},"request_size":0,"timestamp":"2025-10-03T01:05:11.680230Z"},"timestamp":"2025-10-03T01:05:11.680620Z"} 
[2025-10-02 18:05:11] local.INFO: User Action {"action":"request_end","model":"API_Request","model_id":0,"user_id":15,"user_email":"proveedor@materialesconstruccion.mx","ip_address":"::1","user_agent":"Mozilla/5.0 (Windows NT 10.0; Win64; x64) AppleWebKit/537.36 (KHTML, like Gecko) Chrome/140.0.0.0 Safari/537.36","data":{"request_id":"req_68df2147a60c48.47904167","method":"GET","path":"api/proveedores/4/solicitudes-pago","status_code":200,"execution_time_ms":12.92,"response_size":9744,"memory_usage_mb":28.0,"memory_peak_mb":28.0,"user_id":15,"performance_category":"fast","response_headers":{"content_type":"application/json"}},"timestamp":"2025-10-03T01:05:11.693124Z"} 
[2025-10-02 18:05:11] local.ERROR: System Error {"error":"Suspicious Activity Detected","context":"Security","user_id":15,"ip_address":"::1","data":{"indicators":["high_request_volume"],"ip_address":"::1","user_id":15,"user_agent":"Mozilla/5.0 (Windows NT 10.0; Win64; x64) AppleWebKit/537.36 (KHTML, like Gecko) Chrome/140.0.0.0 Safari/537.36","path":"api/proveedores/4/solicitudes-pago","request_count":138},"timestamp":"2025-10-03T01:05:11.696353Z"} 
[2025-10-02 18:05:18] local.INFO: User Action {"action":"request_start","model":"API_Request","model_id":0,"user_id":15,"user_email":"proveedor@materialesconstruccion.mx","ip_address":"::1","user_agent":"Mozilla/5.0 (Windows NT 10.0; Win64; x64) AppleWebKit/537.36 (KHTML, like Gecko) Chrome/140.0.0.0 Safari/537.36","data":{"request_id":"req_68df214e387a37.02954368","method":"GET","path":"api/auth/me","full_url":"http://localhost:8080/api/auth/me","ip_address":"::1","user_agent":"Mozilla/5.0 (Windows NT 10.0; Win64; x64) AppleWebKit/537.36 (KHTML, like Gecko) Chrome/140.0.0.0 Safari/537.36","referer":"http://localhost:4200/","user_id":15,"user_email":"proveedor@materialesconstruccion.mx","headers":{"host":["localhost:8080"],"connection":["keep-alive"],"sec-ch-ua-platform":["\"Windows\""],"authorization":"[HIDDEN]","sec-ch-ua":["\"Chromium\";v=\"140\", \"Not=A?Brand\";v=\"24\", \"Google Chrome\";v=\"140\""],"sec-ch-ua-mobile":["?0"],"access-control-allow-credentials":["true"],"user-agent":["Mozilla/5.0 (Windows NT 10.0; Win64; x64) AppleWebKit/537.36 (KHTML, like Gecko) Chrome/140.0.0.0 Safari/537.36"],"accept":["application/json"],"content-type":["application/json"],"origin":["http://localhost:4200"],"sec-fetch-site":["same-site"],"sec-fetch-mode":["cors"],"sec-fetch-dest":["empty"],"referer":["http://localhost:4200/"],"accept-encoding":["gzip, deflate, br, zstd"],"accept-language":["es-419,es;q=0.9"]},"query_params":[],"request_data":[],"request_size":0,"timestamp":"2025-10-03T01:05:18.231466Z"},"timestamp":"2025-10-03T01:05:18.231856Z"} 
[2025-10-02 18:05:18] local.INFO: User Action {"action":"request_end","model":"API_Request","model_id":0,"user_id":15,"user_email":"proveedor@materialesconstruccion.mx","ip_address":"::1","user_agent":"Mozilla/5.0 (Windows NT 10.0; Win64; x64) AppleWebKit/537.36 (KHTML, like Gecko) Chrome/140.0.0.0 Safari/537.36","data":{"request_id":"req_68df214e387a37.02954368","method":"GET","path":"api/auth/me","status_code":200,"execution_time_ms":12.24,"response_size":1979,"memory_usage_mb":28.0,"memory_peak_mb":28.0,"user_id":15,"performance_category":"fast","response_headers":{"content_type":"application/json"}},"timestamp":"2025-10-03T01:05:18.243643Z"} 
[2025-10-02 18:05:18] local.ERROR: System Error {"error":"Suspicious Activity Detected","context":"Security","user_id":15,"ip_address":"::1","data":{"indicators":["high_request_volume"],"ip_address":"::1","user_id":15,"user_agent":"Mozilla/5.0 (Windows NT 10.0; Win64; x64) AppleWebKit/537.36 (KHTML, like Gecko) Chrome/140.0.0.0 Safari/537.36","path":"api/auth/me","request_count":139},"timestamp":"2025-10-03T01:05:18.246897Z"} 
[2025-10-02 18:05:18] local.INFO: User Action {"action":"request_start","model":"API_Request","model_id":0,"user_id":15,"user_email":"proveedor@materialesconstruccion.mx","ip_address":"::1","user_agent":"Mozilla/5.0 (Windows NT 10.0; Win64; x64) AppleWebKit/537.36 (KHTML, like Gecko) Chrome/140.0.0.0 Safari/537.36","data":{"request_id":"req_68df214ed77621.65862868","method":"GET","path":"api/notifications","full_url":"http://localhost:8080/api/notifications","ip_address":"::1","user_agent":"Mozilla/5.0 (Windows NT 10.0; Win64; x64) AppleWebKit/537.36 (KHTML, like Gecko) Chrome/140.0.0.0 Safari/537.36","referer":"http://localhost:4200/","user_id":15,"user_email":"proveedor@materialesconstruccion.mx","headers":{"host":["localhost:8080"],"connection":["keep-alive"],"sec-ch-ua-platform":["\"Windows\""],"authorization":"[HIDDEN]","sec-ch-ua":["\"Chromium\";v=\"140\", \"Not=A?Brand\";v=\"24\", \"Google Chrome\";v=\"140\""],"sec-ch-ua-mobile":["?0"],"access-control-allow-credentials":["true"],"user-agent":["Mozilla/5.0 (Windows NT 10.0; Win64; x64) AppleWebKit/537.36 (KHTML, like Gecko) Chrome/140.0.0.0 Safari/537.36"],"accept":["application/json, text/plain, */*"],"content-type":["application/json"],"origin":["http://localhost:4200"],"sec-fetch-site":["same-site"],"sec-fetch-mode":["cors"],"sec-fetch-dest":["empty"],"referer":["http://localhost:4200/"],"accept-encoding":["gzip, deflate, br, zstd"],"accept-language":["es-419,es;q=0.9"]},"query_params":[],"request_data":[],"request_size":0,"timestamp":"2025-10-03T01:05:18.882637Z"},"timestamp":"2025-10-03T01:05:18.882991Z"} 
[2025-10-02 18:05:18] local.INFO: User Action {"action":"request_end","model":"API_Request","model_id":0,"user_id":15,"user_email":"proveedor@materialesconstruccion.mx","ip_address":"::1","user_agent":"Mozilla/5.0 (Windows NT 10.0; Win64; x64) AppleWebKit/537.36 (KHTML, like Gecko) Chrome/140.0.0.0 Safari/537.36","data":{"request_id":"req_68df214ed77621.65862868","method":"GET","path":"api/notifications","status_code":200,"execution_time_ms":6.58,"response_size":558,"memory_usage_mb":26.0,"memory_peak_mb":26.0,"user_id":15,"performance_category":"fast","response_headers":{"content_type":"application/json"}},"timestamp":"2025-10-03T01:05:18.889178Z"} 
[2025-10-02 18:05:18] local.ERROR: System Error {"error":"Suspicious Activity Detected","context":"Security","user_id":15,"ip_address":"::1","data":{"indicators":["high_request_volume"],"ip_address":"::1","user_id":15,"user_agent":"Mozilla/5.0 (Windows NT 10.0; Win64; x64) AppleWebKit/537.36 (KHTML, like Gecko) Chrome/140.0.0.0 Safari/537.36","path":"api/notifications","request_count":140},"timestamp":"2025-10-03T01:05:18.892717Z"} 
[2025-10-02 18:05:19] local.INFO: User Action {"action":"request_start","model":"API_Request","model_id":0,"user_id":15,"user_email":"proveedor@materialesconstruccion.mx","ip_address":"::1","user_agent":"Mozilla/5.0 (Windows NT 10.0; Win64; x64) AppleWebKit/537.36 (KHTML, like Gecko) Chrome/140.0.0.0 Safari/537.36","data":{"request_id":"req_68df214f059ea7.55789106","method":"GET","path":"api/proveedores/user/15","full_url":"http://localhost:8080/api/proveedores/user/15","ip_address":"::1","user_agent":"Mozilla/5.0 (Windows NT 10.0; Win64; x64) AppleWebKit/537.36 (KHTML, like Gecko) Chrome/140.0.0.0 Safari/537.36","referer":"http://localhost:4200/","user_id":15,"user_email":"proveedor@materialesconstruccion.mx","headers":{"host":["localhost:8080"],"connection":["keep-alive"],"sec-ch-ua-platform":["\"Windows\""],"authorization":"[HIDDEN]","sec-ch-ua":["\"Chromium\";v=\"140\", \"Not=A?Brand\";v=\"24\", \"Google Chrome\";v=\"140\""],"sec-ch-ua-mobile":["?0"],"access-control-allow-credentials":["true"],"user-agent":["Mozilla/5.0 (Windows NT 10.0; Win64; x64) AppleWebKit/537.36 (KHTML, like Gecko) Chrome/140.0.0.0 Safari/537.36"],"accept":["application/json, text/plain, */*"],"content-type":["application/json"],"origin":["http://localhost:4200"],"sec-fetch-site":["same-site"],"sec-fetch-mode":["cors"],"sec-fetch-dest":["empty"],"referer":["http://localhost:4200/"],"accept-encoding":["gzip, deflate, br, zstd"],"accept-language":["es-419,es;q=0.9"]},"query_params":[],"request_data":[],"request_size":0,"timestamp":"2025-10-03T01:05:19.023123Z"},"timestamp":"2025-10-03T01:05:19.023507Z"} 
[2025-10-02 18:05:19] local.INFO: User Action {"action":"request_end","model":"API_Request","model_id":0,"user_id":15,"user_email":"proveedor@materialesconstruccion.mx","ip_address":"::1","user_agent":"Mozilla/5.0 (Windows NT 10.0; Win64; x64) AppleWebKit/537.36 (KHTML, like Gecko) Chrome/140.0.0.0 Safari/537.36","data":{"request_id":"req_68df214f059ea7.55789106","method":"GET","path":"api/proveedores/user/15","status_code":200,"execution_time_ms":11.32,"response_size":1566,"memory_usage_mb":28.0,"memory_peak_mb":28.0,"user_id":15,"performance_category":"fast","response_headers":{"content_type":"application/json"}},"timestamp":"2025-10-03T01:05:19.034407Z"} 
[2025-10-02 18:05:19] local.ERROR: System Error {"error":"Suspicious Activity Detected","context":"Security","user_id":15,"ip_address":"::1","data":{"indicators":["high_request_volume"],"ip_address":"::1","user_id":15,"user_agent":"Mozilla/5.0 (Windows NT 10.0; Win64; x64) AppleWebKit/537.36 (KHTML, like Gecko) Chrome/140.0.0.0 Safari/537.36","path":"api/proveedores/user/15","request_count":141},"timestamp":"2025-10-03T01:05:19.038003Z"} 
[2025-10-02 18:05:19] local.INFO: User Action {"action":"request_start","model":"API_Request","model_id":0,"user_id":15,"user_email":"proveedor@materialesconstruccion.mx","ip_address":"::1","user_agent":"Mozilla/5.0 (Windows NT 10.0; Win64; x64) AppleWebKit/537.36 (KHTML, like Gecko) Chrome/140.0.0.0 Safari/537.36","data":{"request_id":"req_68df214f2eef58.17560691","method":"GET","path":"api/auth/me","full_url":"http://localhost:8080/api/auth/me","ip_address":"::1","user_agent":"Mozilla/5.0 (Windows NT 10.0; Win64; x64) AppleWebKit/537.36 (KHTML, like Gecko) Chrome/140.0.0.0 Safari/537.36","referer":"http://localhost:4200/","user_id":15,"user_email":"proveedor@materialesconstruccion.mx","headers":{"host":["localhost:8080"],"connection":["keep-alive"],"sec-ch-ua-platform":["\"Windows\""],"authorization":"[HIDDEN]","sec-ch-ua":["\"Chromium\";v=\"140\", \"Not=A?Brand\";v=\"24\", \"Google Chrome\";v=\"140\""],"sec-ch-ua-mobile":["?0"],"access-control-allow-credentials":["true"],"user-agent":["Mozilla/5.0 (Windows NT 10.0; Win64; x64) AppleWebKit/537.36 (KHTML, like Gecko) Chrome/140.0.0.0 Safari/537.36"],"accept":["application/json"],"content-type":["application/json"],"origin":["http://localhost:4200"],"sec-fetch-site":["same-site"],"sec-fetch-mode":["cors"],"sec-fetch-dest":["empty"],"referer":["http://localhost:4200/"],"accept-encoding":["gzip, deflate, br, zstd"],"accept-language":["es-419,es;q=0.9"]},"query_params":[],"request_data":[],"request_size":0,"timestamp":"2025-10-03T01:05:19.192350Z"},"timestamp":"2025-10-03T01:05:19.192731Z"} 
[2025-10-02 18:05:19] local.INFO: User Action {"action":"request_end","model":"API_Request","model_id":0,"user_id":15,"user_email":"proveedor@materialesconstruccion.mx","ip_address":"::1","user_agent":"Mozilla/5.0 (Windows NT 10.0; Win64; x64) AppleWebKit/537.36 (KHTML, like Gecko) Chrome/140.0.0.0 Safari/537.36","data":{"request_id":"req_68df214f2eef58.17560691","method":"GET","path":"api/auth/me","status_code":200,"execution_time_ms":11.11,"response_size":1979,"memory_usage_mb":28.0,"memory_peak_mb":28.0,"user_id":15,"performance_category":"fast","response_headers":{"content_type":"application/json"}},"timestamp":"2025-10-03T01:05:19.203428Z"} 
[2025-10-02 18:05:19] local.ERROR: System Error {"error":"Suspicious Activity Detected","context":"Security","user_id":15,"ip_address":"::1","data":{"indicators":["high_request_volume"],"ip_address":"::1","user_id":15,"user_agent":"Mozilla/5.0 (Windows NT 10.0; Win64; x64) AppleWebKit/537.36 (KHTML, like Gecko) Chrome/140.0.0.0 Safari/537.36","path":"api/auth/me","request_count":142},"timestamp":"2025-10-03T01:05:19.206736Z"} 
[2025-10-02 18:05:19] local.INFO: User Action {"action":"request_start","model":"API_Request","model_id":0,"user_id":15,"user_email":"proveedor@materialesconstruccion.mx","ip_address":"::1","user_agent":"Mozilla/5.0 (Windows NT 10.0; Win64; x64) AppleWebKit/537.36 (KHTML, like Gecko) Chrome/140.0.0.0 Safari/537.36","data":{"request_id":"req_68df214fad6428.67585691","method":"GET","path":"api/proveedores/4/solicitudes-pago","full_url":"http://localhost:8080/api/proveedores/4/solicitudes-pago?estado_solicitud=pendiente&order=desc&per_page=15&sort_by=fecha_registro_pendiente","ip_address":"::1","user_agent":"Mozilla/5.0 (Windows NT 10.0; Win64; x64) AppleWebKit/537.36 (KHTML, like Gecko) Chrome/140.0.0.0 Safari/537.36","referer":"http://localhost:4200/","user_id":15,"user_email":"proveedor@materialesconstruccion.mx","headers":{"host":["localhost:8080"],"connection":["keep-alive"],"sec-ch-ua-platform":["\"Windows\""],"authorization":"[HIDDEN]","sec-ch-ua":["\"Chromium\";v=\"140\", \"Not=A?Brand\";v=\"24\", \"Google Chrome\";v=\"140\""],"sec-ch-ua-mobile":["?0"],"access-control-allow-credentials":["true"],"user-agent":["Mozilla/5.0 (Windows NT 10.0; Win64; x64) AppleWebKit/537.36 (KHTML, like Gecko) Chrome/140.0.0.0 Safari/537.36"],"accept":["application/json, text/plain, */*"],"content-type":["application/json"],"origin":["http://localhost:4200"],"sec-fetch-site":["same-site"],"sec-fetch-mode":["cors"],"sec-fetch-dest":["empty"],"referer":["http://localhost:4200/"],"accept-encoding":["gzip, deflate, br, zstd"],"accept-language":["es-419,es;q=0.9"]},"query_params":{"estado_solicitud":"pendiente","per_page":"15","sort_by":"fecha_registro_pendiente","order":"desc"},"request_data":{"_proveedor_id":4,"_user_proveedor_relation":"PRINCIPAL","estado_solicitud":"pendiente","per_page":"15","sort_by":"fecha_registro_pendiente","order":"desc"},"request_size":0,"timestamp":"2025-10-03T01:05:19.710304Z"},"timestamp":"2025-10-03T01:05:19.710664Z"} 
[2025-10-02 18:05:19] local.INFO: User Action {"action":"request_end","model":"API_Request","model_id":0,"user_id":15,"user_email":"proveedor@materialesconstruccion.mx","ip_address":"::1","user_agent":"Mozilla/5.0 (Windows NT 10.0; Win64; x64) AppleWebKit/537.36 (KHTML, like Gecko) Chrome/140.0.0.0 Safari/537.36","data":{"request_id":"req_68df214fad6428.67585691","method":"GET","path":"api/proveedores/4/solicitudes-pago","status_code":200,"execution_time_ms":13.18,"response_size":9744,"memory_usage_mb":28.0,"memory_peak_mb":28.0,"user_id":15,"performance_category":"fast","response_headers":{"content_type":"application/json"}},"timestamp":"2025-10-03T01:05:19.723471Z"} 
[2025-10-02 18:05:19] local.ERROR: System Error {"error":"Suspicious Activity Detected","context":"Security","user_id":15,"ip_address":"::1","data":{"indicators":["high_request_volume"],"ip_address":"::1","user_id":15,"user_agent":"Mozilla/5.0 (Windows NT 10.0; Win64; x64) AppleWebKit/537.36 (KHTML, like Gecko) Chrome/140.0.0.0 Safari/537.36","path":"api/proveedores/4/solicitudes-pago","request_count":143},"timestamp":"2025-10-03T01:05:19.727079Z"} 
[2025-10-02 18:05:28] local.INFO: User Action {"action":"request_start","model":"API_Request","model_id":0,"user_id":15,"user_email":"proveedor@materialesconstruccion.mx","ip_address":"::1","user_agent":"Mozilla/5.0 (Windows NT 10.0; Win64; x64) AppleWebKit/537.36 (KHTML, like Gecko) Chrome/140.0.0.0 Safari/537.36","data":{"request_id":"req_68df215884fd48.94907351","method":"GET","path":"api/auth/me","full_url":"http://localhost:8080/api/auth/me","ip_address":"::1","user_agent":"Mozilla/5.0 (Windows NT 10.0; Win64; x64) AppleWebKit/537.36 (KHTML, like Gecko) Chrome/140.0.0.0 Safari/537.36","referer":"http://localhost:4200/","user_id":15,"user_email":"proveedor@materialesconstruccion.mx","headers":{"host":["localhost:8080"],"connection":["keep-alive"],"sec-ch-ua-platform":["\"Windows\""],"authorization":"[HIDDEN]","sec-ch-ua":["\"Chromium\";v=\"140\", \"Not=A?Brand\";v=\"24\", \"Google Chrome\";v=\"140\""],"sec-ch-ua-mobile":["?0"],"access-control-allow-credentials":["true"],"user-agent":["Mozilla/5.0 (Windows NT 10.0; Win64; x64) AppleWebKit/537.36 (KHTML, like Gecko) Chrome/140.0.0.0 Safari/537.36"],"accept":["application/json"],"content-type":["application/json"],"origin":["http://localhost:4200"],"sec-fetch-site":["same-site"],"sec-fetch-mode":["cors"],"sec-fetch-dest":["empty"],"referer":["http://localhost:4200/"],"accept-encoding":["gzip, deflate, br, zstd"],"accept-language":["es-419,es;q=0.9"]},"query_params":[],"request_data":[],"request_size":0,"timestamp":"2025-10-03T01:05:28.544847Z"},"timestamp":"2025-10-03T01:05:28.545224Z"} 
[2025-10-02 18:05:28] local.INFO: User Action {"action":"request_end","model":"API_Request","model_id":0,"user_id":15,"user_email":"proveedor@materialesconstruccion.mx","ip_address":"::1","user_agent":"Mozilla/5.0 (Windows NT 10.0; Win64; x64) AppleWebKit/537.36 (KHTML, like Gecko) Chrome/140.0.0.0 Safari/537.36","data":{"request_id":"req_68df215884fd48.94907351","method":"GET","path":"api/auth/me","status_code":200,"execution_time_ms":12.17,"response_size":1979,"memory_usage_mb":28.0,"memory_peak_mb":28.0,"user_id":15,"performance_category":"fast","response_headers":{"content_type":"application/json"}},"timestamp":"2025-10-03T01:05:28.557000Z"} 
[2025-10-02 18:05:28] local.ERROR: System Error {"error":"Suspicious Activity Detected","context":"Security","user_id":15,"ip_address":"::1","data":{"indicators":["high_request_volume"],"ip_address":"::1","user_id":15,"user_agent":"Mozilla/5.0 (Windows NT 10.0; Win64; x64) AppleWebKit/537.36 (KHTML, like Gecko) Chrome/140.0.0.0 Safari/537.36","path":"api/auth/me","request_count":144},"timestamp":"2025-10-03T01:05:28.561016Z"} 
[2025-10-02 18:05:29] local.INFO: User Action {"action":"request_start","model":"API_Request","model_id":0,"user_id":15,"user_email":"proveedor@materialesconstruccion.mx","ip_address":"::1","user_agent":"Mozilla/5.0 (Windows NT 10.0; Win64; x64) AppleWebKit/537.36 (KHTML, like Gecko) Chrome/140.0.0.0 Safari/537.36","data":{"request_id":"req_68df2159354174.34886515","method":"GET","path":"api/notifications","full_url":"http://localhost:8080/api/notifications","ip_address":"::1","user_agent":"Mozilla/5.0 (Windows NT 10.0; Win64; x64) AppleWebKit/537.36 (KHTML, like Gecko) Chrome/140.0.0.0 Safari/537.36","referer":"http://localhost:4200/","user_id":15,"user_email":"proveedor@materialesconstruccion.mx","headers":{"host":["localhost:8080"],"connection":["keep-alive"],"sec-ch-ua-platform":["\"Windows\""],"authorization":"[HIDDEN]","sec-ch-ua":["\"Chromium\";v=\"140\", \"Not=A?Brand\";v=\"24\", \"Google Chrome\";v=\"140\""],"sec-ch-ua-mobile":["?0"],"access-control-allow-credentials":["true"],"user-agent":["Mozilla/5.0 (Windows NT 10.0; Win64; x64) AppleWebKit/537.36 (KHTML, like Gecko) Chrome/140.0.0.0 Safari/537.36"],"accept":["application/json, text/plain, */*"],"content-type":["application/json"],"origin":["http://localhost:4200"],"sec-fetch-site":["same-site"],"sec-fetch-mode":["cors"],"sec-fetch-dest":["empty"],"referer":["http://localhost:4200/"],"accept-encoding":["gzip, deflate, br, zstd"],"accept-language":["es-419,es;q=0.9"]},"query_params":[],"request_data":[],"request_size":0,"timestamp":"2025-10-03T01:05:29.218370Z"},"timestamp":"2025-10-03T01:05:29.219291Z"} 
[2025-10-02 18:05:29] local.INFO: User Action {"action":"request_end","model":"API_Request","model_id":0,"user_id":15,"user_email":"proveedor@materialesconstruccion.mx","ip_address":"::1","user_agent":"Mozilla/5.0 (Windows NT 10.0; Win64; x64) AppleWebKit/537.36 (KHTML, like Gecko) Chrome/140.0.0.0 Safari/537.36","data":{"request_id":"req_68df2159354174.34886515","method":"GET","path":"api/notifications","status_code":200,"execution_time_ms":7.59,"response_size":558,"memory_usage_mb":26.0,"memory_peak_mb":26.0,"user_id":15,"performance_category":"fast","response_headers":{"content_type":"application/json"}},"timestamp":"2025-10-03T01:05:29.225776Z"} 
[2025-10-02 18:05:29] local.ERROR: System Error {"error":"Suspicious Activity Detected","context":"Security","user_id":15,"ip_address":"::1","data":{"indicators":["high_request_volume"],"ip_address":"::1","user_id":15,"user_agent":"Mozilla/5.0 (Windows NT 10.0; Win64; x64) AppleWebKit/537.36 (KHTML, like Gecko) Chrome/140.0.0.0 Safari/537.36","path":"api/notifications","request_count":145},"timestamp":"2025-10-03T01:05:29.230806Z"} 
[2025-10-02 18:05:29] local.INFO: User Action {"action":"request_start","model":"API_Request","model_id":0,"user_id":15,"user_email":"proveedor@materialesconstruccion.mx","ip_address":"::1","user_agent":"Mozilla/5.0 (Windows NT 10.0; Win64; x64) AppleWebKit/537.36 (KHTML, like Gecko) Chrome/140.0.0.0 Safari/537.36","data":{"request_id":"req_68df215958ee81.00741021","method":"GET","path":"api/proveedores/user/15","full_url":"http://localhost:8080/api/proveedores/user/15","ip_address":"::1","user_agent":"Mozilla/5.0 (Windows NT 10.0; Win64; x64) AppleWebKit/537.36 (KHTML, like Gecko) Chrome/140.0.0.0 Safari/537.36","referer":"http://localhost:4200/","user_id":15,"user_email":"proveedor@materialesconstruccion.mx","headers":{"host":["localhost:8080"],"connection":["keep-alive"],"sec-ch-ua-platform":["\"Windows\""],"authorization":"[HIDDEN]","sec-ch-ua":["\"Chromium\";v=\"140\", \"Not=A?Brand\";v=\"24\", \"Google Chrome\";v=\"140\""],"sec-ch-ua-mobile":["?0"],"access-control-allow-credentials":["true"],"user-agent":["Mozilla/5.0 (Windows NT 10.0; Win64; x64) AppleWebKit/537.36 (KHTML, like Gecko) Chrome/140.0.0.0 Safari/537.36"],"accept":["application/json, text/plain, */*"],"content-type":["application/json"],"origin":["http://localhost:4200"],"sec-fetch-site":["same-site"],"sec-fetch-mode":["cors"],"sec-fetch-dest":["empty"],"referer":["http://localhost:4200/"],"accept-encoding":["gzip, deflate, br, zstd"],"accept-language":["es-419,es;q=0.9"]},"query_params":[],"request_data":[],"request_size":0,"timestamp":"2025-10-03T01:05:29.364356Z"},"timestamp":"2025-10-03T01:05:29.364708Z"} 
[2025-10-02 18:05:29] local.INFO: User Action {"action":"request_end","model":"API_Request","model_id":0,"user_id":15,"user_email":"proveedor@materialesconstruccion.mx","ip_address":"::1","user_agent":"Mozilla/5.0 (Windows NT 10.0; Win64; x64) AppleWebKit/537.36 (KHTML, like Gecko) Chrome/140.0.0.0 Safari/537.36","data":{"request_id":"req_68df215958ee81.00741021","method":"GET","path":"api/proveedores/user/15","status_code":200,"execution_time_ms":11.89,"response_size":1566,"memory_usage_mb":28.0,"memory_peak_mb":28.0,"user_id":15,"performance_category":"fast","response_headers":{"content_type":"application/json"}},"timestamp":"2025-10-03T01:05:29.376223Z"} 
[2025-10-02 18:05:29] local.ERROR: System Error {"error":"Suspicious Activity Detected","context":"Security","user_id":15,"ip_address":"::1","data":{"indicators":["high_request_volume"],"ip_address":"::1","user_id":15,"user_agent":"Mozilla/5.0 (Windows NT 10.0; Win64; x64) AppleWebKit/537.36 (KHTML, like Gecko) Chrome/140.0.0.0 Safari/537.36","path":"api/proveedores/user/15","request_count":146},"timestamp":"2025-10-03T01:05:29.380577Z"} 
[2025-10-02 18:05:29] local.INFO: User Action {"action":"request_start","model":"API_Request","model_id":0,"user_id":15,"user_email":"proveedor@materialesconstruccion.mx","ip_address":"::1","user_agent":"Mozilla/5.0 (Windows NT 10.0; Win64; x64) AppleWebKit/537.36 (KHTML, like Gecko) Chrome/140.0.0.0 Safari/537.36","data":{"request_id":"req_68df21597d71d6.73609893","method":"GET","path":"api/auth/me","full_url":"http://localhost:8080/api/auth/me","ip_address":"::1","user_agent":"Mozilla/5.0 (Windows NT 10.0; Win64; x64) AppleWebKit/537.36 (KHTML, like Gecko) Chrome/140.0.0.0 Safari/537.36","referer":"http://localhost:4200/","user_id":15,"user_email":"proveedor@materialesconstruccion.mx","headers":{"host":["localhost:8080"],"connection":["keep-alive"],"sec-ch-ua-platform":["\"Windows\""],"authorization":"[HIDDEN]","sec-ch-ua":["\"Chromium\";v=\"140\", \"Not=A?Brand\";v=\"24\", \"Google Chrome\";v=\"140\""],"sec-ch-ua-mobile":["?0"],"access-control-allow-credentials":["true"],"user-agent":["Mozilla/5.0 (Windows NT 10.0; Win64; x64) AppleWebKit/537.36 (KHTML, like Gecko) Chrome/140.0.0.0 Safari/537.36"],"accept":["application/json"],"content-type":["application/json"],"origin":["http://localhost:4200"],"sec-fetch-site":["same-site"],"sec-fetch-mode":["cors"],"sec-fetch-dest":["empty"],"referer":["http://localhost:4200/"],"accept-encoding":["gzip, deflate, br, zstd"],"accept-language":["es-419,es;q=0.9"]},"query_params":[],"request_data":[],"request_size":0,"timestamp":"2025-10-03T01:05:29.513922Z"},"timestamp":"2025-10-03T01:05:29.514262Z"} 
[2025-10-02 18:05:29] local.INFO: User Action {"action":"request_end","model":"API_Request","model_id":0,"user_id":15,"user_email":"proveedor@materialesconstruccion.mx","ip_address":"::1","user_agent":"Mozilla/5.0 (Windows NT 10.0; Win64; x64) AppleWebKit/537.36 (KHTML, like Gecko) Chrome/140.0.0.0 Safari/537.36","data":{"request_id":"req_68df21597d71d6.73609893","method":"GET","path":"api/auth/me","status_code":200,"execution_time_ms":11.18,"response_size":1979,"memory_usage_mb":28.0,"memory_peak_mb":28.0,"user_id":15,"performance_category":"fast","response_headers":{"content_type":"application/json"}},"timestamp":"2025-10-03T01:05:29.525067Z"} 
[2025-10-02 18:05:29] local.ERROR: System Error {"error":"Suspicious Activity Detected","context":"Security","user_id":15,"ip_address":"::1","data":{"indicators":["high_request_volume"],"ip_address":"::1","user_id":15,"user_agent":"Mozilla/5.0 (Windows NT 10.0; Win64; x64) AppleWebKit/537.36 (KHTML, like Gecko) Chrome/140.0.0.0 Safari/537.36","path":"api/auth/me","request_count":147},"timestamp":"2025-10-03T01:05:29.634493Z"} 
[2025-10-02 18:05:30] local.INFO: User Action {"action":"request_start","model":"API_Request","model_id":0,"user_id":15,"user_email":"proveedor@materialesconstruccion.mx","ip_address":"::1","user_agent":"Mozilla/5.0 (Windows NT 10.0; Win64; x64) AppleWebKit/537.36 (KHTML, like Gecko) Chrome/140.0.0.0 Safari/537.36","data":{"request_id":"req_68df215a2492c9.75731405","method":"GET","path":"api/proveedores/4/solicitudes-pago","full_url":"http://localhost:8080/api/proveedores/4/solicitudes-pago?estado_solicitud=pendiente&order=desc&per_page=15&sort_by=fecha_registro_pendiente","ip_address":"::1","user_agent":"Mozilla/5.0 (Windows NT 10.0; Win64; x64) AppleWebKit/537.36 (KHTML, like Gecko) Chrome/140.0.0.0 Safari/537.36","referer":"http://localhost:4200/","user_id":15,"user_email":"proveedor@materialesconstruccion.mx","headers":{"host":["localhost:8080"],"connection":["keep-alive"],"sec-ch-ua-platform":["\"Windows\""],"authorization":"[HIDDEN]","sec-ch-ua":["\"Chromium\";v=\"140\", \"Not=A?Brand\";v=\"24\", \"Google Chrome\";v=\"140\""],"sec-ch-ua-mobile":["?0"],"access-control-allow-credentials":["true"],"user-agent":["Mozilla/5.0 (Windows NT 10.0; Win64; x64) AppleWebKit/537.36 (KHTML, like Gecko) Chrome/140.0.0.0 Safari/537.36"],"accept":["application/json, text/plain, */*"],"content-type":["application/json"],"origin":["http://localhost:4200"],"sec-fetch-site":["same-site"],"sec-fetch-mode":["cors"],"sec-fetch-dest":["empty"],"referer":["http://localhost:4200/"],"accept-encoding":["gzip, deflate, br, zstd"],"accept-language":["es-419,es;q=0.9"]},"query_params":{"estado_solicitud":"pendiente","per_page":"15","sort_by":"fecha_registro_pendiente","order":"desc"},"request_data":{"_proveedor_id":4,"_user_proveedor_relation":"PRINCIPAL","estado_solicitud":"pendiente","per_page":"15","sort_by":"fecha_registro_pendiente","order":"desc"},"request_size":0,"timestamp":"2025-10-03T01:05:30.149896Z"},"timestamp":"2025-10-03T01:05:30.150266Z"} 
[2025-10-02 18:05:30] local.INFO: User Action {"action":"request_end","model":"API_Request","model_id":0,"user_id":15,"user_email":"proveedor@materialesconstruccion.mx","ip_address":"::1","user_agent":"Mozilla/5.0 (Windows NT 10.0; Win64; x64) AppleWebKit/537.36 (KHTML, like Gecko) Chrome/140.0.0.0 Safari/537.36","data":{"request_id":"req_68df215a2492c9.75731405","method":"GET","path":"api/proveedores/4/solicitudes-pago","status_code":200,"execution_time_ms":12.62,"response_size":9744,"memory_usage_mb":28.0,"memory_peak_mb":28.0,"user_id":15,"performance_category":"fast","response_headers":{"content_type":"application/json"}},"timestamp":"2025-10-03T01:05:30.162503Z"} 
[2025-10-02 18:05:30] local.ERROR: System Error {"error":"Suspicious Activity Detected","context":"Security","user_id":15,"ip_address":"::1","data":{"indicators":["high_request_volume"],"ip_address":"::1","user_id":15,"user_agent":"Mozilla/5.0 (Windows NT 10.0; Win64; x64) AppleWebKit/537.36 (KHTML, like Gecko) Chrome/140.0.0.0 Safari/537.36","path":"api/proveedores/4/solicitudes-pago","request_count":148},"timestamp":"2025-10-03T01:05:30.166353Z"} 
[2025-10-02 18:05:37] local.INFO: User Action {"action":"request_start","model":"API_Request","model_id":0,"user_id":15,"user_email":"proveedor@materialesconstruccion.mx","ip_address":"::1","user_agent":"Mozilla/5.0 (Windows NT 10.0; Win64; x64) AppleWebKit/537.36 (KHTML, like Gecko) Chrome/140.0.0.0 Safari/537.36","data":{"request_id":"req_68df2161b4c051.92244019","method":"GET","path":"api/auth/me","full_url":"http://localhost:8080/api/auth/me","ip_address":"::1","user_agent":"Mozilla/5.0 (Windows NT 10.0; Win64; x64) AppleWebKit/537.36 (KHTML, like Gecko) Chrome/140.0.0.0 Safari/537.36","referer":"http://localhost:4200/","user_id":15,"user_email":"proveedor@materialesconstruccion.mx","headers":{"host":["localhost:8080"],"connection":["keep-alive"],"sec-ch-ua-platform":["\"Windows\""],"authorization":"[HIDDEN]","sec-ch-ua":["\"Chromium\";v=\"140\", \"Not=A?Brand\";v=\"24\", \"Google Chrome\";v=\"140\""],"sec-ch-ua-mobile":["?0"],"access-control-allow-credentials":["true"],"user-agent":["Mozilla/5.0 (Windows NT 10.0; Win64; x64) AppleWebKit/537.36 (KHTML, like Gecko) Chrome/140.0.0.0 Safari/537.36"],"accept":["application/json"],"content-type":["application/json"],"origin":["http://localhost:4200"],"sec-fetch-site":["same-site"],"sec-fetch-mode":["cors"],"sec-fetch-dest":["empty"],"referer":["http://localhost:4200/"],"accept-encoding":["gzip, deflate, br, zstd"],"accept-language":["es-419,es;q=0.9"]},"query_params":[],"request_data":[],"request_size":0,"timestamp":"2025-10-03T01:05:37.740487Z"},"timestamp":"2025-10-03T01:05:37.740892Z"} 
[2025-10-02 18:05:37] local.INFO: User Action {"action":"request_end","model":"API_Request","model_id":0,"user_id":15,"user_email":"proveedor@materialesconstruccion.mx","ip_address":"::1","user_agent":"Mozilla/5.0 (Windows NT 10.0; Win64; x64) AppleWebKit/537.36 (KHTML, like Gecko) Chrome/140.0.0.0 Safari/537.36","data":{"request_id":"req_68df2161b4c051.92244019","method":"GET","path":"api/auth/me","status_code":200,"execution_time_ms":10.94,"response_size":1979,"memory_usage_mb":28.0,"memory_peak_mb":28.0,"user_id":15,"performance_category":"fast","response_headers":{"content_type":"application/json"}},"timestamp":"2025-10-03T01:05:37.751363Z"} 
[2025-10-02 18:05:37] local.ERROR: System Error {"error":"Suspicious Activity Detected","context":"Security","user_id":15,"ip_address":"::1","data":{"indicators":["high_request_volume"],"ip_address":"::1","user_id":15,"user_agent":"Mozilla/5.0 (Windows NT 10.0; Win64; x64) AppleWebKit/537.36 (KHTML, like Gecko) Chrome/140.0.0.0 Safari/537.36","path":"api/auth/me","request_count":149},"timestamp":"2025-10-03T01:05:37.755064Z"} 
[2025-10-02 18:05:38] local.INFO: User Action {"action":"request_start","model":"API_Request","model_id":0,"user_id":15,"user_email":"proveedor@materialesconstruccion.mx","ip_address":"::1","user_agent":"Mozilla/5.0 (Windows NT 10.0; Win64; x64) AppleWebKit/537.36 (KHTML, like Gecko) Chrome/140.0.0.0 Safari/537.36","data":{"request_id":"req_68df21626f51d8.15629126","method":"GET","path":"api/notifications","full_url":"http://localhost:8080/api/notifications","ip_address":"::1","user_agent":"Mozilla/5.0 (Windows NT 10.0; Win64; x64) AppleWebKit/537.36 (KHTML, like Gecko) Chrome/140.0.0.0 Safari/537.36","referer":"http://localhost:4200/","user_id":15,"user_email":"proveedor@materialesconstruccion.mx","headers":{"host":["localhost:8080"],"connection":["keep-alive"],"sec-ch-ua-platform":["\"Windows\""],"authorization":"[HIDDEN]","sec-ch-ua":["\"Chromium\";v=\"140\", \"Not=A?Brand\";v=\"24\", \"Google Chrome\";v=\"140\""],"sec-ch-ua-mobile":["?0"],"access-control-allow-credentials":["true"],"user-agent":["Mozilla/5.0 (Windows NT 10.0; Win64; x64) AppleWebKit/537.36 (KHTML, like Gecko) Chrome/140.0.0.0 Safari/537.36"],"accept":["application/json, text/plain, */*"],"content-type":["application/json"],"origin":["http://localhost:4200"],"sec-fetch-site":["same-site"],"sec-fetch-mode":["cors"],"sec-fetch-dest":["empty"],"referer":["http://localhost:4200/"],"accept-encoding":["gzip, deflate, br, zstd"],"accept-language":["es-419,es;q=0.9"]},"query_params":[],"request_data":[],"request_size":0,"timestamp":"2025-10-03T01:05:38.456064Z"},"timestamp":"2025-10-03T01:05:38.456425Z"} 
[2025-10-02 18:05:38] local.INFO: User Action {"action":"request_end","model":"API_Request","model_id":0,"user_id":15,"user_email":"proveedor@materialesconstruccion.mx","ip_address":"::1","user_agent":"Mozilla/5.0 (Windows NT 10.0; Win64; x64) AppleWebKit/537.36 (KHTML, like Gecko) Chrome/140.0.0.0 Safari/537.36","data":{"request_id":"req_68df21626f51d8.15629126","method":"GET","path":"api/notifications","status_code":200,"execution_time_ms":7.74,"response_size":558,"memory_usage_mb":26.0,"memory_peak_mb":26.0,"user_id":15,"performance_category":"fast","response_headers":{"content_type":"application/json"}},"timestamp":"2025-10-03T01:05:38.463774Z"} 
[2025-10-02 18:05:38] local.ERROR: System Error {"error":"Suspicious Activity Detected","context":"Security","user_id":15,"ip_address":"::1","data":{"indicators":["high_request_volume"],"ip_address":"::1","user_id":15,"user_agent":"Mozilla/5.0 (Windows NT 10.0; Win64; x64) AppleWebKit/537.36 (KHTML, like Gecko) Chrome/140.0.0.0 Safari/537.36","path":"api/notifications","request_count":150},"timestamp":"2025-10-03T01:05:38.466780Z"} 
[2025-10-02 18:05:38] local.INFO: User Action {"action":"request_start","model":"API_Request","model_id":0,"user_id":15,"user_email":"proveedor@materialesconstruccion.mx","ip_address":"::1","user_agent":"Mozilla/5.0 (Windows NT 10.0; Win64; x64) AppleWebKit/537.36 (KHTML, like Gecko) Chrome/140.0.0.0 Safari/537.36","data":{"request_id":"req_68df2162909b78.26311741","method":"GET","path":"api/proveedores/user/15","full_url":"http://localhost:8080/api/proveedores/user/15","ip_address":"::1","user_agent":"Mozilla/5.0 (Windows NT 10.0; Win64; x64) AppleWebKit/537.36 (KHTML, like Gecko) Chrome/140.0.0.0 Safari/537.36","referer":"http://localhost:4200/","user_id":15,"user_email":"proveedor@materialesconstruccion.mx","headers":{"host":["localhost:8080"],"connection":["keep-alive"],"sec-ch-ua-platform":["\"Windows\""],"authorization":"[HIDDEN]","sec-ch-ua":["\"Chromium\";v=\"140\", \"Not=A?Brand\";v=\"24\", \"Google Chrome\";v=\"140\""],"sec-ch-ua-mobile":["?0"],"access-control-allow-credentials":["true"],"user-agent":["Mozilla/5.0 (Windows NT 10.0; Win64; x64) AppleWebKit/537.36 (KHTML, like Gecko) Chrome/140.0.0.0 Safari/537.36"],"accept":["application/json, text/plain, */*"],"content-type":["application/json"],"origin":["http://localhost:4200"],"sec-fetch-site":["same-site"],"sec-fetch-mode":["cors"],"sec-fetch-dest":["empty"],"referer":["http://localhost:4200/"],"accept-encoding":["gzip, deflate, br, zstd"],"accept-language":["es-419,es;q=0.9"]},"query_params":[],"request_data":[],"request_size":0,"timestamp":"2025-10-03T01:05:38.592401Z"},"timestamp":"2025-10-03T01:05:38.592751Z"} 
[2025-10-02 18:05:38] local.INFO: User Action {"action":"request_end","model":"API_Request","model_id":0,"user_id":15,"user_email":"proveedor@materialesconstruccion.mx","ip_address":"::1","user_agent":"Mozilla/5.0 (Windows NT 10.0; Win64; x64) AppleWebKit/537.36 (KHTML, like Gecko) Chrome/140.0.0.0 Safari/537.36","data":{"request_id":"req_68df2162909b78.26311741","method":"GET","path":"api/proveedores/user/15","status_code":200,"execution_time_ms":10.92,"response_size":1566,"memory_usage_mb":28.0,"memory_peak_mb":28.0,"user_id":15,"performance_category":"fast","response_headers":{"content_type":"application/json"}},"timestamp":"2025-10-03T01:05:38.603301Z"} 
[2025-10-02 18:05:38] local.ERROR: System Error {"error":"Suspicious Activity Detected","context":"Security","user_id":15,"ip_address":"::1","data":{"indicators":["high_request_volume"],"ip_address":"::1","user_id":15,"user_agent":"Mozilla/5.0 (Windows NT 10.0; Win64; x64) AppleWebKit/537.36 (KHTML, like Gecko) Chrome/140.0.0.0 Safari/537.36","path":"api/proveedores/user/15","request_count":151},"timestamp":"2025-10-03T01:05:38.606552Z"} 
[2025-10-02 18:05:38] local.INFO: User Action {"action":"request_start","model":"API_Request","model_id":0,"user_id":15,"user_email":"proveedor@materialesconstruccion.mx","ip_address":"::1","user_agent":"Mozilla/5.0 (Windows NT 10.0; Win64; x64) AppleWebKit/537.36 (KHTML, like Gecko) Chrome/140.0.0.0 Safari/537.36","data":{"request_id":"req_68df2162ce3456.43133400","method":"GET","path":"api/auth/me","full_url":"http://localhost:8080/api/auth/me","ip_address":"::1","user_agent":"Mozilla/5.0 (Windows NT 10.0; Win64; x64) AppleWebKit/537.36 (KHTML, like Gecko) Chrome/140.0.0.0 Safari/537.36","referer":"http://localhost:4200/","user_id":15,"user_email":"proveedor@materialesconstruccion.mx","headers":{"host":["localhost:8080"],"connection":["keep-alive"],"sec-ch-ua-platform":["\"Windows\""],"authorization":"[HIDDEN]","sec-ch-ua":["\"Chromium\";v=\"140\", \"Not=A?Brand\";v=\"24\", \"Google Chrome\";v=\"140\""],"sec-ch-ua-mobile":["?0"],"access-control-allow-credentials":["true"],"user-agent":["Mozilla/5.0 (Windows NT 10.0; Win64; x64) AppleWebKit/537.36 (KHTML, like Gecko) Chrome/140.0.0.0 Safari/537.36"],"accept":["application/json"],"content-type":["application/json"],"origin":["http://localhost:4200"],"sec-fetch-site":["same-site"],"sec-fetch-mode":["cors"],"sec-fetch-dest":["empty"],"referer":["http://localhost:4200/"],"accept-encoding":["gzip, deflate, br, zstd"],"accept-language":["es-419,es;q=0.9"]},"query_params":[],"request_data":[],"request_size":0,"timestamp":"2025-10-03T01:05:38.844710Z"},"timestamp":"2025-10-03T01:05:38.845050Z"} 
[2025-10-02 18:05:38] local.INFO: User Action {"action":"request_end","model":"API_Request","model_id":0,"user_id":15,"user_email":"proveedor@materialesconstruccion.mx","ip_address":"::1","user_agent":"Mozilla/5.0 (Windows NT 10.0; Win64; x64) AppleWebKit/537.36 (KHTML, like Gecko) Chrome/140.0.0.0 Safari/537.36","data":{"request_id":"req_68df2162ce3456.43133400","method":"GET","path":"api/auth/me","status_code":200,"execution_time_ms":10.67,"response_size":1979,"memory_usage_mb":28.0,"memory_peak_mb":28.0,"user_id":15,"performance_category":"fast","response_headers":{"content_type":"application/json"}},"timestamp":"2025-10-03T01:05:38.855355Z"} 
[2025-10-02 18:05:38] local.ERROR: System Error {"error":"Suspicious Activity Detected","context":"Security","user_id":15,"ip_address":"::1","data":{"indicators":["high_request_volume"],"ip_address":"::1","user_id":15,"user_agent":"Mozilla/5.0 (Windows NT 10.0; Win64; x64) AppleWebKit/537.36 (KHTML, like Gecko) Chrome/140.0.0.0 Safari/537.36","path":"api/auth/me","request_count":152},"timestamp":"2025-10-03T01:05:38.860024Z"} 
[2025-10-02 18:05:39] local.INFO: User Action {"action":"request_start","model":"API_Request","model_id":0,"user_id":15,"user_email":"proveedor@materialesconstruccion.mx","ip_address":"::1","user_agent":"Mozilla/5.0 (Windows NT 10.0; Win64; x64) AppleWebKit/537.36 (KHTML, like Gecko) Chrome/140.0.0.0 Safari/537.36","data":{"request_id":"req_68df21633e7a65.17171092","method":"GET","path":"api/proveedores/4/solicitudes-pago","full_url":"http://localhost:8080/api/proveedores/4/solicitudes-pago?estado_solicitud=pendiente&order=desc&per_page=15&sort_by=fecha_registro_pendiente","ip_address":"::1","user_agent":"Mozilla/5.0 (Windows NT 10.0; Win64; x64) AppleWebKit/537.36 (KHTML, like Gecko) Chrome/140.0.0.0 Safari/537.36","referer":"http://localhost:4200/","user_id":15,"user_email":"proveedor@materialesconstruccion.mx","headers":{"host":["localhost:8080"],"connection":["keep-alive"],"sec-ch-ua-platform":["\"Windows\""],"authorization":"[HIDDEN]","sec-ch-ua":["\"Chromium\";v=\"140\", \"Not=A?Brand\";v=\"24\", \"Google Chrome\";v=\"140\""],"sec-ch-ua-mobile":["?0"],"access-control-allow-credentials":["true"],"user-agent":["Mozilla/5.0 (Windows NT 10.0; Win64; x64) AppleWebKit/537.36 (KHTML, like Gecko) Chrome/140.0.0.0 Safari/537.36"],"accept":["application/json, text/plain, */*"],"content-type":["application/json"],"origin":["http://localhost:4200"],"sec-fetch-site":["same-site"],"sec-fetch-mode":["cors"],"sec-fetch-dest":["empty"],"referer":["http://localhost:4200/"],"accept-encoding":["gzip, deflate, br, zstd"],"accept-language":["es-419,es;q=0.9"]},"query_params":{"estado_solicitud":"pendiente","per_page":"15","sort_by":"fecha_registro_pendiente","order":"desc"},"request_data":{"_proveedor_id":4,"_user_proveedor_relation":"PRINCIPAL","estado_solicitud":"pendiente","per_page":"15","sort_by":"fecha_registro_pendiente","order":"desc"},"request_size":0,"timestamp":"2025-10-03T01:05:39.256005Z"},"timestamp":"2025-10-03T01:05:39.256387Z"} 
[2025-10-02 18:05:39] local.INFO: User Action {"action":"request_end","model":"API_Request","model_id":0,"user_id":15,"user_email":"proveedor@materialesconstruccion.mx","ip_address":"::1","user_agent":"Mozilla/5.0 (Windows NT 10.0; Win64; x64) AppleWebKit/537.36 (KHTML, like Gecko) Chrome/140.0.0.0 Safari/537.36","data":{"request_id":"req_68df21633e7a65.17171092","method":"GET","path":"api/proveedores/4/solicitudes-pago","status_code":200,"execution_time_ms":14.63,"response_size":9744,"memory_usage_mb":28.0,"memory_peak_mb":28.0,"user_id":15,"performance_category":"fast","response_headers":{"content_type":"application/json"}},"timestamp":"2025-10-03T01:05:39.270629Z"} 
[2025-10-02 18:05:39] local.ERROR: System Error {"error":"Suspicious Activity Detected","context":"Security","user_id":15,"ip_address":"::1","data":{"indicators":["high_request_volume"],"ip_address":"::1","user_id":15,"user_agent":"Mozilla/5.0 (Windows NT 10.0; Win64; x64) AppleWebKit/537.36 (KHTML, like Gecko) Chrome/140.0.0.0 Safari/537.36","path":"api/proveedores/4/solicitudes-pago","request_count":153},"timestamp":"2025-10-03T01:05:39.273762Z"} 
[2025-10-02 18:05:45] local.INFO: User Action {"action":"request_start","model":"API_Request","model_id":0,"user_id":15,"user_email":"proveedor@materialesconstruccion.mx","ip_address":"::1","user_agent":"Mozilla/5.0 (Windows NT 10.0; Win64; x64) AppleWebKit/537.36 (KHTML, like Gecko) Chrome/140.0.0.0 Safari/537.36","data":{"request_id":"req_68df21695bb695.47748250","method":"GET","path":"api/auth/me","full_url":"http://localhost:8080/api/auth/me","ip_address":"::1","user_agent":"Mozilla/5.0 (Windows NT 10.0; Win64; x64) AppleWebKit/537.36 (KHTML, like Gecko) Chrome/140.0.0.0 Safari/537.36","referer":"http://localhost:4200/","user_id":15,"user_email":"proveedor@materialesconstruccion.mx","headers":{"host":["localhost:8080"],"connection":["keep-alive"],"sec-ch-ua-platform":["\"Windows\""],"authorization":"[HIDDEN]","sec-ch-ua":["\"Chromium\";v=\"140\", \"Not=A?Brand\";v=\"24\", \"Google Chrome\";v=\"140\""],"sec-ch-ua-mobile":["?0"],"access-control-allow-credentials":["true"],"user-agent":["Mozilla/5.0 (Windows NT 10.0; Win64; x64) AppleWebKit/537.36 (KHTML, like Gecko) Chrome/140.0.0.0 Safari/537.36"],"accept":["application/json"],"content-type":["application/json"],"origin":["http://localhost:4200"],"sec-fetch-site":["same-site"],"sec-fetch-mode":["cors"],"sec-fetch-dest":["empty"],"referer":["http://localhost:4200/"],"accept-encoding":["gzip, deflate, br, zstd"],"accept-language":["es-419,es;q=0.9"]},"query_params":[],"request_data":[],"request_size":0,"timestamp":"2025-10-03T01:05:45.375999Z"},"timestamp":"2025-10-03T01:05:45.376932Z"} 
[2025-10-02 18:05:45] local.INFO: User Action {"action":"request_end","model":"API_Request","model_id":0,"user_id":15,"user_email":"proveedor@materialesconstruccion.mx","ip_address":"::1","user_agent":"Mozilla/5.0 (Windows NT 10.0; Win64; x64) AppleWebKit/537.36 (KHTML, like Gecko) Chrome/140.0.0.0 Safari/537.36","data":{"request_id":"req_68df21695bb695.47748250","method":"GET","path":"api/auth/me","status_code":200,"execution_time_ms":16.93,"response_size":1979,"memory_usage_mb":28.0,"memory_peak_mb":28.0,"user_id":15,"performance_category":"fast","response_headers":{"content_type":"application/json"}},"timestamp":"2025-10-03T01:05:45.392690Z"} 
[2025-10-02 18:05:45] local.ERROR: System Error {"error":"Suspicious Activity Detected","context":"Security","user_id":15,"ip_address":"::1","data":{"indicators":["high_request_volume"],"ip_address":"::1","user_id":15,"user_agent":"Mozilla/5.0 (Windows NT 10.0; Win64; x64) AppleWebKit/537.36 (KHTML, like Gecko) Chrome/140.0.0.0 Safari/537.36","path":"api/auth/me","request_count":154},"timestamp":"2025-10-03T01:05:45.398248Z"} 
[2025-10-02 18:05:45] local.INFO: User Action {"action":"request_start","model":"API_Request","model_id":0,"user_id":15,"user_email":"proveedor@materialesconstruccion.mx","ip_address":"::1","user_agent":"Mozilla/5.0 (Windows NT 10.0; Win64; x64) AppleWebKit/537.36 (KHTML, like Gecko) Chrome/140.0.0.0 Safari/537.36","data":{"request_id":"req_68df2169c38aa3.94617006","method":"GET","path":"api/auth/me","full_url":"http://localhost:8080/api/auth/me","ip_address":"::1","user_agent":"Mozilla/5.0 (Windows NT 10.0; Win64; x64) AppleWebKit/537.36 (KHTML, like Gecko) Chrome/140.0.0.0 Safari/537.36","referer":"http://localhost:4200/","user_id":15,"user_email":"proveedor@materialesconstruccion.mx","headers":{"host":["localhost:8080"],"connection":["keep-alive"],"sec-ch-ua-platform":["\"Windows\""],"authorization":"[HIDDEN]","sec-ch-ua":["\"Chromium\";v=\"140\", \"Not=A?Brand\";v=\"24\", \"Google Chrome\";v=\"140\""],"sec-ch-ua-mobile":["?0"],"access-control-allow-credentials":["true"],"user-agent":["Mozilla/5.0 (Windows NT 10.0; Win64; x64) AppleWebKit/537.36 (KHTML, like Gecko) Chrome/140.0.0.0 Safari/537.36"],"accept":["application/json"],"content-type":["application/json"],"origin":["http://localhost:4200"],"sec-fetch-site":["same-site"],"sec-fetch-mode":["cors"],"sec-fetch-dest":["empty"],"referer":["http://localhost:4200/"],"accept-encoding":["gzip, deflate, br, zstd"],"accept-language":["es-419,es;q=0.9"]},"query_params":[],"request_data":[],"request_size":0,"timestamp":"2025-10-03T01:05:45.801043Z"},"timestamp":"2025-10-03T01:05:45.801402Z"} 
[2025-10-02 18:05:45] local.INFO: User Action {"action":"request_end","model":"API_Request","model_id":0,"user_id":15,"user_email":"proveedor@materialesconstruccion.mx","ip_address":"::1","user_agent":"Mozilla/5.0 (Windows NT 10.0; Win64; x64) AppleWebKit/537.36 (KHTML, like Gecko) Chrome/140.0.0.0 Safari/537.36","data":{"request_id":"req_68df2169c38aa3.94617006","method":"GET","path":"api/auth/me","status_code":200,"execution_time_ms":10.78,"response_size":1979,"memory_usage_mb":28.0,"memory_peak_mb":28.0,"user_id":15,"performance_category":"fast","response_headers":{"content_type":"application/json"}},"timestamp":"2025-10-03T01:05:45.811794Z"} 
[2025-10-02 18:05:45] local.ERROR: System Error {"error":"Suspicious Activity Detected","context":"Security","user_id":15,"ip_address":"::1","data":{"indicators":["high_request_volume"],"ip_address":"::1","user_id":15,"user_agent":"Mozilla/5.0 (Windows NT 10.0; Win64; x64) AppleWebKit/537.36 (KHTML, like Gecko) Chrome/140.0.0.0 Safari/537.36","path":"api/auth/me","request_count":155},"timestamp":"2025-10-03T01:05:45.816802Z"} 
[2025-10-02 18:05:46] local.INFO: User Action {"action":"request_start","model":"API_Request","model_id":0,"user_id":15,"user_email":"proveedor@materialesconstruccion.mx","ip_address":"::1","user_agent":"Mozilla/5.0 (Windows NT 10.0; Win64; x64) AppleWebKit/537.36 (KHTML, like Gecko) Chrome/140.0.0.0 Safari/537.36","data":{"request_id":"req_68df216a71b3f3.87839368","method":"GET","path":"api/notifications","full_url":"http://localhost:8080/api/notifications","ip_address":"::1","user_agent":"Mozilla/5.0 (Windows NT 10.0; Win64; x64) AppleWebKit/537.36 (KHTML, like Gecko) Chrome/140.0.0.0 Safari/537.36","referer":"http://localhost:4200/","user_id":15,"user_email":"proveedor@materialesconstruccion.mx","headers":{"host":["localhost:8080"],"connection":["keep-alive"],"sec-ch-ua-platform":["\"Windows\""],"authorization":"[HIDDEN]","sec-ch-ua":["\"Chromium\";v=\"140\", \"Not=A?Brand\";v=\"24\", \"Google Chrome\";v=\"140\""],"sec-ch-ua-mobile":["?0"],"access-control-allow-credentials":["true"],"user-agent":["Mozilla/5.0 (Windows NT 10.0; Win64; x64) AppleWebKit/537.36 (KHTML, like Gecko) Chrome/140.0.0.0 Safari/537.36"],"accept":["application/json, text/plain, */*"],"content-type":["application/json"],"origin":["http://localhost:4200"],"sec-fetch-site":["same-site"],"sec-fetch-mode":["cors"],"sec-fetch-dest":["empty"],"referer":["http://localhost:4200/"],"accept-encoding":["gzip, deflate, br, zstd"],"accept-language":["es-419,es;q=0.9"]},"query_params":[],"request_data":[],"request_size":0,"timestamp":"2025-10-03T01:05:46.465832Z"},"timestamp":"2025-10-03T01:05:46.466180Z"} 
[2025-10-02 18:05:46] local.INFO: User Action {"action":"request_end","model":"API_Request","model_id":0,"user_id":15,"user_email":"proveedor@materialesconstruccion.mx","ip_address":"::1","user_agent":"Mozilla/5.0 (Windows NT 10.0; Win64; x64) AppleWebKit/537.36 (KHTML, like Gecko) Chrome/140.0.0.0 Safari/537.36","data":{"request_id":"req_68df216a71b3f3.87839368","method":"GET","path":"api/notifications","status_code":200,"execution_time_ms":7.96,"response_size":558,"memory_usage_mb":26.0,"memory_peak_mb":26.0,"user_id":15,"performance_category":"fast","response_headers":{"content_type":"application/json"}},"timestamp":"2025-10-03T01:05:46.473764Z"} 
[2025-10-02 18:05:46] local.ERROR: System Error {"error":"Suspicious Activity Detected","context":"Security","user_id":15,"ip_address":"::1","data":{"indicators":["high_request_volume"],"ip_address":"::1","user_id":15,"user_agent":"Mozilla/5.0 (Windows NT 10.0; Win64; x64) AppleWebKit/537.36 (KHTML, like Gecko) Chrome/140.0.0.0 Safari/537.36","path":"api/notifications","request_count":156},"timestamp":"2025-10-03T01:05:46.478164Z"} 
[2025-10-02 18:05:46] local.INFO: User Action {"action":"request_start","model":"API_Request","model_id":0,"user_id":15,"user_email":"proveedor@materialesconstruccion.mx","ip_address":"::1","user_agent":"Mozilla/5.0 (Windows NT 10.0; Win64; x64) AppleWebKit/537.36 (KHTML, like Gecko) Chrome/140.0.0.0 Safari/537.36","data":{"request_id":"req_68df216a953d86.99352508","method":"GET","path":"api/proveedores/user/15","full_url":"http://localhost:8080/api/proveedores/user/15","ip_address":"::1","user_agent":"Mozilla/5.0 (Windows NT 10.0; Win64; x64) AppleWebKit/537.36 (KHTML, like Gecko) Chrome/140.0.0.0 Safari/537.36","referer":"http://localhost:4200/","user_id":15,"user_email":"proveedor@materialesconstruccion.mx","headers":{"host":["localhost:8080"],"connection":["keep-alive"],"sec-ch-ua-platform":["\"Windows\""],"authorization":"[HIDDEN]","sec-ch-ua":["\"Chromium\";v=\"140\", \"Not=A?Brand\";v=\"24\", \"Google Chrome\";v=\"140\""],"sec-ch-ua-mobile":["?0"],"access-control-allow-credentials":["true"],"user-agent":["Mozilla/5.0 (Windows NT 10.0; Win64; x64) AppleWebKit/537.36 (KHTML, like Gecko) Chrome/140.0.0.0 Safari/537.36"],"accept":["application/json, text/plain, */*"],"content-type":["application/json"],"origin":["http://localhost:4200"],"sec-fetch-site":["same-site"],"sec-fetch-mode":["cors"],"sec-fetch-dest":["empty"],"referer":["http://localhost:4200/"],"accept-encoding":["gzip, deflate, br, zstd"],"accept-language":["es-419,es;q=0.9"]},"query_params":[],"request_data":[],"request_size":0,"timestamp":"2025-10-03T01:05:46.611379Z"},"timestamp":"2025-10-03T01:05:46.611735Z"} 
[2025-10-02 18:05:46] local.INFO: User Action {"action":"request_end","model":"API_Request","model_id":0,"user_id":15,"user_email":"proveedor@materialesconstruccion.mx","ip_address":"::1","user_agent":"Mozilla/5.0 (Windows NT 10.0; Win64; x64) AppleWebKit/537.36 (KHTML, like Gecko) Chrome/140.0.0.0 Safari/537.36","data":{"request_id":"req_68df216a953d86.99352508","method":"GET","path":"api/proveedores/user/15","status_code":200,"execution_time_ms":10.52,"response_size":1566,"memory_usage_mb":28.0,"memory_peak_mb":28.0,"user_id":15,"performance_category":"fast","response_headers":{"content_type":"application/json"}},"timestamp":"2025-10-03T01:05:46.621877Z"} 
[2025-10-02 18:05:46] local.ERROR: System Error {"error":"Suspicious Activity Detected","context":"Security","user_id":15,"ip_address":"::1","data":{"indicators":["high_request_volume"],"ip_address":"::1","user_id":15,"user_agent":"Mozilla/5.0 (Windows NT 10.0; Win64; x64) AppleWebKit/537.36 (KHTML, like Gecko) Chrome/140.0.0.0 Safari/537.36","path":"api/proveedores/user/15","request_count":157},"timestamp":"2025-10-03T01:05:46.625244Z"} 
[2025-10-02 18:05:46] local.INFO: User Action {"action":"request_start","model":"API_Request","model_id":0,"user_id":15,"user_email":"proveedor@materialesconstruccion.mx","ip_address":"::1","user_agent":"Mozilla/5.0 (Windows NT 10.0; Win64; x64) AppleWebKit/537.36 (KHTML, like Gecko) Chrome/140.0.0.0 Safari/537.36","data":{"request_id":"req_68df216abb0b49.86098652","method":"GET","path":"api/auth/me","full_url":"http://localhost:8080/api/auth/me","ip_address":"::1","user_agent":"Mozilla/5.0 (Windows NT 10.0; Win64; x64) AppleWebKit/537.36 (KHTML, like Gecko) Chrome/140.0.0.0 Safari/537.36","referer":"http://localhost:4200/","user_id":15,"user_email":"proveedor@materialesconstruccion.mx","headers":{"host":["localhost:8080"],"connection":["keep-alive"],"sec-ch-ua-platform":["\"Windows\""],"authorization":"[HIDDEN]","sec-ch-ua":["\"Chromium\";v=\"140\", \"Not=A?Brand\";v=\"24\", \"Google Chrome\";v=\"140\""],"sec-ch-ua-mobile":["?0"],"access-control-allow-credentials":["true"],"user-agent":["Mozilla/5.0 (Windows NT 10.0; Win64; x64) AppleWebKit/537.36 (KHTML, like Gecko) Chrome/140.0.0.0 Safari/537.36"],"accept":["application/json"],"content-type":["application/json"],"origin":["http://localhost:4200"],"sec-fetch-site":["same-site"],"sec-fetch-mode":["cors"],"sec-fetch-dest":["empty"],"referer":["http://localhost:4200/"],"accept-encoding":["gzip, deflate, br, zstd"],"accept-language":["es-419,es;q=0.9"]},"query_params":[],"request_data":[],"request_size":0,"timestamp":"2025-10-03T01:05:46.766238Z"},"timestamp":"2025-10-03T01:05:46.766672Z"} 
[2025-10-02 18:05:46] local.INFO: User Action {"action":"request_end","model":"API_Request","model_id":0,"user_id":15,"user_email":"proveedor@materialesconstruccion.mx","ip_address":"::1","user_agent":"Mozilla/5.0 (Windows NT 10.0; Win64; x64) AppleWebKit/537.36 (KHTML, like Gecko) Chrome/140.0.0.0 Safari/537.36","data":{"request_id":"req_68df216abb0b49.86098652","method":"GET","path":"api/auth/me","status_code":200,"execution_time_ms":13.63,"response_size":1979,"memory_usage_mb":28.0,"memory_peak_mb":28.0,"user_id":15,"performance_category":"fast","response_headers":{"content_type":"application/json"}},"timestamp":"2025-10-03T01:05:46.779840Z"} 
[2025-10-02 18:05:46] local.ERROR: System Error {"error":"Suspicious Activity Detected","context":"Security","user_id":15,"ip_address":"::1","data":{"indicators":["high_request_volume"],"ip_address":"::1","user_id":15,"user_agent":"Mozilla/5.0 (Windows NT 10.0; Win64; x64) AppleWebKit/537.36 (KHTML, like Gecko) Chrome/140.0.0.0 Safari/537.36","path":"api/auth/me","request_count":158},"timestamp":"2025-10-03T01:05:46.783328Z"} 
[2025-10-02 18:05:47] local.INFO: User Action {"action":"request_start","model":"API_Request","model_id":0,"user_id":15,"user_email":"proveedor@materialesconstruccion.mx","ip_address":"::1","user_agent":"Mozilla/5.0 (Windows NT 10.0; Win64; x64) AppleWebKit/537.36 (KHTML, like Gecko) Chrome/140.0.0.0 Safari/537.36","data":{"request_id":"req_68df216b46e348.35551779","method":"GET","path":"api/proveedores/4/solicitudes-pago","full_url":"http://localhost:8080/api/proveedores/4/solicitudes-pago?estado_solicitud=pendiente&order=desc&per_page=15&sort_by=fecha_registro_pendiente","ip_address":"::1","user_agent":"Mozilla/5.0 (Windows NT 10.0; Win64; x64) AppleWebKit/537.36 (KHTML, like Gecko) Chrome/140.0.0.0 Safari/537.36","referer":"http://localhost:4200/","user_id":15,"user_email":"proveedor@materialesconstruccion.mx","headers":{"host":["localhost:8080"],"connection":["keep-alive"],"sec-ch-ua-platform":["\"Windows\""],"authorization":"[HIDDEN]","sec-ch-ua":["\"Chromium\";v=\"140\", \"Not=A?Brand\";v=\"24\", \"Google Chrome\";v=\"140\""],"sec-ch-ua-mobile":["?0"],"access-control-allow-credentials":["true"],"user-agent":["Mozilla/5.0 (Windows NT 10.0; Win64; x64) AppleWebKit/537.36 (KHTML, like Gecko) Chrome/140.0.0.0 Safari/537.36"],"accept":["application/json, text/plain, */*"],"content-type":["application/json"],"origin":["http://localhost:4200"],"sec-fetch-site":["same-site"],"sec-fetch-mode":["cors"],"sec-fetch-dest":["empty"],"referer":["http://localhost:4200/"],"accept-encoding":["gzip, deflate, br, zstd"],"accept-language":["es-419,es;q=0.9"]},"query_params":{"estado_solicitud":"pendiente","per_page":"15","sort_by":"fecha_registro_pendiente","order":"desc"},"request_data":{"_proveedor_id":4,"_user_proveedor_relation":"PRINCIPAL","estado_solicitud":"pendiente","per_page":"15","sort_by":"fecha_registro_pendiente","order":"desc"},"request_size":0,"timestamp":"2025-10-03T01:05:47.290451Z"},"timestamp":"2025-10-03T01:05:47.290811Z"} 
[2025-10-02 18:05:47] local.INFO: User Action {"action":"request_end","model":"API_Request","model_id":0,"user_id":15,"user_email":"proveedor@materialesconstruccion.mx","ip_address":"::1","user_agent":"Mozilla/5.0 (Windows NT 10.0; Win64; x64) AppleWebKit/537.36 (KHTML, like Gecko) Chrome/140.0.0.0 Safari/537.36","data":{"request_id":"req_68df216b46e348.35551779","method":"GET","path":"api/proveedores/4/solicitudes-pago","status_code":200,"execution_time_ms":13.31,"response_size":9744,"memory_usage_mb":28.0,"memory_peak_mb":28.0,"user_id":15,"performance_category":"fast","response_headers":{"content_type":"application/json"}},"timestamp":"2025-10-03T01:05:47.303749Z"} 
[2025-10-02 18:05:47] local.ERROR: System Error {"error":"Suspicious Activity Detected","context":"Security","user_id":15,"ip_address":"::1","data":{"indicators":["high_request_volume"],"ip_address":"::1","user_id":15,"user_agent":"Mozilla/5.0 (Windows NT 10.0; Win64; x64) AppleWebKit/537.36 (KHTML, like Gecko) Chrome/140.0.0.0 Safari/537.36","path":"api/proveedores/4/solicitudes-pago","request_count":159},"timestamp":"2025-10-03T01:05:47.308258Z"} 
[2025-10-02 18:05:55] local.INFO: User Action {"action":"request_start","model":"API_Request","model_id":0,"user_id":15,"user_email":"proveedor@materialesconstruccion.mx","ip_address":"::1","user_agent":"Mozilla/5.0 (Windows NT 10.0; Win64; x64) AppleWebKit/537.36 (KHTML, like Gecko) Chrome/140.0.0.0 Safari/537.36","data":{"request_id":"req_68df21735f8951.89519513","method":"GET","path":"api/auth/me","full_url":"http://localhost:8080/api/auth/me","ip_address":"::1","user_agent":"Mozilla/5.0 (Windows NT 10.0; Win64; x64) AppleWebKit/537.36 (KHTML, like Gecko) Chrome/140.0.0.0 Safari/537.36","referer":"http://localhost:4200/","user_id":15,"user_email":"proveedor@materialesconstruccion.mx","headers":{"host":["localhost:8080"],"connection":["keep-alive"],"sec-ch-ua-platform":["\"Windows\""],"authorization":"[HIDDEN]","sec-ch-ua":["\"Chromium\";v=\"140\", \"Not=A?Brand\";v=\"24\", \"Google Chrome\";v=\"140\""],"sec-ch-ua-mobile":["?0"],"access-control-allow-credentials":["true"],"user-agent":["Mozilla/5.0 (Windows NT 10.0; Win64; x64) AppleWebKit/537.36 (KHTML, like Gecko) Chrome/140.0.0.0 Safari/537.36"],"accept":["application/json"],"content-type":["application/json"],"origin":["http://localhost:4200"],"sec-fetch-site":["same-site"],"sec-fetch-mode":["cors"],"sec-fetch-dest":["empty"],"referer":["http://localhost:4200/"],"accept-encoding":["gzip, deflate, br, zstd"],"accept-language":["es-419,es;q=0.9"]},"query_params":[],"request_data":[],"request_size":0,"timestamp":"2025-10-03T01:05:55.391424Z"},"timestamp":"2025-10-03T01:05:55.391790Z"} 
[2025-10-02 18:05:55] local.INFO: User Action {"action":"request_end","model":"API_Request","model_id":0,"user_id":15,"user_email":"proveedor@materialesconstruccion.mx","ip_address":"::1","user_agent":"Mozilla/5.0 (Windows NT 10.0; Win64; x64) AppleWebKit/537.36 (KHTML, like Gecko) Chrome/140.0.0.0 Safari/537.36","data":{"request_id":"req_68df21735f8951.89519513","method":"GET","path":"api/auth/me","status_code":200,"execution_time_ms":10.48,"response_size":1979,"memory_usage_mb":28.0,"memory_peak_mb":28.0,"user_id":15,"performance_category":"fast","response_headers":{"content_type":"application/json"}},"timestamp":"2025-10-03T01:05:55.401859Z"} 
[2025-10-02 18:05:55] local.ERROR: System Error {"error":"Suspicious Activity Detected","context":"Security","user_id":15,"ip_address":"::1","data":{"indicators":["high_request_volume"],"ip_address":"::1","user_id":15,"user_agent":"Mozilla/5.0 (Windows NT 10.0; Win64; x64) AppleWebKit/537.36 (KHTML, like Gecko) Chrome/140.0.0.0 Safari/537.36","path":"api/auth/me","request_count":160},"timestamp":"2025-10-03T01:05:55.405140Z"} 
[2025-10-02 18:05:56] local.INFO: User Action {"action":"request_start","model":"API_Request","model_id":0,"user_id":15,"user_email":"proveedor@materialesconstruccion.mx","ip_address":"::1","user_agent":"Mozilla/5.0 (Windows NT 10.0; Win64; x64) AppleWebKit/537.36 (KHTML, like Gecko) Chrome/140.0.0.0 Safari/537.36","data":{"request_id":"req_68df2174096978.37541955","method":"GET","path":"api/notifications","full_url":"http://localhost:8080/api/notifications","ip_address":"::1","user_agent":"Mozilla/5.0 (Windows NT 10.0; Win64; x64) AppleWebKit/537.36 (KHTML, like Gecko) Chrome/140.0.0.0 Safari/537.36","referer":"http://localhost:4200/","user_id":15,"user_email":"proveedor@materialesconstruccion.mx","headers":{"host":["localhost:8080"],"connection":["keep-alive"],"sec-ch-ua-platform":["\"Windows\""],"authorization":"[HIDDEN]","sec-ch-ua":["\"Chromium\";v=\"140\", \"Not=A?Brand\";v=\"24\", \"Google Chrome\";v=\"140\""],"sec-ch-ua-mobile":["?0"],"access-control-allow-credentials":["true"],"user-agent":["Mozilla/5.0 (Windows NT 10.0; Win64; x64) AppleWebKit/537.36 (KHTML, like Gecko) Chrome/140.0.0.0 Safari/537.36"],"accept":["application/json, text/plain, */*"],"content-type":["application/json"],"origin":["http://localhost:4200"],"sec-fetch-site":["same-site"],"sec-fetch-mode":["cors"],"sec-fetch-dest":["empty"],"referer":["http://localhost:4200/"],"accept-encoding":["gzip, deflate, br, zstd"],"accept-language":["es-419,es;q=0.9"]},"query_params":[],"request_data":[],"request_size":0,"timestamp":"2025-10-03T01:05:56.038670Z"},"timestamp":"2025-10-03T01:05:56.039032Z"} 
[2025-10-02 18:05:56] local.INFO: User Action {"action":"request_end","model":"API_Request","model_id":0,"user_id":15,"user_email":"proveedor@materialesconstruccion.mx","ip_address":"::1","user_agent":"Mozilla/5.0 (Windows NT 10.0; Win64; x64) AppleWebKit/537.36 (KHTML, like Gecko) Chrome/140.0.0.0 Safari/537.36","data":{"request_id":"req_68df2174096978.37541955","method":"GET","path":"api/notifications","status_code":200,"execution_time_ms":6.79,"response_size":558,"memory_usage_mb":26.0,"memory_peak_mb":26.0,"user_id":15,"performance_category":"fast","response_headers":{"content_type":"application/json"}},"timestamp":"2025-10-03T01:05:56.045402Z"} 
[2025-10-02 18:05:56] local.ERROR: System Error {"error":"Suspicious Activity Detected","context":"Security","user_id":15,"ip_address":"::1","data":{"indicators":["high_request_volume"],"ip_address":"::1","user_id":15,"user_agent":"Mozilla/5.0 (Windows NT 10.0; Win64; x64) AppleWebKit/537.36 (KHTML, like Gecko) Chrome/140.0.0.0 Safari/537.36","path":"api/notifications","request_count":161},"timestamp":"2025-10-03T01:05:56.049407Z"} 
[2025-10-02 18:05:56] local.INFO: User Action {"action":"request_start","model":"API_Request","model_id":0,"user_id":15,"user_email":"proveedor@materialesconstruccion.mx","ip_address":"::1","user_agent":"Mozilla/5.0 (Windows NT 10.0; Win64; x64) AppleWebKit/537.36 (KHTML, like Gecko) Chrome/140.0.0.0 Safari/537.36","data":{"request_id":"req_68df21742b9074.10119132","method":"GET","path":"api/proveedores/user/15","full_url":"http://localhost:8080/api/proveedores/user/15","ip_address":"::1","user_agent":"Mozilla/5.0 (Windows NT 10.0; Win64; x64) AppleWebKit/537.36 (KHTML, like Gecko) Chrome/140.0.0.0 Safari/537.36","referer":"http://localhost:4200/","user_id":15,"user_email":"proveedor@materialesconstruccion.mx","headers":{"host":["localhost:8080"],"connection":["keep-alive"],"sec-ch-ua-platform":["\"Windows\""],"authorization":"[HIDDEN]","sec-ch-ua":["\"Chromium\";v=\"140\", \"Not=A?Brand\";v=\"24\", \"Google Chrome\";v=\"140\""],"sec-ch-ua-mobile":["?0"],"access-control-allow-credentials":["true"],"user-agent":["Mozilla/5.0 (Windows NT 10.0; Win64; x64) AppleWebKit/537.36 (KHTML, like Gecko) Chrome/140.0.0.0 Safari/537.36"],"accept":["application/json, text/plain, */*"],"content-type":["application/json"],"origin":["http://localhost:4200"],"sec-fetch-site":["same-site"],"sec-fetch-mode":["cors"],"sec-fetch-dest":["empty"],"referer":["http://localhost:4200/"],"accept-encoding":["gzip, deflate, br, zstd"],"accept-language":["es-419,es;q=0.9"]},"query_params":[],"request_data":[],"request_size":0,"timestamp":"2025-10-03T01:05:56.178542Z"},"timestamp":"2025-10-03T01:05:56.178963Z"} 
[2025-10-02 18:05:56] local.INFO: User Action {"action":"request_end","model":"API_Request","model_id":0,"user_id":15,"user_email":"proveedor@materialesconstruccion.mx","ip_address":"::1","user_agent":"Mozilla/5.0 (Windows NT 10.0; Win64; x64) AppleWebKit/537.36 (KHTML, like Gecko) Chrome/140.0.0.0 Safari/537.36","data":{"request_id":"req_68df21742b9074.10119132","method":"GET","path":"api/proveedores/user/15","status_code":200,"execution_time_ms":10.56,"response_size":1566,"memory_usage_mb":28.0,"memory_peak_mb":28.0,"user_id":15,"performance_category":"fast","response_headers":{"content_type":"application/json"}},"timestamp":"2025-10-03T01:05:56.189093Z"} 
[2025-10-02 18:05:56] local.ERROR: System Error {"error":"Suspicious Activity Detected","context":"Security","user_id":15,"ip_address":"::1","data":{"indicators":["high_request_volume"],"ip_address":"::1","user_id":15,"user_agent":"Mozilla/5.0 (Windows NT 10.0; Win64; x64) AppleWebKit/537.36 (KHTML, like Gecko) Chrome/140.0.0.0 Safari/537.36","path":"api/proveedores/user/15","request_count":162},"timestamp":"2025-10-03T01:05:56.192580Z"} 
[2025-10-02 18:05:56] local.INFO: User Action {"action":"request_start","model":"API_Request","model_id":0,"user_id":15,"user_email":"proveedor@materialesconstruccion.mx","ip_address":"::1","user_agent":"Mozilla/5.0 (Windows NT 10.0; Win64; x64) AppleWebKit/537.36 (KHTML, like Gecko) Chrome/140.0.0.0 Safari/537.36","data":{"request_id":"req_68df2174538eb0.93983883","method":"GET","path":"api/auth/me","full_url":"http://localhost:8080/api/auth/me","ip_address":"::1","user_agent":"Mozilla/5.0 (Windows NT 10.0; Win64; x64) AppleWebKit/537.36 (KHTML, like Gecko) Chrome/140.0.0.0 Safari/537.36","referer":"http://localhost:4200/","user_id":15,"user_email":"proveedor@materialesconstruccion.mx","headers":{"host":["localhost:8080"],"connection":["keep-alive"],"sec-ch-ua-platform":["\"Windows\""],"authorization":"[HIDDEN]","sec-ch-ua":["\"Chromium\";v=\"140\", \"Not=A?Brand\";v=\"24\", \"Google Chrome\";v=\"140\""],"sec-ch-ua-mobile":["?0"],"access-control-allow-credentials":["true"],"user-agent":["Mozilla/5.0 (Windows NT 10.0; Win64; x64) AppleWebKit/537.36 (KHTML, like Gecko) Chrome/140.0.0.0 Safari/537.36"],"accept":["application/json"],"content-type":["application/json"],"origin":["http://localhost:4200"],"sec-fetch-site":["same-site"],"sec-fetch-mode":["cors"],"sec-fetch-dest":["empty"],"referer":["http://localhost:4200/"],"accept-encoding":["gzip, deflate, br, zstd"],"accept-language":["es-419,es;q=0.9"]},"query_params":[],"request_data":[],"request_size":0,"timestamp":"2025-10-03T01:05:56.342353Z"},"timestamp":"2025-10-03T01:05:56.342692Z"} 
[2025-10-02 18:05:56] local.INFO: User Action {"action":"request_end","model":"API_Request","model_id":0,"user_id":15,"user_email":"proveedor@materialesconstruccion.mx","ip_address":"::1","user_agent":"Mozilla/5.0 (Windows NT 10.0; Win64; x64) AppleWebKit/537.36 (KHTML, like Gecko) Chrome/140.0.0.0 Safari/537.36","data":{"request_id":"req_68df2174538eb0.93983883","method":"GET","path":"api/auth/me","status_code":200,"execution_time_ms":10.91,"response_size":1979,"memory_usage_mb":28.0,"memory_peak_mb":28.0,"user_id":15,"performance_category":"fast","response_headers":{"content_type":"application/json"}},"timestamp":"2025-10-03T01:05:56.353231Z"} 
[2025-10-02 18:05:56] local.ERROR: System Error {"error":"Suspicious Activity Detected","context":"Security","user_id":15,"ip_address":"::1","data":{"indicators":["high_request_volume"],"ip_address":"::1","user_id":15,"user_agent":"Mozilla/5.0 (Windows NT 10.0; Win64; x64) AppleWebKit/537.36 (KHTML, like Gecko) Chrome/140.0.0.0 Safari/537.36","path":"api/auth/me","request_count":163},"timestamp":"2025-10-03T01:05:56.356664Z"} 
[2025-10-02 18:05:56] local.INFO: User Action {"action":"request_start","model":"API_Request","model_id":0,"user_id":15,"user_email":"proveedor@materialesconstruccion.mx","ip_address":"::1","user_agent":"Mozilla/5.0 (Windows NT 10.0; Win64; x64) AppleWebKit/537.36 (KHTML, like Gecko) Chrome/140.0.0.0 Safari/537.36","data":{"request_id":"req_68df2174ce6892.31334474","method":"GET","path":"api/proveedores/4/solicitudes-pago","full_url":"http://localhost:8080/api/proveedores/4/solicitudes-pago?estado_solicitud=pendiente&order=desc&per_page=15&sort_by=fecha_registro_pendiente","ip_address":"::1","user_agent":"Mozilla/5.0 (Windows NT 10.0; Win64; x64) AppleWebKit/537.36 (KHTML, like Gecko) Chrome/140.0.0.0 Safari/537.36","referer":"http://localhost:4200/","user_id":15,"user_email":"proveedor@materialesconstruccion.mx","headers":{"host":["localhost:8080"],"connection":["keep-alive"],"sec-ch-ua-platform":["\"Windows\""],"authorization":"[HIDDEN]","sec-ch-ua":["\"Chromium\";v=\"140\", \"Not=A?Brand\";v=\"24\", \"Google Chrome\";v=\"140\""],"sec-ch-ua-mobile":["?0"],"access-control-allow-credentials":["true"],"user-agent":["Mozilla/5.0 (Windows NT 10.0; Win64; x64) AppleWebKit/537.36 (KHTML, like Gecko) Chrome/140.0.0.0 Safari/537.36"],"accept":["application/json, text/plain, */*"],"content-type":["application/json"],"origin":["http://localhost:4200"],"sec-fetch-site":["same-site"],"sec-fetch-mode":["cors"],"sec-fetch-dest":["empty"],"referer":["http://localhost:4200/"],"accept-encoding":["gzip, deflate, br, zstd"],"accept-language":["es-419,es;q=0.9"]},"query_params":{"estado_solicitud":"pendiente","per_page":"15","sort_by":"fecha_registro_pendiente","order":"desc"},"request_data":{"_proveedor_id":4,"_user_proveedor_relation":"PRINCIPAL","estado_solicitud":"pendiente","per_page":"15","sort_by":"fecha_registro_pendiente","order":"desc"},"request_size":0,"timestamp":"2025-10-03T01:05:56.845539Z"},"timestamp":"2025-10-03T01:05:56.845877Z"} 
[2025-10-02 18:05:56] local.INFO: User Action {"action":"request_end","model":"API_Request","model_id":0,"user_id":15,"user_email":"proveedor@materialesconstruccion.mx","ip_address":"::1","user_agent":"Mozilla/5.0 (Windows NT 10.0; Win64; x64) AppleWebKit/537.36 (KHTML, like Gecko) Chrome/140.0.0.0 Safari/537.36","data":{"request_id":"req_68df2174ce6892.31334474","method":"GET","path":"api/proveedores/4/solicitudes-pago","status_code":200,"execution_time_ms":13.42,"response_size":9744,"memory_usage_mb":28.0,"memory_peak_mb":28.0,"user_id":15,"performance_category":"fast","response_headers":{"content_type":"application/json"}},"timestamp":"2025-10-03T01:05:56.858952Z"} 
[2025-10-02 18:05:56] local.ERROR: System Error {"error":"Suspicious Activity Detected","context":"Security","user_id":15,"ip_address":"::1","data":{"indicators":["high_request_volume"],"ip_address":"::1","user_id":15,"user_agent":"Mozilla/5.0 (Windows NT 10.0; Win64; x64) AppleWebKit/537.36 (KHTML, like Gecko) Chrome/140.0.0.0 Safari/537.36","path":"api/proveedores/4/solicitudes-pago","request_count":164},"timestamp":"2025-10-03T01:05:56.862315Z"} 
[2025-10-02 18:06:04] local.INFO: User Action {"action":"request_start","model":"API_Request","model_id":0,"user_id":15,"user_email":"proveedor@materialesconstruccion.mx","ip_address":"::1","user_agent":"Mozilla/5.0 (Windows NT 10.0; Win64; x64) AppleWebKit/537.36 (KHTML, like Gecko) Chrome/140.0.0.0 Safari/537.36","data":{"request_id":"req_68df217c70b064.12970534","method":"GET","path":"api/auth/me","full_url":"http://localhost:8080/api/auth/me","ip_address":"::1","user_agent":"Mozilla/5.0 (Windows NT 10.0; Win64; x64) AppleWebKit/537.36 (KHTML, like Gecko) Chrome/140.0.0.0 Safari/537.36","referer":"http://localhost:4200/","user_id":15,"user_email":"proveedor@materialesconstruccion.mx","headers":{"host":["localhost:8080"],"connection":["keep-alive"],"sec-ch-ua-platform":["\"Windows\""],"authorization":"[HIDDEN]","sec-ch-ua":["\"Chromium\";v=\"140\", \"Not=A?Brand\";v=\"24\", \"Google Chrome\";v=\"140\""],"sec-ch-ua-mobile":["?0"],"access-control-allow-credentials":["true"],"user-agent":["Mozilla/5.0 (Windows NT 10.0; Win64; x64) AppleWebKit/537.36 (KHTML, like Gecko) Chrome/140.0.0.0 Safari/537.36"],"accept":["application/json"],"content-type":["application/json"],"origin":["http://localhost:4200"],"sec-fetch-site":["same-site"],"sec-fetch-mode":["cors"],"sec-fetch-dest":["empty"],"referer":["http://localhost:4200/"],"accept-encoding":["gzip, deflate, br, zstd"],"accept-language":["es-419,es;q=0.9"]},"query_params":[],"request_data":[],"request_size":0,"timestamp":"2025-10-03T01:06:04.461759Z"},"timestamp":"2025-10-03T01:06:04.462214Z"} 
[2025-10-02 18:06:04] local.INFO: User Action {"action":"request_end","model":"API_Request","model_id":0,"user_id":15,"user_email":"proveedor@materialesconstruccion.mx","ip_address":"::1","user_agent":"Mozilla/5.0 (Windows NT 10.0; Win64; x64) AppleWebKit/537.36 (KHTML, like Gecko) Chrome/140.0.0.0 Safari/537.36","data":{"request_id":"req_68df217c70b064.12970534","method":"GET","path":"api/auth/me","status_code":200,"execution_time_ms":16.45,"response_size":1979,"memory_usage_mb":28.0,"memory_peak_mb":28.0,"user_id":15,"performance_category":"fast","response_headers":{"content_type":"application/json"}},"timestamp":"2025-10-03T01:06:04.478107Z"} 
[2025-10-02 18:06:04] local.ERROR: System Error {"error":"Suspicious Activity Detected","context":"Security","user_id":15,"ip_address":"::1","data":{"indicators":["high_request_volume"],"ip_address":"::1","user_id":15,"user_agent":"Mozilla/5.0 (Windows NT 10.0; Win64; x64) AppleWebKit/537.36 (KHTML, like Gecko) Chrome/140.0.0.0 Safari/537.36","path":"api/auth/me","request_count":165},"timestamp":"2025-10-03T01:06:04.482265Z"} 
[2025-10-02 18:06:05] local.INFO: User Action {"action":"request_start","model":"API_Request","model_id":0,"user_id":15,"user_email":"proveedor@materialesconstruccion.mx","ip_address":"::1","user_agent":"Mozilla/5.0 (Windows NT 10.0; Win64; x64) AppleWebKit/537.36 (KHTML, like Gecko) Chrome/140.0.0.0 Safari/537.36","data":{"request_id":"req_68df217d27fca4.57895922","method":"GET","path":"api/notifications","full_url":"http://localhost:8080/api/notifications","ip_address":"::1","user_agent":"Mozilla/5.0 (Windows NT 10.0; Win64; x64) AppleWebKit/537.36 (KHTML, like Gecko) Chrome/140.0.0.0 Safari/537.36","referer":"http://localhost:4200/","user_id":15,"user_email":"proveedor@materialesconstruccion.mx","headers":{"host":["localhost:8080"],"connection":["keep-alive"],"sec-ch-ua-platform":["\"Windows\""],"authorization":"[HIDDEN]","sec-ch-ua":["\"Chromium\";v=\"140\", \"Not=A?Brand\";v=\"24\", \"Google Chrome\";v=\"140\""],"sec-ch-ua-mobile":["?0"],"access-control-allow-credentials":["true"],"user-agent":["Mozilla/5.0 (Windows NT 10.0; Win64; x64) AppleWebKit/537.36 (KHTML, like Gecko) Chrome/140.0.0.0 Safari/537.36"],"accept":["application/json, text/plain, */*"],"content-type":["application/json"],"origin":["http://localhost:4200"],"sec-fetch-site":["same-site"],"sec-fetch-mode":["cors"],"sec-fetch-dest":["empty"],"referer":["http://localhost:4200/"],"accept-encoding":["gzip, deflate, br, zstd"],"accept-language":["es-419,es;q=0.9"]},"query_params":[],"request_data":[],"request_size":0,"timestamp":"2025-10-03T01:06:05.163901Z"},"timestamp":"2025-10-03T01:06:05.164255Z"} 
[2025-10-02 18:06:05] local.INFO: User Action {"action":"request_end","model":"API_Request","model_id":0,"user_id":15,"user_email":"proveedor@materialesconstruccion.mx","ip_address":"::1","user_agent":"Mozilla/5.0 (Windows NT 10.0; Win64; x64) AppleWebKit/537.36 (KHTML, like Gecko) Chrome/140.0.0.0 Safari/537.36","data":{"request_id":"req_68df217d27fca4.57895922","method":"GET","path":"api/notifications","status_code":200,"execution_time_ms":7.01,"response_size":558,"memory_usage_mb":26.0,"memory_peak_mb":26.0,"user_id":15,"performance_category":"fast","response_headers":{"content_type":"application/json"}},"timestamp":"2025-10-03T01:06:05.170871Z"} 
[2025-10-02 18:06:05] local.ERROR: System Error {"error":"Suspicious Activity Detected","context":"Security","user_id":15,"ip_address":"::1","data":{"indicators":["high_request_volume"],"ip_address":"::1","user_id":15,"user_agent":"Mozilla/5.0 (Windows NT 10.0; Win64; x64) AppleWebKit/537.36 (KHTML, like Gecko) Chrome/140.0.0.0 Safari/537.36","path":"api/notifications","request_count":166},"timestamp":"2025-10-03T01:06:05.174567Z"} 
[2025-10-02 18:06:05] local.INFO: User Action {"action":"request_start","model":"API_Request","model_id":0,"user_id":15,"user_email":"proveedor@materialesconstruccion.mx","ip_address":"::1","user_agent":"Mozilla/5.0 (Windows NT 10.0; Win64; x64) AppleWebKit/537.36 (KHTML, like Gecko) Chrome/140.0.0.0 Safari/537.36","data":{"request_id":"req_68df217d4e38d9.62007606","method":"GET","path":"api/proveedores/user/15","full_url":"http://localhost:8080/api/proveedores/user/15","ip_address":"::1","user_agent":"Mozilla/5.0 (Windows NT 10.0; Win64; x64) AppleWebKit/537.36 (KHTML, like Gecko) Chrome/140.0.0.0 Safari/537.36","referer":"http://localhost:4200/","user_id":15,"user_email":"proveedor@materialesconstruccion.mx","headers":{"host":["localhost:8080"],"connection":["keep-alive"],"sec-ch-ua-platform":["\"Windows\""],"authorization":"[HIDDEN]","sec-ch-ua":["\"Chromium\";v=\"140\", \"Not=A?Brand\";v=\"24\", \"Google Chrome\";v=\"140\""],"sec-ch-ua-mobile":["?0"],"access-control-allow-credentials":["true"],"user-agent":["Mozilla/5.0 (Windows NT 10.0; Win64; x64) AppleWebKit/537.36 (KHTML, like Gecko) Chrome/140.0.0.0 Safari/537.36"],"accept":["application/json, text/plain, */*"],"content-type":["application/json"],"origin":["http://localhost:4200"],"sec-fetch-site":["same-site"],"sec-fetch-mode":["cors"],"sec-fetch-dest":["empty"],"referer":["http://localhost:4200/"],"accept-encoding":["gzip, deflate, br, zstd"],"accept-language":["es-419,es;q=0.9"]},"query_params":[],"request_data":[],"request_size":0,"timestamp":"2025-10-03T01:06:05.320494Z"},"timestamp":"2025-10-03T01:06:05.320849Z"} 
[2025-10-02 18:06:05] local.INFO: User Action {"action":"request_end","model":"API_Request","model_id":0,"user_id":15,"user_email":"proveedor@materialesconstruccion.mx","ip_address":"::1","user_agent":"Mozilla/5.0 (Windows NT 10.0; Win64; x64) AppleWebKit/537.36 (KHTML, like Gecko) Chrome/140.0.0.0 Safari/537.36","data":{"request_id":"req_68df217d4e38d9.62007606","method":"GET","path":"api/proveedores/user/15","status_code":200,"execution_time_ms":9.94,"response_size":1566,"memory_usage_mb":28.0,"memory_peak_mb":28.0,"user_id":15,"performance_category":"fast","response_headers":{"content_type":"application/json"}},"timestamp":"2025-10-03T01:06:05.330480Z"} 
[2025-10-02 18:06:05] local.ERROR: System Error {"error":"Suspicious Activity Detected","context":"Security","user_id":15,"ip_address":"::1","data":{"indicators":["high_request_volume"],"ip_address":"::1","user_id":15,"user_agent":"Mozilla/5.0 (Windows NT 10.0; Win64; x64) AppleWebKit/537.36 (KHTML, like Gecko) Chrome/140.0.0.0 Safari/537.36","path":"api/proveedores/user/15","request_count":167},"timestamp":"2025-10-03T01:06:05.333858Z"} 
[2025-10-02 18:06:05] local.INFO: User Action {"action":"request_start","model":"API_Request","model_id":0,"user_id":15,"user_email":"proveedor@materialesconstruccion.mx","ip_address":"::1","user_agent":"Mozilla/5.0 (Windows NT 10.0; Win64; x64) AppleWebKit/537.36 (KHTML, like Gecko) Chrome/140.0.0.0 Safari/537.36","data":{"request_id":"req_68df217d72e0f4.57625169","method":"GET","path":"api/auth/me","full_url":"http://localhost:8080/api/auth/me","ip_address":"::1","user_agent":"Mozilla/5.0 (Windows NT 10.0; Win64; x64) AppleWebKit/537.36 (KHTML, like Gecko) Chrome/140.0.0.0 Safari/537.36","referer":"http://localhost:4200/","user_id":15,"user_email":"proveedor@materialesconstruccion.mx","headers":{"host":["localhost:8080"],"connection":["keep-alive"],"sec-ch-ua-platform":["\"Windows\""],"authorization":"[HIDDEN]","sec-ch-ua":["\"Chromium\";v=\"140\", \"Not=A?Brand\";v=\"24\", \"Google Chrome\";v=\"140\""],"sec-ch-ua-mobile":["?0"],"access-control-allow-credentials":["true"],"user-agent":["Mozilla/5.0 (Windows NT 10.0; Win64; x64) AppleWebKit/537.36 (KHTML, like Gecko) Chrome/140.0.0.0 Safari/537.36"],"accept":["application/json"],"content-type":["application/json"],"origin":["http://localhost:4200"],"sec-fetch-site":["same-site"],"sec-fetch-mode":["cors"],"sec-fetch-dest":["empty"],"referer":["http://localhost:4200/"],"accept-encoding":["gzip, deflate, br, zstd"],"accept-language":["es-419,es;q=0.9"]},"query_params":[],"request_data":[],"request_size":0,"timestamp":"2025-10-03T01:06:05.470653Z"},"timestamp":"2025-10-03T01:06:05.471004Z"} 
[2025-10-02 18:06:05] local.INFO: User Action {"action":"request_end","model":"API_Request","model_id":0,"user_id":15,"user_email":"proveedor@materialesconstruccion.mx","ip_address":"::1","user_agent":"Mozilla/5.0 (Windows NT 10.0; Win64; x64) AppleWebKit/537.36 (KHTML, like Gecko) Chrome/140.0.0.0 Safari/537.36","data":{"request_id":"req_68df217d72e0f4.57625169","method":"GET","path":"api/auth/me","status_code":200,"execution_time_ms":13.78,"response_size":1979,"memory_usage_mb":28.0,"memory_peak_mb":28.0,"user_id":15,"performance_category":"fast","response_headers":{"content_type":"application/json"}},"timestamp":"2025-10-03T01:06:05.484405Z"} 
[2025-10-02 18:06:05] local.ERROR: System Error {"error":"Suspicious Activity Detected","context":"Security","user_id":15,"ip_address":"::1","data":{"indicators":["high_request_volume"],"ip_address":"::1","user_id":15,"user_agent":"Mozilla/5.0 (Windows NT 10.0; Win64; x64) AppleWebKit/537.36 (KHTML, like Gecko) Chrome/140.0.0.0 Safari/537.36","path":"api/auth/me","request_count":168},"timestamp":"2025-10-03T01:06:05.490204Z"} 
[2025-10-02 18:06:06] local.INFO: User Action {"action":"request_start","model":"API_Request","model_id":0,"user_id":15,"user_email":"proveedor@materialesconstruccion.mx","ip_address":"::1","user_agent":"Mozilla/5.0 (Windows NT 10.0; Win64; x64) AppleWebKit/537.36 (KHTML, like Gecko) Chrome/140.0.0.0 Safari/537.36","data":{"request_id":"req_68df217e02bd84.81162103","method":"GET","path":"api/proveedores/4/solicitudes-pago","full_url":"http://localhost:8080/api/proveedores/4/solicitudes-pago?estado_solicitud=pendiente&order=desc&per_page=15&sort_by=fecha_registro_pendiente","ip_address":"::1","user_agent":"Mozilla/5.0 (Windows NT 10.0; Win64; x64) AppleWebKit/537.36 (KHTML, like Gecko) Chrome/140.0.0.0 Safari/537.36","referer":"http://localhost:4200/","user_id":15,"user_email":"proveedor@materialesconstruccion.mx","headers":{"host":["localhost:8080"],"connection":["keep-alive"],"sec-ch-ua-platform":["\"Windows\""],"authorization":"[HIDDEN]","sec-ch-ua":["\"Chromium\";v=\"140\", \"Not=A?Brand\";v=\"24\", \"Google Chrome\";v=\"140\""],"sec-ch-ua-mobile":["?0"],"access-control-allow-credentials":["true"],"user-agent":["Mozilla/5.0 (Windows NT 10.0; Win64; x64) AppleWebKit/537.36 (KHTML, like Gecko) Chrome/140.0.0.0 Safari/537.36"],"accept":["application/json, text/plain, */*"],"content-type":["application/json"],"origin":["http://localhost:4200"],"sec-fetch-site":["same-site"],"sec-fetch-mode":["cors"],"sec-fetch-dest":["empty"],"referer":["http://localhost:4200/"],"accept-encoding":["gzip, deflate, br, zstd"],"accept-language":["es-419,es;q=0.9"]},"query_params":{"estado_solicitud":"pendiente","per_page":"15","sort_by":"fecha_registro_pendiente","order":"desc"},"request_data":{"_proveedor_id":4,"_user_proveedor_relation":"PRINCIPAL","estado_solicitud":"pendiente","per_page":"15","sort_by":"fecha_registro_pendiente","order":"desc"},"request_size":0,"timestamp":"2025-10-03T01:06:06.011321Z"},"timestamp":"2025-10-03T01:06:06.011702Z"} 
[2025-10-02 18:06:06] local.INFO: User Action {"action":"request_end","model":"API_Request","model_id":0,"user_id":15,"user_email":"proveedor@materialesconstruccion.mx","ip_address":"::1","user_agent":"Mozilla/5.0 (Windows NT 10.0; Win64; x64) AppleWebKit/537.36 (KHTML, like Gecko) Chrome/140.0.0.0 Safari/537.36","data":{"request_id":"req_68df217e02bd84.81162103","method":"GET","path":"api/proveedores/4/solicitudes-pago","status_code":200,"execution_time_ms":13.45,"response_size":9744,"memory_usage_mb":28.0,"memory_peak_mb":28.0,"user_id":15,"performance_category":"fast","response_headers":{"content_type":"application/json"}},"timestamp":"2025-10-03T01:06:06.024747Z"} 
[2025-10-02 18:06:06] local.ERROR: System Error {"error":"Suspicious Activity Detected","context":"Security","user_id":15,"ip_address":"::1","data":{"indicators":["high_request_volume"],"ip_address":"::1","user_id":15,"user_agent":"Mozilla/5.0 (Windows NT 10.0; Win64; x64) AppleWebKit/537.36 (KHTML, like Gecko) Chrome/140.0.0.0 Safari/537.36","path":"api/proveedores/4/solicitudes-pago","request_count":169},"timestamp":"2025-10-03T01:06:06.028721Z"} 
[2025-10-02 18:06:14] local.INFO: User Action {"action":"request_start","model":"API_Request","model_id":0,"user_id":15,"user_email":"proveedor@materialesconstruccion.mx","ip_address":"::1","user_agent":"Mozilla/5.0 (Windows NT 10.0; Win64; x64) AppleWebKit/537.36 (KHTML, like Gecko) Chrome/140.0.0.0 Safari/537.36","data":{"request_id":"req_68df21861acbf6.34587408","method":"GET","path":"api/auth/me","full_url":"http://localhost:8080/api/auth/me","ip_address":"::1","user_agent":"Mozilla/5.0 (Windows NT 10.0; Win64; x64) AppleWebKit/537.36 (KHTML, like Gecko) Chrome/140.0.0.0 Safari/537.36","referer":"http://localhost:4200/","user_id":15,"user_email":"proveedor@materialesconstruccion.mx","headers":{"host":["localhost:8080"],"connection":["keep-alive"],"sec-ch-ua-platform":["\"Windows\""],"authorization":"[HIDDEN]","sec-ch-ua":["\"Chromium\";v=\"140\", \"Not=A?Brand\";v=\"24\", \"Google Chrome\";v=\"140\""],"sec-ch-ua-mobile":["?0"],"access-control-allow-credentials":["true"],"user-agent":["Mozilla/5.0 (Windows NT 10.0; Win64; x64) AppleWebKit/537.36 (KHTML, like Gecko) Chrome/140.0.0.0 Safari/537.36"],"accept":["application/json"],"content-type":["application/json"],"origin":["http://localhost:4200"],"sec-fetch-site":["same-site"],"sec-fetch-mode":["cors"],"sec-fetch-dest":["empty"],"referer":["http://localhost:4200/"],"accept-encoding":["gzip, deflate, br, zstd"],"accept-language":["es-419,es;q=0.9"]},"query_params":[],"request_data":[],"request_size":0,"timestamp":"2025-10-03T01:06:14.109876Z"},"timestamp":"2025-10-03T01:06:14.110244Z"} 
[2025-10-02 18:06:14] local.INFO: User Action {"action":"request_end","model":"API_Request","model_id":0,"user_id":15,"user_email":"proveedor@materialesconstruccion.mx","ip_address":"::1","user_agent":"Mozilla/5.0 (Windows NT 10.0; Win64; x64) AppleWebKit/537.36 (KHTML, like Gecko) Chrome/140.0.0.0 Safari/537.36","data":{"request_id":"req_68df21861acbf6.34587408","method":"GET","path":"api/auth/me","status_code":200,"execution_time_ms":10.95,"response_size":1979,"memory_usage_mb":28.0,"memory_peak_mb":28.0,"user_id":15,"performance_category":"fast","response_headers":{"content_type":"application/json"}},"timestamp":"2025-10-03T01:06:14.120775Z"} 
[2025-10-02 18:06:14] local.ERROR: System Error {"error":"Suspicious Activity Detected","context":"Security","user_id":15,"ip_address":"::1","data":{"indicators":["high_request_volume"],"ip_address":"::1","user_id":15,"user_agent":"Mozilla/5.0 (Windows NT 10.0; Win64; x64) AppleWebKit/537.36 (KHTML, like Gecko) Chrome/140.0.0.0 Safari/537.36","path":"api/auth/me","request_count":170},"timestamp":"2025-10-03T01:06:14.124184Z"} 
[2025-10-02 18:06:14] local.INFO: User Action {"action":"request_start","model":"API_Request","model_id":0,"user_id":15,"user_email":"proveedor@materialesconstruccion.mx","ip_address":"::1","user_agent":"Mozilla/5.0 (Windows NT 10.0; Win64; x64) AppleWebKit/537.36 (KHTML, like Gecko) Chrome/140.0.0.0 Safari/537.36","data":{"request_id":"req_68df2186bd3896.62636342","method":"GET","path":"api/notifications","full_url":"http://localhost:8080/api/notifications","ip_address":"::1","user_agent":"Mozilla/5.0 (Windows NT 10.0; Win64; x64) AppleWebKit/537.36 (KHTML, like Gecko) Chrome/140.0.0.0 Safari/537.36","referer":"http://localhost:4200/","user_id":15,"user_email":"proveedor@materialesconstruccion.mx","headers":{"host":["localhost:8080"],"connection":["keep-alive"],"sec-ch-ua-platform":["\"Windows\""],"authorization":"[HIDDEN]","sec-ch-ua":["\"Chromium\";v=\"140\", \"Not=A?Brand\";v=\"24\", \"Google Chrome\";v=\"140\""],"sec-ch-ua-mobile":["?0"],"access-control-allow-credentials":["true"],"user-agent":["Mozilla/5.0 (Windows NT 10.0; Win64; x64) AppleWebKit/537.36 (KHTML, like Gecko) Chrome/140.0.0.0 Safari/537.36"],"accept":["application/json, text/plain, */*"],"content-type":["application/json"],"origin":["http://localhost:4200"],"sec-fetch-site":["same-site"],"sec-fetch-mode":["cors"],"sec-fetch-dest":["empty"],"referer":["http://localhost:4200/"],"accept-encoding":["gzip, deflate, br, zstd"],"accept-language":["es-419,es;q=0.9"]},"query_params":[],"request_data":[],"request_size":0,"timestamp":"2025-10-03T01:06:14.775151Z"},"timestamp":"2025-10-03T01:06:14.775502Z"} 
[2025-10-02 18:06:14] local.INFO: User Action {"action":"request_end","model":"API_Request","model_id":0,"user_id":15,"user_email":"proveedor@materialesconstruccion.mx","ip_address":"::1","user_agent":"Mozilla/5.0 (Windows NT 10.0; Win64; x64) AppleWebKit/537.36 (KHTML, like Gecko) Chrome/140.0.0.0 Safari/537.36","data":{"request_id":"req_68df2186bd3896.62636342","method":"GET","path":"api/notifications","status_code":200,"execution_time_ms":8.23,"response_size":558,"memory_usage_mb":26.0,"memory_peak_mb":26.0,"user_id":15,"performance_category":"fast","response_headers":{"content_type":"application/json"}},"timestamp":"2025-10-03T01:06:14.783350Z"} 
[2025-10-02 18:06:14] local.ERROR: System Error {"error":"Suspicious Activity Detected","context":"Security","user_id":15,"ip_address":"::1","data":{"indicators":["high_request_volume"],"ip_address":"::1","user_id":15,"user_agent":"Mozilla/5.0 (Windows NT 10.0; Win64; x64) AppleWebKit/537.36 (KHTML, like Gecko) Chrome/140.0.0.0 Safari/537.36","path":"api/notifications","request_count":171},"timestamp":"2025-10-03T01:06:14.786884Z"} 
[2025-10-02 18:06:14] local.INFO: User Action {"action":"request_start","model":"API_Request","model_id":0,"user_id":15,"user_email":"proveedor@materialesconstruccion.mx","ip_address":"::1","user_agent":"Mozilla/5.0 (Windows NT 10.0; Win64; x64) AppleWebKit/537.36 (KHTML, like Gecko) Chrome/140.0.0.0 Safari/537.36","data":{"request_id":"req_68df2186e096c4.90424833","method":"GET","path":"api/proveedores/user/15","full_url":"http://localhost:8080/api/proveedores/user/15","ip_address":"::1","user_agent":"Mozilla/5.0 (Windows NT 10.0; Win64; x64) AppleWebKit/537.36 (KHTML, like Gecko) Chrome/140.0.0.0 Safari/537.36","referer":"http://localhost:4200/","user_id":15,"user_email":"proveedor@materialesconstruccion.mx","headers":{"host":["localhost:8080"],"connection":["keep-alive"],"sec-ch-ua-platform":["\"Windows\""],"authorization":"[HIDDEN]","sec-ch-ua":["\"Chromium\";v=\"140\", \"Not=A?Brand\";v=\"24\", \"Google Chrome\";v=\"140\""],"sec-ch-ua-mobile":["?0"],"access-control-allow-credentials":["true"],"user-agent":["Mozilla/5.0 (Windows NT 10.0; Win64; x64) AppleWebKit/537.36 (KHTML, like Gecko) Chrome/140.0.0.0 Safari/537.36"],"accept":["application/json, text/plain, */*"],"content-type":["application/json"],"origin":["http://localhost:4200"],"sec-fetch-site":["same-site"],"sec-fetch-mode":["cors"],"sec-fetch-dest":["empty"],"referer":["http://localhost:4200/"],"accept-encoding":["gzip, deflate, br, zstd"],"accept-language":["es-419,es;q=0.9"]},"query_params":[],"request_data":[],"request_size":0,"timestamp":"2025-10-03T01:06:14.920014Z"},"timestamp":"2025-10-03T01:06:14.920423Z"} 
[2025-10-02 18:06:14] local.INFO: User Action {"action":"request_end","model":"API_Request","model_id":0,"user_id":15,"user_email":"proveedor@materialesconstruccion.mx","ip_address":"::1","user_agent":"Mozilla/5.0 (Windows NT 10.0; Win64; x64) AppleWebKit/537.36 (KHTML, like Gecko) Chrome/140.0.0.0 Safari/537.36","data":{"request_id":"req_68df2186e096c4.90424833","method":"GET","path":"api/proveedores/user/15","status_code":200,"execution_time_ms":10.82,"response_size":1566,"memory_usage_mb":28.0,"memory_peak_mb":28.0,"user_id":15,"performance_category":"fast","response_headers":{"content_type":"application/json"}},"timestamp":"2025-10-03T01:06:14.930814Z"} 
[2025-10-02 18:06:14] local.ERROR: System Error {"error":"Suspicious Activity Detected","context":"Security","user_id":15,"ip_address":"::1","data":{"indicators":["high_request_volume"],"ip_address":"::1","user_id":15,"user_agent":"Mozilla/5.0 (Windows NT 10.0; Win64; x64) AppleWebKit/537.36 (KHTML, like Gecko) Chrome/140.0.0.0 Safari/537.36","path":"api/proveedores/user/15","request_count":172},"timestamp":"2025-10-03T01:06:14.934396Z"} 
[2025-10-02 18:06:15] local.INFO: User Action {"action":"request_start","model":"API_Request","model_id":0,"user_id":15,"user_email":"proveedor@materialesconstruccion.mx","ip_address":"::1","user_agent":"Mozilla/5.0 (Windows NT 10.0; Win64; x64) AppleWebKit/537.36 (KHTML, like Gecko) Chrome/140.0.0.0 Safari/537.36","data":{"request_id":"req_68df2187172b31.62376715","method":"GET","path":"api/auth/me","full_url":"http://localhost:8080/api/auth/me","ip_address":"::1","user_agent":"Mozilla/5.0 (Windows NT 10.0; Win64; x64) AppleWebKit/537.36 (KHTML, like Gecko) Chrome/140.0.0.0 Safari/537.36","referer":"http://localhost:4200/","user_id":15,"user_email":"proveedor@materialesconstruccion.mx","headers":{"host":["localhost:8080"],"connection":["keep-alive"],"sec-ch-ua-platform":["\"Windows\""],"authorization":"[HIDDEN]","sec-ch-ua":["\"Chromium\";v=\"140\", \"Not=A?Brand\";v=\"24\", \"Google Chrome\";v=\"140\""],"sec-ch-ua-mobile":["?0"],"access-control-allow-credentials":["true"],"user-agent":["Mozilla/5.0 (Windows NT 10.0; Win64; x64) AppleWebKit/537.36 (KHTML, like Gecko) Chrome/140.0.0.0 Safari/537.36"],"accept":["application/json"],"content-type":["application/json"],"origin":["http://localhost:4200"],"sec-fetch-site":["same-site"],"sec-fetch-mode":["cors"],"sec-fetch-dest":["empty"],"referer":["http://localhost:4200/"],"accept-encoding":["gzip, deflate, br, zstd"],"accept-language":["es-419,es;q=0.9"]},"query_params":[],"request_data":[],"request_size":0,"timestamp":"2025-10-03T01:06:15.095004Z"},"timestamp":"2025-10-03T01:06:15.095374Z"} 
[2025-10-02 18:06:15] local.INFO: User Action {"action":"request_end","model":"API_Request","model_id":0,"user_id":15,"user_email":"proveedor@materialesconstruccion.mx","ip_address":"::1","user_agent":"Mozilla/5.0 (Windows NT 10.0; Win64; x64) AppleWebKit/537.36 (KHTML, like Gecko) Chrome/140.0.0.0 Safari/537.36","data":{"request_id":"req_68df2187172b31.62376715","method":"GET","path":"api/auth/me","status_code":200,"execution_time_ms":11.52,"response_size":1979,"memory_usage_mb":28.0,"memory_peak_mb":28.0,"user_id":15,"performance_category":"fast","response_headers":{"content_type":"application/json"}},"timestamp":"2025-10-03T01:06:15.106542Z"} 
[2025-10-02 18:06:15] local.ERROR: System Error {"error":"Suspicious Activity Detected","context":"Security","user_id":15,"ip_address":"::1","data":{"indicators":["high_request_volume"],"ip_address":"::1","user_id":15,"user_agent":"Mozilla/5.0 (Windows NT 10.0; Win64; x64) AppleWebKit/537.36 (KHTML, like Gecko) Chrome/140.0.0.0 Safari/537.36","path":"api/auth/me","request_count":173},"timestamp":"2025-10-03T01:06:15.111447Z"} 
[2025-10-02 18:06:15] local.INFO: User Action {"action":"request_start","model":"API_Request","model_id":0,"user_id":15,"user_email":"proveedor@materialesconstruccion.mx","ip_address":"::1","user_agent":"Mozilla/5.0 (Windows NT 10.0; Win64; x64) AppleWebKit/537.36 (KHTML, like Gecko) Chrome/140.0.0.0 Safari/537.36","data":{"request_id":"req_68df2187951796.12946042","method":"GET","path":"api/proveedores/4/solicitudes-pago","full_url":"http://localhost:8080/api/proveedores/4/solicitudes-pago?estado_solicitud=pendiente&order=desc&per_page=15&sort_by=fecha_registro_pendiente","ip_address":"::1","user_agent":"Mozilla/5.0 (Windows NT 10.0; Win64; x64) AppleWebKit/537.36 (KHTML, like Gecko) Chrome/140.0.0.0 Safari/537.36","referer":"http://localhost:4200/","user_id":15,"user_email":"proveedor@materialesconstruccion.mx","headers":{"host":["localhost:8080"],"connection":["keep-alive"],"sec-ch-ua-platform":["\"Windows\""],"authorization":"[HIDDEN]","sec-ch-ua":["\"Chromium\";v=\"140\", \"Not=A?Brand\";v=\"24\", \"Google Chrome\";v=\"140\""],"sec-ch-ua-mobile":["?0"],"access-control-allow-credentials":["true"],"user-agent":["Mozilla/5.0 (Windows NT 10.0; Win64; x64) AppleWebKit/537.36 (KHTML, like Gecko) Chrome/140.0.0.0 Safari/537.36"],"accept":["application/json, text/plain, */*"],"content-type":["application/json"],"origin":["http://localhost:4200"],"sec-fetch-site":["same-site"],"sec-fetch-mode":["cors"],"sec-fetch-dest":["empty"],"referer":["http://localhost:4200/"],"accept-encoding":["gzip, deflate, br, zstd"],"accept-language":["es-419,es;q=0.9"]},"query_params":{"estado_solicitud":"pendiente","per_page":"15","sort_by":"fecha_registro_pendiente","order":"desc"},"request_data":{"_proveedor_id":4,"_user_proveedor_relation":"PRINCIPAL","estado_solicitud":"pendiente","per_page":"15","sort_by":"fecha_registro_pendiente","order":"desc"},"request_size":0,"timestamp":"2025-10-03T01:06:15.610777Z"},"timestamp":"2025-10-03T01:06:15.611160Z"} 
[2025-10-02 18:06:15] local.INFO: User Action {"action":"request_end","model":"API_Request","model_id":0,"user_id":15,"user_email":"proveedor@materialesconstruccion.mx","ip_address":"::1","user_agent":"Mozilla/5.0 (Windows NT 10.0; Win64; x64) AppleWebKit/537.36 (KHTML, like Gecko) Chrome/140.0.0.0 Safari/537.36","data":{"request_id":"req_68df2187951796.12946042","method":"GET","path":"api/proveedores/4/solicitudes-pago","status_code":200,"execution_time_ms":13.74,"response_size":9744,"memory_usage_mb":28.0,"memory_peak_mb":28.0,"user_id":15,"performance_category":"fast","response_headers":{"content_type":"application/json"}},"timestamp":"2025-10-03T01:06:15.624497Z"} 
[2025-10-02 18:06:15] local.ERROR: System Error {"error":"Suspicious Activity Detected","context":"Security","user_id":15,"ip_address":"::1","data":{"indicators":["high_request_volume"],"ip_address":"::1","user_id":15,"user_agent":"Mozilla/5.0 (Windows NT 10.0; Win64; x64) AppleWebKit/537.36 (KHTML, like Gecko) Chrome/140.0.0.0 Safari/537.36","path":"api/proveedores/4/solicitudes-pago","request_count":174},"timestamp":"2025-10-03T01:06:15.627517Z"} 
[2025-10-02 18:10:09] local.INFO: User Action {"action":"request_start","model":"API_Request","model_id":0,"user_id":15,"user_email":"proveedor@materialesconstruccion.mx","ip_address":"::1","user_agent":"Mozilla/5.0 (Windows NT 10.0; Win64; x64) AppleWebKit/537.36 (KHTML, like Gecko) Chrome/140.0.0.0 Safari/537.36","data":{"request_id":"req_68df2271388634.38236539","method":"GET","path":"api/auth/me","full_url":"http://localhost:8080/api/auth/me","ip_address":"::1","user_agent":"Mozilla/5.0 (Windows NT 10.0; Win64; x64) AppleWebKit/537.36 (KHTML, like Gecko) Chrome/140.0.0.0 Safari/537.36","referer":"http://localhost:4200/","user_id":15,"user_email":"proveedor@materialesconstruccion.mx","headers":{"host":["localhost:8080"],"connection":["keep-alive"],"sec-ch-ua-platform":["\"Windows\""],"authorization":"[HIDDEN]","sec-ch-ua":["\"Chromium\";v=\"140\", \"Not=A?Brand\";v=\"24\", \"Google Chrome\";v=\"140\""],"sec-ch-ua-mobile":["?0"],"access-control-allow-credentials":["true"],"user-agent":["Mozilla/5.0 (Windows NT 10.0; Win64; x64) AppleWebKit/537.36 (KHTML, like Gecko) Chrome/140.0.0.0 Safari/537.36"],"accept":["application/json"],"content-type":["application/json"],"origin":["http://localhost:4200"],"sec-fetch-site":["same-site"],"sec-fetch-mode":["cors"],"sec-fetch-dest":["empty"],"referer":["http://localhost:4200/"],"accept-encoding":["gzip, deflate, br, zstd"],"accept-language":["es-419,es;q=0.9"]},"query_params":[],"request_data":[],"request_size":0,"timestamp":"2025-10-03T01:10:09.231656Z"},"timestamp":"2025-10-03T01:10:09.232189Z"} 
[2025-10-02 18:10:09] local.INFO: User Action {"action":"request_end","model":"API_Request","model_id":0,"user_id":15,"user_email":"proveedor@materialesconstruccion.mx","ip_address":"::1","user_agent":"Mozilla/5.0 (Windows NT 10.0; Win64; x64) AppleWebKit/537.36 (KHTML, like Gecko) Chrome/140.0.0.0 Safari/537.36","data":{"request_id":"req_68df2271388634.38236539","method":"GET","path":"api/auth/me","status_code":200,"execution_time_ms":13.69,"response_size":1979,"memory_usage_mb":28.0,"memory_peak_mb":28.0,"user_id":15,"performance_category":"fast","response_headers":{"content_type":"application/json"}},"timestamp":"2025-10-03T01:10:09.245289Z"} 
[2025-10-02 18:10:09] local.ERROR: System Error {"error":"Suspicious Activity Detected","context":"Security","user_id":15,"ip_address":"::1","data":{"indicators":["high_request_volume"],"ip_address":"::1","user_id":15,"user_agent":"Mozilla/5.0 (Windows NT 10.0; Win64; x64) AppleWebKit/537.36 (KHTML, like Gecko) Chrome/140.0.0.0 Safari/537.36","path":"api/auth/me","request_count":175},"timestamp":"2025-10-03T01:10:09.250481Z"} 
[2025-10-02 18:10:09] local.INFO: User Action {"action":"request_start","model":"API_Request","model_id":0,"user_id":15,"user_email":"proveedor@materialesconstruccion.mx","ip_address":"::1","user_agent":"Mozilla/5.0 (Windows NT 10.0; Win64; x64) AppleWebKit/537.36 (KHTML, like Gecko) Chrome/140.0.0.0 Safari/537.36","data":{"request_id":"req_68df22717a1ce7.81118005","method":"GET","path":"api/notifications","full_url":"http://localhost:8080/api/notifications","ip_address":"::1","user_agent":"Mozilla/5.0 (Windows NT 10.0; Win64; x64) AppleWebKit/537.36 (KHTML, like Gecko) Chrome/140.0.0.0 Safari/537.36","referer":"http://localhost:4200/","user_id":15,"user_email":"proveedor@materialesconstruccion.mx","headers":{"host":["localhost:8080"],"connection":["keep-alive"],"sec-ch-ua-platform":["\"Windows\""],"authorization":"[HIDDEN]","sec-ch-ua":["\"Chromium\";v=\"140\", \"Not=A?Brand\";v=\"24\", \"Google Chrome\";v=\"140\""],"sec-ch-ua-mobile":["?0"],"access-control-allow-credentials":["true"],"user-agent":["Mozilla/5.0 (Windows NT 10.0; Win64; x64) AppleWebKit/537.36 (KHTML, like Gecko) Chrome/140.0.0.0 Safari/537.36"],"accept":["application/json, text/plain, */*"],"content-type":["application/json"],"origin":["http://localhost:4200"],"sec-fetch-site":["same-site"],"sec-fetch-mode":["cors"],"sec-fetch-dest":["empty"],"referer":["http://localhost:4200/"],"accept-encoding":["gzip, deflate, br, zstd"],"accept-language":["es-419,es;q=0.9"]},"query_params":[],"request_data":[],"request_size":0,"timestamp":"2025-10-03T01:10:09.500276Z"},"timestamp":"2025-10-03T01:10:09.500624Z"} 
[2025-10-02 18:10:09] local.INFO: User Action {"action":"request_end","model":"API_Request","model_id":0,"user_id":15,"user_email":"proveedor@materialesconstruccion.mx","ip_address":"::1","user_agent":"Mozilla/5.0 (Windows NT 10.0; Win64; x64) AppleWebKit/537.36 (KHTML, like Gecko) Chrome/140.0.0.0 Safari/537.36","data":{"request_id":"req_68df22717a1ce7.81118005","method":"GET","path":"api/notifications","status_code":200,"execution_time_ms":7.0,"response_size":558,"memory_usage_mb":26.0,"memory_peak_mb":26.0,"user_id":15,"performance_category":"fast","response_headers":{"content_type":"application/json"}},"timestamp":"2025-10-03T01:10:09.507253Z"} 
[2025-10-02 18:10:09] local.ERROR: System Error {"error":"Suspicious Activity Detected","context":"Security","user_id":15,"ip_address":"::1","data":{"indicators":["high_request_volume"],"ip_address":"::1","user_id":15,"user_agent":"Mozilla/5.0 (Windows NT 10.0; Win64; x64) AppleWebKit/537.36 (KHTML, like Gecko) Chrome/140.0.0.0 Safari/537.36","path":"api/notifications","request_count":176},"timestamp":"2025-10-03T01:10:09.512141Z"} 
[2025-10-02 18:10:09] local.INFO: User Action {"action":"request_start","model":"API_Request","model_id":0,"user_id":15,"user_email":"proveedor@materialesconstruccion.mx","ip_address":"::1","user_agent":"Mozilla/5.0 (Windows NT 10.0; Win64; x64) AppleWebKit/537.36 (KHTML, like Gecko) Chrome/140.0.0.0 Safari/537.36","data":{"request_id":"req_68df2271d3adc7.07953285","method":"GET","path":"api/proveedores/user/15","full_url":"http://localhost:8080/api/proveedores/user/15","ip_address":"::1","user_agent":"Mozilla/5.0 (Windows NT 10.0; Win64; x64) AppleWebKit/537.36 (KHTML, like Gecko) Chrome/140.0.0.0 Safari/537.36","referer":"http://localhost:4200/","user_id":15,"user_email":"proveedor@materialesconstruccion.mx","headers":{"host":["localhost:8080"],"connection":["keep-alive"],"sec-ch-ua-platform":["\"Windows\""],"authorization":"[HIDDEN]","sec-ch-ua":["\"Chromium\";v=\"140\", \"Not=A?Brand\";v=\"24\", \"Google Chrome\";v=\"140\""],"sec-ch-ua-mobile":["?0"],"access-control-allow-credentials":["true"],"user-agent":["Mozilla/5.0 (Windows NT 10.0; Win64; x64) AppleWebKit/537.36 (KHTML, like Gecko) Chrome/140.0.0.0 Safari/537.36"],"accept":["application/json, text/plain, */*"],"content-type":["application/json"],"origin":["http://localhost:4200"],"sec-fetch-site":["same-site"],"sec-fetch-mode":["cors"],"sec-fetch-dest":["empty"],"referer":["http://localhost:4200/"],"accept-encoding":["gzip, deflate, br, zstd"],"accept-language":["es-419,es;q=0.9"]},"query_params":[],"request_data":[],"request_size":0,"timestamp":"2025-10-03T01:10:09.867136Z"},"timestamp":"2025-10-03T01:10:09.867535Z"} 
[2025-10-02 18:10:09] local.INFO: User Action {"action":"request_end","model":"API_Request","model_id":0,"user_id":15,"user_email":"proveedor@materialesconstruccion.mx","ip_address":"::1","user_agent":"Mozilla/5.0 (Windows NT 10.0; Win64; x64) AppleWebKit/537.36 (KHTML, like Gecko) Chrome/140.0.0.0 Safari/537.36","data":{"request_id":"req_68df2271d3adc7.07953285","method":"GET","path":"api/proveedores/user/15","status_code":200,"execution_time_ms":10.01,"response_size":1566,"memory_usage_mb":28.0,"memory_peak_mb":28.0,"user_id":15,"performance_category":"fast","response_headers":{"content_type":"application/json"}},"timestamp":"2025-10-03T01:10:09.877107Z"} 
[2025-10-02 18:10:09] local.ERROR: System Error {"error":"Suspicious Activity Detected","context":"Security","user_id":15,"ip_address":"::1","data":{"indicators":["high_request_volume"],"ip_address":"::1","user_id":15,"user_agent":"Mozilla/5.0 (Windows NT 10.0; Win64; x64) AppleWebKit/537.36 (KHTML, like Gecko) Chrome/140.0.0.0 Safari/537.36","path":"api/proveedores/user/15","request_count":177},"timestamp":"2025-10-03T01:10:09.880865Z"} 
[2025-10-02 18:10:10] local.INFO: User Action {"action":"request_start","model":"API_Request","model_id":0,"user_id":15,"user_email":"proveedor@materialesconstruccion.mx","ip_address":"::1","user_agent":"Mozilla/5.0 (Windows NT 10.0; Win64; x64) AppleWebKit/537.36 (KHTML, like Gecko) Chrome/140.0.0.0 Safari/537.36","data":{"request_id":"req_68df22721bd046.72161688","method":"GET","path":"api/auth/me","full_url":"http://localhost:8080/api/auth/me","ip_address":"::1","user_agent":"Mozilla/5.0 (Windows NT 10.0; Win64; x64) AppleWebKit/537.36 (KHTML, like Gecko) Chrome/140.0.0.0 Safari/537.36","referer":"http://localhost:4200/","user_id":15,"user_email":"proveedor@materialesconstruccion.mx","headers":{"host":["localhost:8080"],"connection":["keep-alive"],"sec-ch-ua-platform":["\"Windows\""],"authorization":"[HIDDEN]","sec-ch-ua":["\"Chromium\";v=\"140\", \"Not=A?Brand\";v=\"24\", \"Google Chrome\";v=\"140\""],"sec-ch-ua-mobile":["?0"],"access-control-allow-credentials":["true"],"user-agent":["Mozilla/5.0 (Windows NT 10.0; Win64; x64) AppleWebKit/537.36 (KHTML, like Gecko) Chrome/140.0.0.0 Safari/537.36"],"accept":["application/json"],"content-type":["application/json"],"origin":["http://localhost:4200"],"sec-fetch-site":["same-site"],"sec-fetch-mode":["cors"],"sec-fetch-dest":["empty"],"referer":["http://localhost:4200/"],"accept-encoding":["gzip, deflate, br, zstd"],"accept-language":["es-419,es;q=0.9"]},"query_params":[],"request_data":[],"request_size":0,"timestamp":"2025-10-03T01:10:10.114018Z"},"timestamp":"2025-10-03T01:10:10.114342Z"} 
[2025-10-02 18:10:10] local.INFO: User Action {"action":"request_end","model":"API_Request","model_id":0,"user_id":15,"user_email":"proveedor@materialesconstruccion.mx","ip_address":"::1","user_agent":"Mozilla/5.0 (Windows NT 10.0; Win64; x64) AppleWebKit/537.36 (KHTML, like Gecko) Chrome/140.0.0.0 Safari/537.36","data":{"request_id":"req_68df22721bd046.72161688","method":"GET","path":"api/auth/me","status_code":200,"execution_time_ms":9.26,"response_size":1979,"memory_usage_mb":28.0,"memory_peak_mb":28.0,"user_id":15,"performance_category":"fast","response_headers":{"content_type":"application/json"}},"timestamp":"2025-10-03T01:10:10.123237Z"} 
[2025-10-02 18:10:10] local.ERROR: System Error {"error":"Suspicious Activity Detected","context":"Security","user_id":15,"ip_address":"::1","data":{"indicators":["high_request_volume"],"ip_address":"::1","user_id":15,"user_agent":"Mozilla/5.0 (Windows NT 10.0; Win64; x64) AppleWebKit/537.36 (KHTML, like Gecko) Chrome/140.0.0.0 Safari/537.36","path":"api/auth/me","request_count":178},"timestamp":"2025-10-03T01:10:10.125909Z"} 
[2025-10-02 18:10:10] local.INFO: User Action {"action":"request_start","model":"API_Request","model_id":0,"user_id":15,"user_email":"proveedor@materialesconstruccion.mx","ip_address":"::1","user_agent":"Mozilla/5.0 (Windows NT 10.0; Win64; x64) AppleWebKit/537.36 (KHTML, like Gecko) Chrome/140.0.0.0 Safari/537.36","data":{"request_id":"req_68df22728f7cd3.07283778","method":"GET","path":"api/proveedores/4/solicitudes-pago","full_url":"http://localhost:8080/api/proveedores/4/solicitudes-pago?estado_solicitud=pendiente&order=desc&per_page=15&sort_by=fecha_registro_pendiente","ip_address":"::1","user_agent":"Mozilla/5.0 (Windows NT 10.0; Win64; x64) AppleWebKit/537.36 (KHTML, like Gecko) Chrome/140.0.0.0 Safari/537.36","referer":"http://localhost:4200/","user_id":15,"user_email":"proveedor@materialesconstruccion.mx","headers":{"host":["localhost:8080"],"connection":["keep-alive"],"sec-ch-ua-platform":["\"Windows\""],"authorization":"[HIDDEN]","sec-ch-ua":["\"Chromium\";v=\"140\", \"Not=A?Brand\";v=\"24\", \"Google Chrome\";v=\"140\""],"sec-ch-ua-mobile":["?0"],"access-control-allow-credentials":["true"],"user-agent":["Mozilla/5.0 (Windows NT 10.0; Win64; x64) AppleWebKit/537.36 (KHTML, like Gecko) Chrome/140.0.0.0 Safari/537.36"],"accept":["application/json, text/plain, */*"],"content-type":["application/json"],"origin":["http://localhost:4200"],"sec-fetch-site":["same-site"],"sec-fetch-mode":["cors"],"sec-fetch-dest":["empty"],"referer":["http://localhost:4200/"],"accept-encoding":["gzip, deflate, br, zstd"],"accept-language":["es-419,es;q=0.9"]},"query_params":{"estado_solicitud":"pendiente","per_page":"15","sort_by":"fecha_registro_pendiente","order":"desc"},"request_data":{"_proveedor_id":4,"_user_proveedor_relation":"PRINCIPAL","estado_solicitud":"pendiente","per_page":"15","sort_by":"fecha_registro_pendiente","order":"desc"},"request_size":0,"timestamp":"2025-10-03T01:10:10.587823Z"},"timestamp":"2025-10-03T01:10:10.588189Z"} 
[2025-10-02 18:10:10] local.INFO: User Action {"action":"request_end","model":"API_Request","model_id":0,"user_id":15,"user_email":"proveedor@materialesconstruccion.mx","ip_address":"::1","user_agent":"Mozilla/5.0 (Windows NT 10.0; Win64; x64) AppleWebKit/537.36 (KHTML, like Gecko) Chrome/140.0.0.0 Safari/537.36","data":{"request_id":"req_68df22728f7cd3.07283778","method":"GET","path":"api/proveedores/4/solicitudes-pago","status_code":200,"execution_time_ms":11.92,"response_size":9744,"memory_usage_mb":28.0,"memory_peak_mb":28.0,"user_id":15,"performance_category":"fast","response_headers":{"content_type":"application/json"}},"timestamp":"2025-10-03T01:10:10.599708Z"} 
[2025-10-02 18:10:10] local.ERROR: System Error {"error":"Suspicious Activity Detected","context":"Security","user_id":15,"ip_address":"::1","data":{"indicators":["high_request_volume"],"ip_address":"::1","user_id":15,"user_agent":"Mozilla/5.0 (Windows NT 10.0; Win64; x64) AppleWebKit/537.36 (KHTML, like Gecko) Chrome/140.0.0.0 Safari/537.36","path":"api/proveedores/4/solicitudes-pago","request_count":179},"timestamp":"2025-10-03T01:10:10.602659Z"} 
[2025-10-02 18:10:16] local.INFO: User Action {"action":"request_start","model":"API_Request","model_id":0,"user_id":15,"user_email":"proveedor@materialesconstruccion.mx","ip_address":"::1","user_agent":"Mozilla/5.0 (Windows NT 10.0; Win64; x64) AppleWebKit/537.36 (KHTML, like Gecko) Chrome/140.0.0.0 Safari/537.36","data":{"request_id":"req_68df2278ed8139.91654358","method":"GET","path":"api/auth/me","full_url":"http://localhost:8080/api/auth/me","ip_address":"::1","user_agent":"Mozilla/5.0 (Windows NT 10.0; Win64; x64) AppleWebKit/537.36 (KHTML, like Gecko) Chrome/140.0.0.0 Safari/537.36","referer":"http://localhost:4200/","user_id":15,"user_email":"proveedor@materialesconstruccion.mx","headers":{"host":["localhost:8080"],"connection":["keep-alive"],"sec-ch-ua-platform":["\"Windows\""],"authorization":"[HIDDEN]","sec-ch-ua":["\"Chromium\";v=\"140\", \"Not=A?Brand\";v=\"24\", \"Google Chrome\";v=\"140\""],"sec-ch-ua-mobile":["?0"],"access-control-allow-credentials":["true"],"user-agent":["Mozilla/5.0 (Windows NT 10.0; Win64; x64) AppleWebKit/537.36 (KHTML, like Gecko) Chrome/140.0.0.0 Safari/537.36"],"accept":["application/json"],"content-type":["application/json"],"origin":["http://localhost:4200"],"sec-fetch-site":["same-site"],"sec-fetch-mode":["cors"],"sec-fetch-dest":["empty"],"referer":["http://localhost:4200/"],"accept-encoding":["gzip, deflate, br, zstd"],"accept-language":["es-419,es;q=0.9"]},"query_params":[],"request_data":[],"request_size":0,"timestamp":"2025-10-03T01:10:16.972970Z"},"timestamp":"2025-10-03T01:10:16.973414Z"} 
[2025-10-02 18:10:16] local.INFO: User Action {"action":"request_end","model":"API_Request","model_id":0,"user_id":15,"user_email":"proveedor@materialesconstruccion.mx","ip_address":"::1","user_agent":"Mozilla/5.0 (Windows NT 10.0; Win64; x64) AppleWebKit/537.36 (KHTML, like Gecko) Chrome/140.0.0.0 Safari/537.36","data":{"request_id":"req_68df2278ed8139.91654358","method":"GET","path":"api/auth/me","status_code":200,"execution_time_ms":17.27,"response_size":1979,"memory_usage_mb":28.0,"memory_peak_mb":28.0,"user_id":15,"performance_category":"fast","response_headers":{"content_type":"application/json"}},"timestamp":"2025-10-03T01:10:16.990192Z"} 
[2025-10-02 18:10:16] local.ERROR: System Error {"error":"Suspicious Activity Detected","context":"Security","user_id":15,"ip_address":"::1","data":{"indicators":["high_request_volume"],"ip_address":"::1","user_id":15,"user_agent":"Mozilla/5.0 (Windows NT 10.0; Win64; x64) AppleWebKit/537.36 (KHTML, like Gecko) Chrome/140.0.0.0 Safari/537.36","path":"api/auth/me","request_count":180},"timestamp":"2025-10-03T01:10:16.993996Z"} 
[2025-10-02 18:10:17] local.INFO: User Action {"action":"request_start","model":"API_Request","model_id":0,"user_id":15,"user_email":"proveedor@materialesconstruccion.mx","ip_address":"::1","user_agent":"Mozilla/5.0 (Windows NT 10.0; Win64; x64) AppleWebKit/537.36 (KHTML, like Gecko) Chrome/140.0.0.0 Safari/537.36","data":{"request_id":"req_68df22793c3190.18913735","method":"GET","path":"api/notifications","full_url":"http://localhost:8080/api/notifications","ip_address":"::1","user_agent":"Mozilla/5.0 (Windows NT 10.0; Win64; x64) AppleWebKit/537.36 (KHTML, like Gecko) Chrome/140.0.0.0 Safari/537.36","referer":"http://localhost:4200/","user_id":15,"user_email":"proveedor@materialesconstruccion.mx","headers":{"host":["localhost:8080"],"connection":["keep-alive"],"sec-ch-ua-platform":["\"Windows\""],"authorization":"[HIDDEN]","sec-ch-ua":["\"Chromium\";v=\"140\", \"Not=A?Brand\";v=\"24\", \"Google Chrome\";v=\"140\""],"sec-ch-ua-mobile":["?0"],"access-control-allow-credentials":["true"],"user-agent":["Mozilla/5.0 (Windows NT 10.0; Win64; x64) AppleWebKit/537.36 (KHTML, like Gecko) Chrome/140.0.0.0 Safari/537.36"],"accept":["application/json, text/plain, */*"],"content-type":["application/json"],"origin":["http://localhost:4200"],"sec-fetch-site":["same-site"],"sec-fetch-mode":["cors"],"sec-fetch-dest":["empty"],"referer":["http://localhost:4200/"],"accept-encoding":["gzip, deflate, br, zstd"],"accept-language":["es-419,es;q=0.9"]},"query_params":[],"request_data":[],"request_size":0,"timestamp":"2025-10-03T01:10:17.246675Z"},"timestamp":"2025-10-03T01:10:17.247036Z"} 
[2025-10-02 18:10:17] local.INFO: User Action {"action":"request_end","model":"API_Request","model_id":0,"user_id":15,"user_email":"proveedor@materialesconstruccion.mx","ip_address":"::1","user_agent":"Mozilla/5.0 (Windows NT 10.0; Win64; x64) AppleWebKit/537.36 (KHTML, like Gecko) Chrome/140.0.0.0 Safari/537.36","data":{"request_id":"req_68df22793c3190.18913735","method":"GET","path":"api/notifications","status_code":200,"execution_time_ms":6.89,"response_size":558,"memory_usage_mb":26.0,"memory_peak_mb":26.0,"user_id":15,"performance_category":"fast","response_headers":{"content_type":"application/json"}},"timestamp":"2025-10-03T01:10:17.253519Z"} 
[2025-10-02 18:10:17] local.ERROR: System Error {"error":"Suspicious Activity Detected","context":"Security","user_id":15,"ip_address":"::1","data":{"indicators":["high_request_volume"],"ip_address":"::1","user_id":15,"user_agent":"Mozilla/5.0 (Windows NT 10.0; Win64; x64) AppleWebKit/537.36 (KHTML, like Gecko) Chrome/140.0.0.0 Safari/537.36","path":"api/notifications","request_count":181},"timestamp":"2025-10-03T01:10:17.256737Z"} 
[2025-10-02 18:10:17] local.INFO: User Action {"action":"request_start","model":"API_Request","model_id":0,"user_id":15,"user_email":"proveedor@materialesconstruccion.mx","ip_address":"::1","user_agent":"Mozilla/5.0 (Windows NT 10.0; Win64; x64) AppleWebKit/537.36 (KHTML, like Gecko) Chrome/140.0.0.0 Safari/537.36","data":{"request_id":"req_68df2279b1a6e5.59089774","method":"GET","path":"api/proveedores/user/15","full_url":"http://localhost:8080/api/proveedores/user/15","ip_address":"::1","user_agent":"Mozilla/5.0 (Windows NT 10.0; Win64; x64) AppleWebKit/537.36 (KHTML, like Gecko) Chrome/140.0.0.0 Safari/537.36","referer":"http://localhost:4200/","user_id":15,"user_email":"proveedor@materialesconstruccion.mx","headers":{"host":["localhost:8080"],"connection":["keep-alive"],"sec-ch-ua-platform":["\"Windows\""],"authorization":"[HIDDEN]","sec-ch-ua":["\"Chromium\";v=\"140\", \"Not=A?Brand\";v=\"24\", \"Google Chrome\";v=\"140\""],"sec-ch-ua-mobile":["?0"],"access-control-allow-credentials":["true"],"user-agent":["Mozilla/5.0 (Windows NT 10.0; Win64; x64) AppleWebKit/537.36 (KHTML, like Gecko) Chrome/140.0.0.0 Safari/537.36"],"accept":["application/json, text/plain, */*"],"content-type":["application/json"],"origin":["http://localhost:4200"],"sec-fetch-site":["same-site"],"sec-fetch-mode":["cors"],"sec-fetch-dest":["empty"],"referer":["http://localhost:4200/"],"accept-encoding":["gzip, deflate, br, zstd"],"accept-language":["es-419,es;q=0.9"]},"query_params":[],"request_data":[],"request_size":0,"timestamp":"2025-10-03T01:10:17.727765Z"},"timestamp":"2025-10-03T01:10:17.728194Z"} 
[2025-10-02 18:10:17] local.INFO: User Action {"action":"request_end","model":"API_Request","model_id":0,"user_id":15,"user_email":"proveedor@materialesconstruccion.mx","ip_address":"::1","user_agent":"Mozilla/5.0 (Windows NT 10.0; Win64; x64) AppleWebKit/537.36 (KHTML, like Gecko) Chrome/140.0.0.0 Safari/537.36","data":{"request_id":"req_68df2279b1a6e5.59089774","method":"GET","path":"api/proveedores/user/15","status_code":200,"execution_time_ms":11.12,"response_size":1566,"memory_usage_mb":28.0,"memory_peak_mb":28.0,"user_id":15,"performance_category":"fast","response_headers":{"content_type":"application/json"}},"timestamp":"2025-10-03T01:10:17.738854Z"} 
[2025-10-02 18:10:17] local.ERROR: System Error {"error":"Suspicious Activity Detected","context":"Security","user_id":15,"ip_address":"::1","data":{"indicators":["high_request_volume"],"ip_address":"::1","user_id":15,"user_agent":"Mozilla/5.0 (Windows NT 10.0; Win64; x64) AppleWebKit/537.36 (KHTML, like Gecko) Chrome/140.0.0.0 Safari/537.36","path":"api/proveedores/user/15","request_count":182},"timestamp":"2025-10-03T01:10:17.742071Z"} 
[2025-10-02 18:10:17] local.INFO: User Action {"action":"request_start","model":"API_Request","model_id":0,"user_id":15,"user_email":"proveedor@materialesconstruccion.mx","ip_address":"::1","user_agent":"Mozilla/5.0 (Windows NT 10.0; Win64; x64) AppleWebKit/537.36 (KHTML, like Gecko) Chrome/140.0.0.0 Safari/537.36","data":{"request_id":"req_68df2279ebb7e5.31171435","method":"GET","path":"api/auth/me","full_url":"http://localhost:8080/api/auth/me","ip_address":"::1","user_agent":"Mozilla/5.0 (Windows NT 10.0; Win64; x64) AppleWebKit/537.36 (KHTML, like Gecko) Chrome/140.0.0.0 Safari/537.36","referer":"http://localhost:4200/","user_id":15,"user_email":"proveedor@materialesconstruccion.mx","headers":{"host":["localhost:8080"],"connection":["keep-alive"],"sec-ch-ua-platform":["\"Windows\""],"authorization":"[HIDDEN]","sec-ch-ua":["\"Chromium\";v=\"140\", \"Not=A?Brand\";v=\"24\", \"Google Chrome\";v=\"140\""],"sec-ch-ua-mobile":["?0"],"access-control-allow-credentials":["true"],"user-agent":["Mozilla/5.0 (Windows NT 10.0; Win64; x64) AppleWebKit/537.36 (KHTML, like Gecko) Chrome/140.0.0.0 Safari/537.36"],"accept":["application/json"],"content-type":["application/json"],"origin":["http://localhost:4200"],"sec-fetch-site":["same-site"],"sec-fetch-mode":["cors"],"sec-fetch-dest":["empty"],"referer":["http://localhost:4200/"],"accept-encoding":["gzip, deflate, br, zstd"],"accept-language":["es-419,es;q=0.9"]},"query_params":[],"request_data":[],"request_size":0,"timestamp":"2025-10-03T01:10:17.965597Z"},"timestamp":"2025-10-03T01:10:17.965982Z"} 
[2025-10-02 18:10:17] local.INFO: User Action {"action":"request_end","model":"API_Request","model_id":0,"user_id":15,"user_email":"proveedor@materialesconstruccion.mx","ip_address":"::1","user_agent":"Mozilla/5.0 (Windows NT 10.0; Win64; x64) AppleWebKit/537.36 (KHTML, like Gecko) Chrome/140.0.0.0 Safari/537.36","data":{"request_id":"req_68df2279ebb7e5.31171435","method":"GET","path":"api/auth/me","status_code":200,"execution_time_ms":11.08,"response_size":1979,"memory_usage_mb":28.0,"memory_peak_mb":28.0,"user_id":15,"performance_category":"fast","response_headers":{"content_type":"application/json"}},"timestamp":"2025-10-03T01:10:17.976681Z"} 
[2025-10-02 18:10:17] local.ERROR: System Error {"error":"Suspicious Activity Detected","context":"Security","user_id":15,"ip_address":"::1","data":{"indicators":["high_request_volume"],"ip_address":"::1","user_id":15,"user_agent":"Mozilla/5.0 (Windows NT 10.0; Win64; x64) AppleWebKit/537.36 (KHTML, like Gecko) Chrome/140.0.0.0 Safari/537.36","path":"api/auth/me","request_count":183},"timestamp":"2025-10-03T01:10:17.979842Z"} 
[2025-10-02 18:10:18] local.INFO: User Action {"action":"request_start","model":"API_Request","model_id":0,"user_id":15,"user_email":"proveedor@materialesconstruccion.mx","ip_address":"::1","user_agent":"Mozilla/5.0 (Windows NT 10.0; Win64; x64) AppleWebKit/537.36 (KHTML, like Gecko) Chrome/140.0.0.0 Safari/537.36","data":{"request_id":"req_68df227a4e57f5.73476076","method":"GET","path":"api/proveedores/4/solicitudes-pago","full_url":"http://localhost:8080/api/proveedores/4/solicitudes-pago?estado_solicitud=pendiente&order=desc&per_page=15&sort_by=fecha_registro_pendiente","ip_address":"::1","user_agent":"Mozilla/5.0 (Windows NT 10.0; Win64; x64) AppleWebKit/537.36 (KHTML, like Gecko) Chrome/140.0.0.0 Safari/537.36","referer":"http://localhost:4200/","user_id":15,"user_email":"proveedor@materialesconstruccion.mx","headers":{"host":["localhost:8080"],"connection":["keep-alive"],"sec-ch-ua-platform":["\"Windows\""],"authorization":"[HIDDEN]","sec-ch-ua":["\"Chromium\";v=\"140\", \"Not=A?Brand\";v=\"24\", \"Google Chrome\";v=\"140\""],"sec-ch-ua-mobile":["?0"],"access-control-allow-credentials":["true"],"user-agent":["Mozilla/5.0 (Windows NT 10.0; Win64; x64) AppleWebKit/537.36 (KHTML, like Gecko) Chrome/140.0.0.0 Safari/537.36"],"accept":["application/json, text/plain, */*"],"content-type":["application/json"],"origin":["http://localhost:4200"],"sec-fetch-site":["same-site"],"sec-fetch-mode":["cors"],"sec-fetch-dest":["empty"],"referer":["http://localhost:4200/"],"accept-encoding":["gzip, deflate, br, zstd"],"accept-language":["es-419,es;q=0.9"]},"query_params":{"estado_solicitud":"pendiente","per_page":"15","sort_by":"fecha_registro_pendiente","order":"desc"},"request_data":{"_proveedor_id":4,"_user_proveedor_relation":"PRINCIPAL","estado_solicitud":"pendiente","per_page":"15","sort_by":"fecha_registro_pendiente","order":"desc"},"request_size":0,"timestamp":"2025-10-03T01:10:18.320983Z"},"timestamp":"2025-10-03T01:10:18.321321Z"} 
[2025-10-02 18:10:18] local.INFO: User Action {"action":"request_end","model":"API_Request","model_id":0,"user_id":15,"user_email":"proveedor@materialesconstruccion.mx","ip_address":"::1","user_agent":"Mozilla/5.0 (Windows NT 10.0; Win64; x64) AppleWebKit/537.36 (KHTML, like Gecko) Chrome/140.0.0.0 Safari/537.36","data":{"request_id":"req_68df227a4e57f5.73476076","method":"GET","path":"api/proveedores/4/solicitudes-pago","status_code":200,"execution_time_ms":11.68,"response_size":9744,"memory_usage_mb":28.0,"memory_peak_mb":28.0,"user_id":15,"performance_category":"fast","response_headers":{"content_type":"application/json"}},"timestamp":"2025-10-03T01:10:18.332644Z"} 
[2025-10-02 18:10:18] local.ERROR: System Error {"error":"Suspicious Activity Detected","context":"Security","user_id":15,"ip_address":"::1","data":{"indicators":["high_request_volume"],"ip_address":"::1","user_id":15,"user_agent":"Mozilla/5.0 (Windows NT 10.0; Win64; x64) AppleWebKit/537.36 (KHTML, like Gecko) Chrome/140.0.0.0 Safari/537.36","path":"api/proveedores/4/solicitudes-pago","request_count":184},"timestamp":"2025-10-03T01:10:18.335981Z"} 
[2025-10-02 18:10:25] local.INFO: User Action {"action":"request_start","model":"API_Request","model_id":0,"user_id":15,"user_email":"proveedor@materialesconstruccion.mx","ip_address":"::1","user_agent":"Mozilla/5.0 (Windows NT 10.0; Win64; x64) AppleWebKit/537.36 (KHTML, like Gecko) Chrome/140.0.0.0 Safari/537.36","data":{"request_id":"req_68df228110bfd4.58772478","method":"GET","path":"api/auth/me","full_url":"http://localhost:8080/api/auth/me","ip_address":"::1","user_agent":"Mozilla/5.0 (Windows NT 10.0; Win64; x64) AppleWebKit/537.36 (KHTML, like Gecko) Chrome/140.0.0.0 Safari/537.36","referer":"http://localhost:4200/","user_id":15,"user_email":"proveedor@materialesconstruccion.mx","headers":{"host":["localhost:8080"],"connection":["keep-alive"],"sec-ch-ua-platform":["\"Windows\""],"authorization":"[HIDDEN]","sec-ch-ua":["\"Chromium\";v=\"140\", \"Not=A?Brand\";v=\"24\", \"Google Chrome\";v=\"140\""],"sec-ch-ua-mobile":["?0"],"access-control-allow-credentials":["true"],"user-agent":["Mozilla/5.0 (Windows NT 10.0; Win64; x64) AppleWebKit/537.36 (KHTML, like Gecko) Chrome/140.0.0.0 Safari/537.36"],"accept":["application/json"],"content-type":["application/json"],"origin":["http://localhost:4200"],"sec-fetch-site":["same-site"],"sec-fetch-mode":["cors"],"sec-fetch-dest":["empty"],"referer":["http://localhost:4200/"],"accept-encoding":["gzip, deflate, br, zstd"],"accept-language":["es-419,es;q=0.9"]},"query_params":[],"request_data":[],"request_size":0,"timestamp":"2025-10-03T01:10:25.068735Z"},"timestamp":"2025-10-03T01:10:25.069138Z"} 
[2025-10-02 18:10:25] local.INFO: User Action {"action":"request_end","model":"API_Request","model_id":0,"user_id":15,"user_email":"proveedor@materialesconstruccion.mx","ip_address":"::1","user_agent":"Mozilla/5.0 (Windows NT 10.0; Win64; x64) AppleWebKit/537.36 (KHTML, like Gecko) Chrome/140.0.0.0 Safari/537.36","data":{"request_id":"req_68df228110bfd4.58772478","method":"GET","path":"api/auth/me","status_code":200,"execution_time_ms":12.5,"response_size":1979,"memory_usage_mb":28.0,"memory_peak_mb":28.0,"user_id":15,"performance_category":"fast","response_headers":{"content_type":"application/json"}},"timestamp":"2025-10-03T01:10:25.081190Z"} 
[2025-10-02 18:10:25] local.ERROR: System Error {"error":"Suspicious Activity Detected","context":"Security","user_id":15,"ip_address":"::1","data":{"indicators":["high_request_volume"],"ip_address":"::1","user_id":15,"user_agent":"Mozilla/5.0 (Windows NT 10.0; Win64; x64) AppleWebKit/537.36 (KHTML, like Gecko) Chrome/140.0.0.0 Safari/537.36","path":"api/auth/me","request_count":185},"timestamp":"2025-10-03T01:10:25.085031Z"} 
[2025-10-02 18:10:25] local.INFO: User Action {"action":"request_start","model":"API_Request","model_id":0,"user_id":15,"user_email":"proveedor@materialesconstruccion.mx","ip_address":"::1","user_agent":"Mozilla/5.0 (Windows NT 10.0; Win64; x64) AppleWebKit/537.36 (KHTML, like Gecko) Chrome/140.0.0.0 Safari/537.36","data":{"request_id":"req_68df228155a048.84942003","method":"GET","path":"api/notifications","full_url":"http://localhost:8080/api/notifications","ip_address":"::1","user_agent":"Mozilla/5.0 (Windows NT 10.0; Win64; x64) AppleWebKit/537.36 (KHTML, like Gecko) Chrome/140.0.0.0 Safari/537.36","referer":"http://localhost:4200/","user_id":15,"user_email":"proveedor@materialesconstruccion.mx","headers":{"host":["localhost:8080"],"connection":["keep-alive"],"sec-ch-ua-platform":["\"Windows\""],"authorization":"[HIDDEN]","sec-ch-ua":["\"Chromium\";v=\"140\", \"Not=A?Brand\";v=\"24\", \"Google Chrome\";v=\"140\""],"sec-ch-ua-mobile":["?0"],"access-control-allow-credentials":["true"],"user-agent":["Mozilla/5.0 (Windows NT 10.0; Win64; x64) AppleWebKit/537.36 (KHTML, like Gecko) Chrome/140.0.0.0 Safari/537.36"],"accept":["application/json, text/plain, */*"],"content-type":["application/json"],"origin":["http://localhost:4200"],"sec-fetch-site":["same-site"],"sec-fetch-mode":["cors"],"sec-fetch-dest":["empty"],"referer":["http://localhost:4200/"],"accept-encoding":["gzip, deflate, br, zstd"],"accept-language":["es-419,es;q=0.9"]},"query_params":[],"request_data":[],"request_size":0,"timestamp":"2025-10-03T01:10:25.350825Z"},"timestamp":"2025-10-03T01:10:25.351168Z"} 
[2025-10-02 18:10:25] local.INFO: User Action {"action":"request_end","model":"API_Request","model_id":0,"user_id":15,"user_email":"proveedor@materialesconstruccion.mx","ip_address":"::1","user_agent":"Mozilla/5.0 (Windows NT 10.0; Win64; x64) AppleWebKit/537.36 (KHTML, like Gecko) Chrome/140.0.0.0 Safari/537.36","data":{"request_id":"req_68df228155a048.84942003","method":"GET","path":"api/notifications","status_code":200,"execution_time_ms":6.49,"response_size":558,"memory_usage_mb":26.0,"memory_peak_mb":26.0,"user_id":15,"performance_category":"fast","response_headers":{"content_type":"application/json"}},"timestamp":"2025-10-03T01:10:25.357282Z"} 
[2025-10-02 18:10:25] local.ERROR: System Error {"error":"Suspicious Activity Detected","context":"Security","user_id":15,"ip_address":"::1","data":{"indicators":["high_request_volume"],"ip_address":"::1","user_id":15,"user_agent":"Mozilla/5.0 (Windows NT 10.0; Win64; x64) AppleWebKit/537.36 (KHTML, like Gecko) Chrome/140.0.0.0 Safari/537.36","path":"api/notifications","request_count":186},"timestamp":"2025-10-03T01:10:25.360793Z"} 
[2025-10-02 18:10:25] local.INFO: User Action {"action":"request_start","model":"API_Request","model_id":0,"user_id":15,"user_email":"proveedor@materialesconstruccion.mx","ip_address":"::1","user_agent":"Mozilla/5.0 (Windows NT 10.0; Win64; x64) AppleWebKit/537.36 (KHTML, like Gecko) Chrome/140.0.0.0 Safari/537.36","data":{"request_id":"req_68df2281c89ca7.06524489","method":"GET","path":"api/proveedores/user/15","full_url":"http://localhost:8080/api/proveedores/user/15","ip_address":"::1","user_agent":"Mozilla/5.0 (Windows NT 10.0; Win64; x64) AppleWebKit/537.36 (KHTML, like Gecko) Chrome/140.0.0.0 Safari/537.36","referer":"http://localhost:4200/","user_id":15,"user_email":"proveedor@materialesconstruccion.mx","headers":{"host":["localhost:8080"],"connection":["keep-alive"],"sec-ch-ua-platform":["\"Windows\""],"authorization":"[HIDDEN]","sec-ch-ua":["\"Chromium\";v=\"140\", \"Not=A?Brand\";v=\"24\", \"Google Chrome\";v=\"140\""],"sec-ch-ua-mobile":["?0"],"access-control-allow-credentials":["true"],"user-agent":["Mozilla/5.0 (Windows NT 10.0; Win64; x64) AppleWebKit/537.36 (KHTML, like Gecko) Chrome/140.0.0.0 Safari/537.36"],"accept":["application/json, text/plain, */*"],"content-type":["application/json"],"origin":["http://localhost:4200"],"sec-fetch-site":["same-site"],"sec-fetch-mode":["cors"],"sec-fetch-dest":["empty"],"referer":["http://localhost:4200/"],"accept-encoding":["gzip, deflate, br, zstd"],"accept-language":["es-419,es;q=0.9"]},"query_params":[],"request_data":[],"request_size":0,"timestamp":"2025-10-03T01:10:25.821797Z"},"timestamp":"2025-10-03T01:10:25.822163Z"} 
[2025-10-02 18:10:25] local.INFO: User Action {"action":"request_end","model":"API_Request","model_id":0,"user_id":15,"user_email":"proveedor@materialesconstruccion.mx","ip_address":"::1","user_agent":"Mozilla/5.0 (Windows NT 10.0; Win64; x64) AppleWebKit/537.36 (KHTML, like Gecko) Chrome/140.0.0.0 Safari/537.36","data":{"request_id":"req_68df2281c89ca7.06524489","method":"GET","path":"api/proveedores/user/15","status_code":200,"execution_time_ms":11.14,"response_size":1566,"memory_usage_mb":28.0,"memory_peak_mb":28.0,"user_id":15,"performance_category":"fast","response_headers":{"content_type":"application/json"}},"timestamp":"2025-10-03T01:10:25.832913Z"} 
[2025-10-02 18:10:25] local.ERROR: System Error {"error":"Suspicious Activity Detected","context":"Security","user_id":15,"ip_address":"::1","data":{"indicators":["high_request_volume"],"ip_address":"::1","user_id":15,"user_agent":"Mozilla/5.0 (Windows NT 10.0; Win64; x64) AppleWebKit/537.36 (KHTML, like Gecko) Chrome/140.0.0.0 Safari/537.36","path":"api/proveedores/user/15","request_count":187},"timestamp":"2025-10-03T01:10:25.836012Z"} 
[2025-10-02 18:10:26] local.INFO: User Action {"action":"request_start","model":"API_Request","model_id":0,"user_id":15,"user_email":"proveedor@materialesconstruccion.mx","ip_address":"::1","user_agent":"Mozilla/5.0 (Windows NT 10.0; Win64; x64) AppleWebKit/537.36 (KHTML, like Gecko) Chrome/140.0.0.0 Safari/537.36","data":{"request_id":"req_68df22820fadb7.37445919","method":"GET","path":"api/auth/me","full_url":"http://localhost:8080/api/auth/me","ip_address":"::1","user_agent":"Mozilla/5.0 (Windows NT 10.0; Win64; x64) AppleWebKit/537.36 (KHTML, like Gecko) Chrome/140.0.0.0 Safari/537.36","referer":"http://localhost:4200/","user_id":15,"user_email":"proveedor@materialesconstruccion.mx","headers":{"host":["localhost:8080"],"connection":["keep-alive"],"sec-ch-ua-platform":["\"Windows\""],"authorization":"[HIDDEN]","sec-ch-ua":["\"Chromium\";v=\"140\", \"Not=A?Brand\";v=\"24\", \"Google Chrome\";v=\"140\""],"sec-ch-ua-mobile":["?0"],"access-control-allow-credentials":["true"],"user-agent":["Mozilla/5.0 (Windows NT 10.0; Win64; x64) AppleWebKit/537.36 (KHTML, like Gecko) Chrome/140.0.0.0 Safari/537.36"],"accept":["application/json"],"content-type":["application/json"],"origin":["http://localhost:4200"],"sec-fetch-site":["same-site"],"sec-fetch-mode":["cors"],"sec-fetch-dest":["empty"],"referer":["http://localhost:4200/"],"accept-encoding":["gzip, deflate, br, zstd"],"accept-language":["es-419,es;q=0.9"]},"query_params":[],"request_data":[],"request_size":0,"timestamp":"2025-10-03T01:10:26.064320Z"},"timestamp":"2025-10-03T01:10:26.064656Z"} 
[2025-10-02 18:10:26] local.INFO: User Action {"action":"request_end","model":"API_Request","model_id":0,"user_id":15,"user_email":"proveedor@materialesconstruccion.mx","ip_address":"::1","user_agent":"Mozilla/5.0 (Windows NT 10.0; Win64; x64) AppleWebKit/537.36 (KHTML, like Gecko) Chrome/140.0.0.0 Safari/537.36","data":{"request_id":"req_68df22820fadb7.37445919","method":"GET","path":"api/auth/me","status_code":200,"execution_time_ms":10.11,"response_size":1979,"memory_usage_mb":28.0,"memory_peak_mb":28.0,"user_id":15,"performance_category":"fast","response_headers":{"content_type":"application/json"}},"timestamp":"2025-10-03T01:10:26.074400Z"} 
[2025-10-02 18:10:26] local.ERROR: System Error {"error":"Suspicious Activity Detected","context":"Security","user_id":15,"ip_address":"::1","data":{"indicators":["high_request_volume"],"ip_address":"::1","user_id":15,"user_agent":"Mozilla/5.0 (Windows NT 10.0; Win64; x64) AppleWebKit/537.36 (KHTML, like Gecko) Chrome/140.0.0.0 Safari/537.36","path":"api/auth/me","request_count":188},"timestamp":"2025-10-03T01:10:26.077434Z"} 
[2025-10-02 18:10:26] local.INFO: User Action {"action":"request_start","model":"API_Request","model_id":0,"user_id":15,"user_email":"proveedor@materialesconstruccion.mx","ip_address":"::1","user_agent":"Mozilla/5.0 (Windows NT 10.0; Win64; x64) AppleWebKit/537.36 (KHTML, like Gecko) Chrome/140.0.0.0 Safari/537.36","data":{"request_id":"req_68df22826a0088.52173297","method":"GET","path":"api/proveedores/4/solicitudes-pago","full_url":"http://localhost:8080/api/proveedores/4/solicitudes-pago?estado_solicitud=pendiente&order=desc&per_page=15&sort_by=fecha_registro_pendiente","ip_address":"::1","user_agent":"Mozilla/5.0 (Windows NT 10.0; Win64; x64) AppleWebKit/537.36 (KHTML, like Gecko) Chrome/140.0.0.0 Safari/537.36","referer":"http://localhost:4200/","user_id":15,"user_email":"proveedor@materialesconstruccion.mx","headers":{"host":["localhost:8080"],"connection":["keep-alive"],"sec-ch-ua-platform":["\"Windows\""],"authorization":"[HIDDEN]","sec-ch-ua":["\"Chromium\";v=\"140\", \"Not=A?Brand\";v=\"24\", \"Google Chrome\";v=\"140\""],"sec-ch-ua-mobile":["?0"],"access-control-allow-credentials":["true"],"user-agent":["Mozilla/5.0 (Windows NT 10.0; Win64; x64) AppleWebKit/537.36 (KHTML, like Gecko) Chrome/140.0.0.0 Safari/537.36"],"accept":["application/json, text/plain, */*"],"content-type":["application/json"],"origin":["http://localhost:4200"],"sec-fetch-site":["same-site"],"sec-fetch-mode":["cors"],"sec-fetch-dest":["empty"],"referer":["http://localhost:4200/"],"accept-encoding":["gzip, deflate, br, zstd"],"accept-language":["es-419,es;q=0.9"]},"query_params":{"estado_solicitud":"pendiente","per_page":"15","sort_by":"fecha_registro_pendiente","order":"desc"},"request_data":{"_proveedor_id":4,"_user_proveedor_relation":"PRINCIPAL","estado_solicitud":"pendiente","per_page":"15","sort_by":"fecha_registro_pendiente","order":"desc"},"request_size":0,"timestamp":"2025-10-03T01:10:26.434279Z"},"timestamp":"2025-10-03T01:10:26.434629Z"} 
[2025-10-02 18:10:26] local.INFO: User Action {"action":"request_end","model":"API_Request","model_id":0,"user_id":15,"user_email":"proveedor@materialesconstruccion.mx","ip_address":"::1","user_agent":"Mozilla/5.0 (Windows NT 10.0; Win64; x64) AppleWebKit/537.36 (KHTML, like Gecko) Chrome/140.0.0.0 Safari/537.36","data":{"request_id":"req_68df22826a0088.52173297","method":"GET","path":"api/proveedores/4/solicitudes-pago","status_code":200,"execution_time_ms":13.64,"response_size":9744,"memory_usage_mb":28.0,"memory_peak_mb":28.0,"user_id":15,"performance_category":"fast","response_headers":{"content_type":"application/json"}},"timestamp":"2025-10-03T01:10:26.447924Z"} 
[2025-10-02 18:10:26] local.ERROR: System Error {"error":"Suspicious Activity Detected","context":"Security","user_id":15,"ip_address":"::1","data":{"indicators":["high_request_volume"],"ip_address":"::1","user_id":15,"user_agent":"Mozilla/5.0 (Windows NT 10.0; Win64; x64) AppleWebKit/537.36 (KHTML, like Gecko) Chrome/140.0.0.0 Safari/537.36","path":"api/proveedores/4/solicitudes-pago","request_count":189},"timestamp":"2025-10-03T01:10:26.451087Z"} 
[2025-10-02 18:10:37] local.INFO: User Action {"action":"request_start","model":"API_Request","model_id":0,"user_id":15,"user_email":"proveedor@materialesconstruccion.mx","ip_address":"::1","user_agent":"Mozilla/5.0 (Windows NT 10.0; Win64; x64) AppleWebKit/537.36 (KHTML, like Gecko) Chrome/140.0.0.0 Safari/537.36","data":{"request_id":"req_68df228d6550f5.55211735","method":"GET","path":"api/auth/me","full_url":"http://localhost:8080/api/auth/me","ip_address":"::1","user_agent":"Mozilla/5.0 (Windows NT 10.0; Win64; x64) AppleWebKit/537.36 (KHTML, like Gecko) Chrome/140.0.0.0 Safari/537.36","referer":"http://localhost:4200/","user_id":15,"user_email":"proveedor@materialesconstruccion.mx","headers":{"host":["localhost:8080"],"connection":["keep-alive"],"sec-ch-ua-platform":["\"Windows\""],"authorization":"[HIDDEN]","sec-ch-ua":["\"Chromium\";v=\"140\", \"Not=A?Brand\";v=\"24\", \"Google Chrome\";v=\"140\""],"sec-ch-ua-mobile":["?0"],"access-control-allow-credentials":["true"],"user-agent":["Mozilla/5.0 (Windows NT 10.0; Win64; x64) AppleWebKit/537.36 (KHTML, like Gecko) Chrome/140.0.0.0 Safari/537.36"],"accept":["application/json"],"content-type":["application/json"],"origin":["http://localhost:4200"],"sec-fetch-site":["same-site"],"sec-fetch-mode":["cors"],"sec-fetch-dest":["empty"],"referer":["http://localhost:4200/"],"accept-encoding":["gzip, deflate, br, zstd"],"accept-language":["es-419,es;q=0.9"]},"query_params":[],"request_data":[],"request_size":0,"timestamp":"2025-10-03T01:10:37.415107Z"},"timestamp":"2025-10-03T01:10:37.415485Z"} 
[2025-10-02 18:10:37] local.INFO: User Action {"action":"request_end","model":"API_Request","model_id":0,"user_id":15,"user_email":"proveedor@materialesconstruccion.mx","ip_address":"::1","user_agent":"Mozilla/5.0 (Windows NT 10.0; Win64; x64) AppleWebKit/537.36 (KHTML, like Gecko) Chrome/140.0.0.0 Safari/537.36","data":{"request_id":"req_68df228d6550f5.55211735","method":"GET","path":"api/auth/me","status_code":200,"execution_time_ms":11.39,"response_size":1979,"memory_usage_mb":28.0,"memory_peak_mb":28.0,"user_id":15,"performance_category":"fast","response_headers":{"content_type":"application/json"}},"timestamp":"2025-10-03T01:10:37.426448Z"} 
[2025-10-02 18:10:37] local.ERROR: System Error {"error":"Suspicious Activity Detected","context":"Security","user_id":15,"ip_address":"::1","data":{"indicators":["high_request_volume"],"ip_address":"::1","user_id":15,"user_agent":"Mozilla/5.0 (Windows NT 10.0; Win64; x64) AppleWebKit/537.36 (KHTML, like Gecko) Chrome/140.0.0.0 Safari/537.36","path":"api/auth/me","request_count":190},"timestamp":"2025-10-03T01:10:37.429484Z"} 
[2025-10-02 18:10:37] local.INFO: User Action {"action":"request_start","model":"API_Request","model_id":0,"user_id":15,"user_email":"proveedor@materialesconstruccion.mx","ip_address":"::1","user_agent":"Mozilla/5.0 (Windows NT 10.0; Win64; x64) AppleWebKit/537.36 (KHTML, like Gecko) Chrome/140.0.0.0 Safari/537.36","data":{"request_id":"req_68df228da505e8.65316257","method":"GET","path":"api/notifications","full_url":"http://localhost:8080/api/notifications","ip_address":"::1","user_agent":"Mozilla/5.0 (Windows NT 10.0; Win64; x64) AppleWebKit/537.36 (KHTML, like Gecko) Chrome/140.0.0.0 Safari/537.36","referer":"http://localhost:4200/","user_id":15,"user_email":"proveedor@materialesconstruccion.mx","headers":{"host":["localhost:8080"],"connection":["keep-alive"],"sec-ch-ua-platform":["\"Windows\""],"authorization":"[HIDDEN]","sec-ch-ua":["\"Chromium\";v=\"140\", \"Not=A?Brand\";v=\"24\", \"Google Chrome\";v=\"140\""],"sec-ch-ua-mobile":["?0"],"access-control-allow-credentials":["true"],"user-agent":["Mozilla/5.0 (Windows NT 10.0; Win64; x64) AppleWebKit/537.36 (KHTML, like Gecko) Chrome/140.0.0.0 Safari/537.36"],"accept":["application/json, text/plain, */*"],"content-type":["application/json"],"origin":["http://localhost:4200"],"sec-fetch-site":["same-site"],"sec-fetch-mode":["cors"],"sec-fetch-dest":["empty"],"referer":["http://localhost:4200/"],"accept-encoding":["gzip, deflate, br, zstd"],"accept-language":["es-419,es;q=0.9"]},"query_params":[],"request_data":[],"request_size":0,"timestamp":"2025-10-03T01:10:37.676041Z"},"timestamp":"2025-10-03T01:10:37.676390Z"} 
[2025-10-02 18:10:37] local.INFO: User Action {"action":"request_end","model":"API_Request","model_id":0,"user_id":15,"user_email":"proveedor@materialesconstruccion.mx","ip_address":"::1","user_agent":"Mozilla/5.0 (Windows NT 10.0; Win64; x64) AppleWebKit/537.36 (KHTML, like Gecko) Chrome/140.0.0.0 Safari/537.36","data":{"request_id":"req_68df228da505e8.65316257","method":"GET","path":"api/notifications","status_code":200,"execution_time_ms":7.82,"response_size":558,"memory_usage_mb":26.0,"memory_peak_mb":26.0,"user_id":15,"performance_category":"fast","response_headers":{"content_type":"application/json"}},"timestamp":"2025-10-03T01:10:37.683822Z"} 
[2025-10-02 18:10:37] local.ERROR: System Error {"error":"Suspicious Activity Detected","context":"Security","user_id":15,"ip_address":"::1","data":{"indicators":["high_request_volume"],"ip_address":"::1","user_id":15,"user_agent":"Mozilla/5.0 (Windows NT 10.0; Win64; x64) AppleWebKit/537.36 (KHTML, like Gecko) Chrome/140.0.0.0 Safari/537.36","path":"api/notifications","request_count":191},"timestamp":"2025-10-03T01:10:37.687927Z"} 
[2025-10-02 18:10:38] local.INFO: User Action {"action":"request_start","model":"API_Request","model_id":0,"user_id":15,"user_email":"proveedor@materialesconstruccion.mx","ip_address":"::1","user_agent":"Mozilla/5.0 (Windows NT 10.0; Win64; x64) AppleWebKit/537.36 (KHTML, like Gecko) Chrome/140.0.0.0 Safari/537.36","data":{"request_id":"req_68df228e248181.05097041","method":"GET","path":"api/proveedores/user/15","full_url":"http://localhost:8080/api/proveedores/user/15","ip_address":"::1","user_agent":"Mozilla/5.0 (Windows NT 10.0; Win64; x64) AppleWebKit/537.36 (KHTML, like Gecko) Chrome/140.0.0.0 Safari/537.36","referer":"http://localhost:4200/","user_id":15,"user_email":"proveedor@materialesconstruccion.mx","headers":{"host":["localhost:8080"],"connection":["keep-alive"],"sec-ch-ua-platform":["\"Windows\""],"authorization":"[HIDDEN]","sec-ch-ua":["\"Chromium\";v=\"140\", \"Not=A?Brand\";v=\"24\", \"Google Chrome\";v=\"140\""],"sec-ch-ua-mobile":["?0"],"access-control-allow-credentials":["true"],"user-agent":["Mozilla/5.0 (Windows NT 10.0; Win64; x64) AppleWebKit/537.36 (KHTML, like Gecko) Chrome/140.0.0.0 Safari/537.36"],"accept":["application/json, text/plain, */*"],"content-type":["application/json"],"origin":["http://localhost:4200"],"sec-fetch-site":["same-site"],"sec-fetch-mode":["cors"],"sec-fetch-dest":["empty"],"referer":["http://localhost:4200/"],"accept-encoding":["gzip, deflate, br, zstd"],"accept-language":["es-419,es;q=0.9"]},"query_params":[],"request_data":[],"request_size":0,"timestamp":"2025-10-03T01:10:38.149617Z"},"timestamp":"2025-10-03T01:10:38.149972Z"} 
[2025-10-02 18:10:38] local.INFO: User Action {"action":"request_end","model":"API_Request","model_id":0,"user_id":15,"user_email":"proveedor@materialesconstruccion.mx","ip_address":"::1","user_agent":"Mozilla/5.0 (Windows NT 10.0; Win64; x64) AppleWebKit/537.36 (KHTML, like Gecko) Chrome/140.0.0.0 Safari/537.36","data":{"request_id":"req_68df228e248181.05097041","method":"GET","path":"api/proveedores/user/15","status_code":200,"execution_time_ms":10.87,"response_size":1566,"memory_usage_mb":28.0,"memory_peak_mb":28.0,"user_id":15,"performance_category":"fast","response_headers":{"content_type":"application/json"}},"timestamp":"2025-10-03T01:10:38.160459Z"} 
[2025-10-02 18:10:38] local.ERROR: System Error {"error":"Suspicious Activity Detected","context":"Security","user_id":15,"ip_address":"::1","data":{"indicators":["high_request_volume"],"ip_address":"::1","user_id":15,"user_agent":"Mozilla/5.0 (Windows NT 10.0; Win64; x64) AppleWebKit/537.36 (KHTML, like Gecko) Chrome/140.0.0.0 Safari/537.36","path":"api/proveedores/user/15","request_count":192},"timestamp":"2025-10-03T01:10:38.163527Z"} 
[2025-10-02 18:10:38] local.INFO: User Action {"action":"request_start","model":"API_Request","model_id":0,"user_id":15,"user_email":"proveedor@materialesconstruccion.mx","ip_address":"::1","user_agent":"Mozilla/5.0 (Windows NT 10.0; Win64; x64) AppleWebKit/537.36 (KHTML, like Gecko) Chrome/140.0.0.0 Safari/537.36","data":{"request_id":"req_68df228e474d42.74009595","method":"GET","path":"api/auth/me","full_url":"http://localhost:8080/api/auth/me","ip_address":"::1","user_agent":"Mozilla/5.0 (Windows NT 10.0; Win64; x64) AppleWebKit/537.36 (KHTML, like Gecko) Chrome/140.0.0.0 Safari/537.36","referer":"http://localhost:4200/","user_id":15,"user_email":"proveedor@materialesconstruccion.mx","headers":{"host":["localhost:8080"],"connection":["keep-alive"],"sec-ch-ua-platform":["\"Windows\""],"authorization":"[HIDDEN]","sec-ch-ua":["\"Chromium\";v=\"140\", \"Not=A?Brand\";v=\"24\", \"Google Chrome\";v=\"140\""],"sec-ch-ua-mobile":["?0"],"access-control-allow-credentials":["true"],"user-agent":["Mozilla/5.0 (Windows NT 10.0; Win64; x64) AppleWebKit/537.36 (KHTML, like Gecko) Chrome/140.0.0.0 Safari/537.36"],"accept":["application/json"],"content-type":["application/json"],"origin":["http://localhost:4200"],"sec-fetch-site":["same-site"],"sec-fetch-mode":["cors"],"sec-fetch-dest":["empty"],"referer":["http://localhost:4200/"],"accept-encoding":["gzip, deflate, br, zstd"],"accept-language":["es-419,es;q=0.9"]},"query_params":[],"request_data":[],"request_size":0,"timestamp":"2025-10-03T01:10:38.292150Z"},"timestamp":"2025-10-03T01:10:38.292499Z"} 
[2025-10-02 18:10:38] local.INFO: User Action {"action":"request_end","model":"API_Request","model_id":0,"user_id":15,"user_email":"proveedor@materialesconstruccion.mx","ip_address":"::1","user_agent":"Mozilla/5.0 (Windows NT 10.0; Win64; x64) AppleWebKit/537.36 (KHTML, like Gecko) Chrome/140.0.0.0 Safari/537.36","data":{"request_id":"req_68df228e474d42.74009595","method":"GET","path":"api/auth/me","status_code":200,"execution_time_ms":9.74,"response_size":1979,"memory_usage_mb":28.0,"memory_peak_mb":28.0,"user_id":15,"performance_category":"fast","response_headers":{"content_type":"application/json"}},"timestamp":"2025-10-03T01:10:38.301851Z"} 
[2025-10-02 18:10:38] local.ERROR: System Error {"error":"Suspicious Activity Detected","context":"Security","user_id":15,"ip_address":"::1","data":{"indicators":["high_request_volume"],"ip_address":"::1","user_id":15,"user_agent":"Mozilla/5.0 (Windows NT 10.0; Win64; x64) AppleWebKit/537.36 (KHTML, like Gecko) Chrome/140.0.0.0 Safari/537.36","path":"api/auth/me","request_count":193},"timestamp":"2025-10-03T01:10:38.304626Z"} 
[2025-10-02 18:10:38] local.INFO: User Action {"action":"request_start","model":"API_Request","model_id":0,"user_id":15,"user_email":"proveedor@materialesconstruccion.mx","ip_address":"::1","user_agent":"Mozilla/5.0 (Windows NT 10.0; Win64; x64) AppleWebKit/537.36 (KHTML, like Gecko) Chrome/140.0.0.0 Safari/537.36","data":{"request_id":"req_68df228eb60791.66437423","method":"GET","path":"api/proveedores/4/solicitudes-pago","full_url":"http://localhost:8080/api/proveedores/4/solicitudes-pago?estado_solicitud=pendiente&order=desc&per_page=15&sort_by=fecha_registro_pendiente","ip_address":"::1","user_agent":"Mozilla/5.0 (Windows NT 10.0; Win64; x64) AppleWebKit/537.36 (KHTML, like Gecko) Chrome/140.0.0.0 Safari/537.36","referer":"http://localhost:4200/","user_id":15,"user_email":"proveedor@materialesconstruccion.mx","headers":{"host":["localhost:8080"],"connection":["keep-alive"],"sec-ch-ua-platform":["\"Windows\""],"authorization":"[HIDDEN]","sec-ch-ua":["\"Chromium\";v=\"140\", \"Not=A?Brand\";v=\"24\", \"Google Chrome\";v=\"140\""],"sec-ch-ua-mobile":["?0"],"access-control-allow-credentials":["true"],"user-agent":["Mozilla/5.0 (Windows NT 10.0; Win64; x64) AppleWebKit/537.36 (KHTML, like Gecko) Chrome/140.0.0.0 Safari/537.36"],"accept":["application/json, text/plain, */*"],"content-type":["application/json"],"origin":["http://localhost:4200"],"sec-fetch-site":["same-site"],"sec-fetch-mode":["cors"],"sec-fetch-dest":["empty"],"referer":["http://localhost:4200/"],"accept-encoding":["gzip, deflate, br, zstd"],"accept-language":["es-419,es;q=0.9"]},"query_params":{"estado_solicitud":"pendiente","per_page":"15","sort_by":"fecha_registro_pendiente","order":"desc"},"request_data":{"_proveedor_id":4,"_user_proveedor_relation":"PRINCIPAL","estado_solicitud":"pendiente","per_page":"15","sort_by":"fecha_registro_pendiente","order":"desc"},"request_size":0,"timestamp":"2025-10-03T01:10:38.745683Z"},"timestamp":"2025-10-03T01:10:38.746031Z"} 
[2025-10-02 18:10:38] local.INFO: User Action {"action":"request_end","model":"API_Request","model_id":0,"user_id":15,"user_email":"proveedor@materialesconstruccion.mx","ip_address":"::1","user_agent":"Mozilla/5.0 (Windows NT 10.0; Win64; x64) AppleWebKit/537.36 (KHTML, like Gecko) Chrome/140.0.0.0 Safari/537.36","data":{"request_id":"req_68df228eb60791.66437423","method":"GET","path":"api/proveedores/4/solicitudes-pago","status_code":200,"execution_time_ms":13.38,"response_size":9744,"memory_usage_mb":28.0,"memory_peak_mb":28.0,"user_id":15,"performance_category":"fast","response_headers":{"content_type":"application/json"}},"timestamp":"2025-10-03T01:10:38.759040Z"} 
[2025-10-02 18:10:38] local.ERROR: System Error {"error":"Suspicious Activity Detected","context":"Security","user_id":15,"ip_address":"::1","data":{"indicators":["high_request_volume"],"ip_address":"::1","user_id":15,"user_agent":"Mozilla/5.0 (Windows NT 10.0; Win64; x64) AppleWebKit/537.36 (KHTML, like Gecko) Chrome/140.0.0.0 Safari/537.36","path":"api/proveedores/4/solicitudes-pago","request_count":194},"timestamp":"2025-10-03T01:10:38.762477Z"} 
[2025-10-02 18:10:45] local.INFO: User Action {"action":"request_start","model":"API_Request","model_id":0,"user_id":15,"user_email":"proveedor@materialesconstruccion.mx","ip_address":"::1","user_agent":"Mozilla/5.0 (Windows NT 10.0; Win64; x64) AppleWebKit/537.36 (KHTML, like Gecko) Chrome/140.0.0.0 Safari/537.36","data":{"request_id":"req_68df22958ae128.76183845","method":"GET","path":"api/auth/me","full_url":"http://localhost:8080/api/auth/me","ip_address":"::1","user_agent":"Mozilla/5.0 (Windows NT 10.0; Win64; x64) AppleWebKit/537.36 (KHTML, like Gecko) Chrome/140.0.0.0 Safari/537.36","referer":"http://localhost:4200/","user_id":15,"user_email":"proveedor@materialesconstruccion.mx","headers":{"host":["localhost:8080"],"connection":["keep-alive"],"sec-ch-ua-platform":["\"Windows\""],"authorization":"[HIDDEN]","sec-ch-ua":["\"Chromium\";v=\"140\", \"Not=A?Brand\";v=\"24\", \"Google Chrome\";v=\"140\""],"sec-ch-ua-mobile":["?0"],"access-control-allow-credentials":["true"],"user-agent":["Mozilla/5.0 (Windows NT 10.0; Win64; x64) AppleWebKit/537.36 (KHTML, like Gecko) Chrome/140.0.0.0 Safari/537.36"],"accept":["application/json"],"content-type":["application/json"],"origin":["http://localhost:4200"],"sec-fetch-site":["same-site"],"sec-fetch-mode":["cors"],"sec-fetch-dest":["empty"],"referer":["http://localhost:4200/"],"accept-encoding":["gzip, deflate, br, zstd"],"accept-language":["es-419,es;q=0.9"]},"query_params":[],"request_data":[],"request_size":0,"timestamp":"2025-10-03T01:10:45.568962Z"},"timestamp":"2025-10-03T01:10:45.569327Z"} 
[2025-10-02 18:10:45] local.INFO: User Action {"action":"request_end","model":"API_Request","model_id":0,"user_id":15,"user_email":"proveedor@materialesconstruccion.mx","ip_address":"::1","user_agent":"Mozilla/5.0 (Windows NT 10.0; Win64; x64) AppleWebKit/537.36 (KHTML, like Gecko) Chrome/140.0.0.0 Safari/537.36","data":{"request_id":"req_68df22958ae128.76183845","method":"GET","path":"api/auth/me","status_code":200,"execution_time_ms":10.32,"response_size":1979,"memory_usage_mb":28.0,"memory_peak_mb":28.0,"user_id":15,"performance_category":"fast","response_headers":{"content_type":"application/json"}},"timestamp":"2025-10-03T01:10:45.579237Z"} 
[2025-10-02 18:10:45] local.ERROR: System Error {"error":"Suspicious Activity Detected","context":"Security","user_id":15,"ip_address":"::1","data":{"indicators":["high_request_volume"],"ip_address":"::1","user_id":15,"user_agent":"Mozilla/5.0 (Windows NT 10.0; Win64; x64) AppleWebKit/537.36 (KHTML, like Gecko) Chrome/140.0.0.0 Safari/537.36","path":"api/auth/me","request_count":195},"timestamp":"2025-10-03T01:10:45.582656Z"} 
[2025-10-02 18:10:46] local.INFO: User Action {"action":"request_start","model":"API_Request","model_id":0,"user_id":15,"user_email":"proveedor@materialesconstruccion.mx","ip_address":"::1","user_agent":"Mozilla/5.0 (Windows NT 10.0; Win64; x64) AppleWebKit/537.36 (KHTML, like Gecko) Chrome/140.0.0.0 Safari/537.36","data":{"request_id":"req_68df2296325787.20842320","method":"GET","path":"api/notifications","full_url":"http://localhost:8080/api/notifications","ip_address":"::1","user_agent":"Mozilla/5.0 (Windows NT 10.0; Win64; x64) AppleWebKit/537.36 (KHTML, like Gecko) Chrome/140.0.0.0 Safari/537.36","referer":"http://localhost:4200/","user_id":15,"user_email":"proveedor@materialesconstruccion.mx","headers":{"host":["localhost:8080"],"connection":["keep-alive"],"sec-ch-ua-platform":["\"Windows\""],"authorization":"[HIDDEN]","sec-ch-ua":["\"Chromium\";v=\"140\", \"Not=A?Brand\";v=\"24\", \"Google Chrome\";v=\"140\""],"sec-ch-ua-mobile":["?0"],"access-control-allow-credentials":["true"],"user-agent":["Mozilla/5.0 (Windows NT 10.0; Win64; x64) AppleWebKit/537.36 (KHTML, like Gecko) Chrome/140.0.0.0 Safari/537.36"],"accept":["application/json, text/plain, */*"],"content-type":["application/json"],"origin":["http://localhost:4200"],"sec-fetch-site":["same-site"],"sec-fetch-mode":["cors"],"sec-fetch-dest":["empty"],"referer":["http://localhost:4200/"],"accept-encoding":["gzip, deflate, br, zstd"],"accept-language":["es-419,es;q=0.9"]},"query_params":[],"request_data":[],"request_size":0,"timestamp":"2025-10-03T01:10:46.206311Z"},"timestamp":"2025-10-03T01:10:46.206660Z"} 
[2025-10-02 18:10:46] local.INFO: User Action {"action":"request_end","model":"API_Request","model_id":0,"user_id":15,"user_email":"proveedor@materialesconstruccion.mx","ip_address":"::1","user_agent":"Mozilla/5.0 (Windows NT 10.0; Win64; x64) AppleWebKit/537.36 (KHTML, like Gecko) Chrome/140.0.0.0 Safari/537.36","data":{"request_id":"req_68df2296325787.20842320","method":"GET","path":"api/notifications","status_code":200,"execution_time_ms":6.3,"response_size":558,"memory_usage_mb":26.0,"memory_peak_mb":26.0,"user_id":15,"performance_category":"fast","response_headers":{"content_type":"application/json"}},"timestamp":"2025-10-03T01:10:46.212556Z"} 
[2025-10-02 18:10:46] local.ERROR: System Error {"error":"Suspicious Activity Detected","context":"Security","user_id":15,"ip_address":"::1","data":{"indicators":["high_request_volume"],"ip_address":"::1","user_id":15,"user_agent":"Mozilla/5.0 (Windows NT 10.0; Win64; x64) AppleWebKit/537.36 (KHTML, like Gecko) Chrome/140.0.0.0 Safari/537.36","path":"api/notifications","request_count":196},"timestamp":"2025-10-03T01:10:46.216405Z"} 
[2025-10-02 18:10:46] local.INFO: User Action {"action":"request_start","model":"API_Request","model_id":0,"user_id":15,"user_email":"proveedor@materialesconstruccion.mx","ip_address":"::1","user_agent":"Mozilla/5.0 (Windows NT 10.0; Win64; x64) AppleWebKit/537.36 (KHTML, like Gecko) Chrome/140.0.0.0 Safari/537.36","data":{"request_id":"req_68df22965379a0.24021875","method":"GET","path":"api/proveedores/user/15","full_url":"http://localhost:8080/api/proveedores/user/15","ip_address":"::1","user_agent":"Mozilla/5.0 (Windows NT 10.0; Win64; x64) AppleWebKit/537.36 (KHTML, like Gecko) Chrome/140.0.0.0 Safari/537.36","referer":"http://localhost:4200/","user_id":15,"user_email":"proveedor@materialesconstruccion.mx","headers":{"host":["localhost:8080"],"connection":["keep-alive"],"sec-ch-ua-platform":["\"Windows\""],"authorization":"[HIDDEN]","sec-ch-ua":["\"Chromium\";v=\"140\", \"Not=A?Brand\";v=\"24\", \"Google Chrome\";v=\"140\""],"sec-ch-ua-mobile":["?0"],"access-control-allow-credentials":["true"],"user-agent":["Mozilla/5.0 (Windows NT 10.0; Win64; x64) AppleWebKit/537.36 (KHTML, like Gecko) Chrome/140.0.0.0 Safari/537.36"],"accept":["application/json, text/plain, */*"],"content-type":["application/json"],"origin":["http://localhost:4200"],"sec-fetch-site":["same-site"],"sec-fetch-mode":["cors"],"sec-fetch-dest":["empty"],"referer":["http://localhost:4200/"],"accept-encoding":["gzip, deflate, br, zstd"],"accept-language":["es-419,es;q=0.9"]},"query_params":[],"request_data":[],"request_size":0,"timestamp":"2025-10-03T01:10:46.342006Z"},"timestamp":"2025-10-03T01:10:46.342355Z"} 
[2025-10-02 18:10:46] local.INFO: User Action {"action":"request_end","model":"API_Request","model_id":0,"user_id":15,"user_email":"proveedor@materialesconstruccion.mx","ip_address":"::1","user_agent":"Mozilla/5.0 (Windows NT 10.0; Win64; x64) AppleWebKit/537.36 (KHTML, like Gecko) Chrome/140.0.0.0 Safari/537.36","data":{"request_id":"req_68df22965379a0.24021875","method":"GET","path":"api/proveedores/user/15","status_code":200,"execution_time_ms":10.09,"response_size":1566,"memory_usage_mb":28.0,"memory_peak_mb":28.0,"user_id":15,"performance_category":"fast","response_headers":{"content_type":"application/json"}},"timestamp":"2025-10-03T01:10:46.352067Z"} 
[2025-10-02 18:10:46] local.ERROR: System Error {"error":"Suspicious Activity Detected","context":"Security","user_id":15,"ip_address":"::1","data":{"indicators":["high_request_volume"],"ip_address":"::1","user_id":15,"user_agent":"Mozilla/5.0 (Windows NT 10.0; Win64; x64) AppleWebKit/537.36 (KHTML, like Gecko) Chrome/140.0.0.0 Safari/537.36","path":"api/proveedores/user/15","request_count":197},"timestamp":"2025-10-03T01:10:46.355031Z"} 
[2025-10-02 18:10:46] local.INFO: User Action {"action":"request_start","model":"API_Request","model_id":0,"user_id":15,"user_email":"proveedor@materialesconstruccion.mx","ip_address":"::1","user_agent":"Mozilla/5.0 (Windows NT 10.0; Win64; x64) AppleWebKit/537.36 (KHTML, like Gecko) Chrome/140.0.0.0 Safari/537.36","data":{"request_id":"req_68df229679d866.09831314","method":"GET","path":"api/auth/me","full_url":"http://localhost:8080/api/auth/me","ip_address":"::1","user_agent":"Mozilla/5.0 (Windows NT 10.0; Win64; x64) AppleWebKit/537.36 (KHTML, like Gecko) Chrome/140.0.0.0 Safari/537.36","referer":"http://localhost:4200/","user_id":15,"user_email":"proveedor@materialesconstruccion.mx","headers":{"host":["localhost:8080"],"connection":["keep-alive"],"sec-ch-ua-platform":["\"Windows\""],"authorization":"[HIDDEN]","sec-ch-ua":["\"Chromium\";v=\"140\", \"Not=A?Brand\";v=\"24\", \"Google Chrome\";v=\"140\""],"sec-ch-ua-mobile":["?0"],"access-control-allow-credentials":["true"],"user-agent":["Mozilla/5.0 (Windows NT 10.0; Win64; x64) AppleWebKit/537.36 (KHTML, like Gecko) Chrome/140.0.0.0 Safari/537.36"],"accept":["application/json"],"content-type":["application/json"],"origin":["http://localhost:4200"],"sec-fetch-site":["same-site"],"sec-fetch-mode":["cors"],"sec-fetch-dest":["empty"],"referer":["http://localhost:4200/"],"accept-encoding":["gzip, deflate, br, zstd"],"accept-language":["es-419,es;q=0.9"]},"query_params":[],"request_data":[],"request_size":0,"timestamp":"2025-10-03T01:10:46.499177Z"},"timestamp":"2025-10-03T01:10:46.499523Z"} 
[2025-10-02 18:10:46] local.INFO: User Action {"action":"request_end","model":"API_Request","model_id":0,"user_id":15,"user_email":"proveedor@materialesconstruccion.mx","ip_address":"::1","user_agent":"Mozilla/5.0 (Windows NT 10.0; Win64; x64) AppleWebKit/537.36 (KHTML, like Gecko) Chrome/140.0.0.0 Safari/537.36","data":{"request_id":"req_68df229679d866.09831314","method":"GET","path":"api/auth/me","status_code":200,"execution_time_ms":10.24,"response_size":1979,"memory_usage_mb":28.0,"memory_peak_mb":28.0,"user_id":15,"performance_category":"fast","response_headers":{"content_type":"application/json"}},"timestamp":"2025-10-03T01:10:46.509385Z"} 
[2025-10-02 18:10:46] local.ERROR: System Error {"error":"Suspicious Activity Detected","context":"Security","user_id":15,"ip_address":"::1","data":{"indicators":["high_request_volume"],"ip_address":"::1","user_id":15,"user_agent":"Mozilla/5.0 (Windows NT 10.0; Win64; x64) AppleWebKit/537.36 (KHTML, like Gecko) Chrome/140.0.0.0 Safari/537.36","path":"api/auth/me","request_count":198},"timestamp":"2025-10-03T01:10:46.512386Z"} 
[2025-10-02 18:10:46] local.INFO: User Action {"action":"request_start","model":"API_Request","model_id":0,"user_id":15,"user_email":"proveedor@materialesconstruccion.mx","ip_address":"::1","user_agent":"Mozilla/5.0 (Windows NT 10.0; Win64; x64) AppleWebKit/537.36 (KHTML, like Gecko) Chrome/140.0.0.0 Safari/537.36","data":{"request_id":"req_68df2296f38048.93245087","method":"GET","path":"api/proveedores/4/solicitudes-pago","full_url":"http://localhost:8080/api/proveedores/4/solicitudes-pago?estado_solicitud=pendiente&order=desc&per_page=15&sort_by=fecha_registro_pendiente","ip_address":"::1","user_agent":"Mozilla/5.0 (Windows NT 10.0; Win64; x64) AppleWebKit/537.36 (KHTML, like Gecko) Chrome/140.0.0.0 Safari/537.36","referer":"http://localhost:4200/","user_id":15,"user_email":"proveedor@materialesconstruccion.mx","headers":{"host":["localhost:8080"],"connection":["keep-alive"],"sec-ch-ua-platform":["\"Windows\""],"authorization":"[HIDDEN]","sec-ch-ua":["\"Chromium\";v=\"140\", \"Not=A?Brand\";v=\"24\", \"Google Chrome\";v=\"140\""],"sec-ch-ua-mobile":["?0"],"access-control-allow-credentials":["true"],"user-agent":["Mozilla/5.0 (Windows NT 10.0; Win64; x64) AppleWebKit/537.36 (KHTML, like Gecko) Chrome/140.0.0.0 Safari/537.36"],"accept":["application/json, text/plain, */*"],"content-type":["application/json"],"origin":["http://localhost:4200"],"sec-fetch-site":["same-site"],"sec-fetch-mode":["cors"],"sec-fetch-dest":["empty"],"referer":["http://localhost:4200/"],"accept-encoding":["gzip, deflate, br, zstd"],"accept-language":["es-419,es;q=0.9"]},"query_params":{"estado_solicitud":"pendiente","per_page":"15","sort_by":"fecha_registro_pendiente","order":"desc"},"request_data":{"_proveedor_id":4,"_user_proveedor_relation":"PRINCIPAL","estado_solicitud":"pendiente","per_page":"15","sort_by":"fecha_registro_pendiente","order":"desc"},"request_size":0,"timestamp":"2025-10-03T01:10:46.997473Z"},"timestamp":"2025-10-03T01:10:46.997824Z"} 
[2025-10-02 18:10:47] local.INFO: User Action {"action":"request_end","model":"API_Request","model_id":0,"user_id":15,"user_email":"proveedor@materialesconstruccion.mx","ip_address":"::1","user_agent":"Mozilla/5.0 (Windows NT 10.0; Win64; x64) AppleWebKit/537.36 (KHTML, like Gecko) Chrome/140.0.0.0 Safari/537.36","data":{"request_id":"req_68df2296f38048.93245087","method":"GET","path":"api/proveedores/4/solicitudes-pago","status_code":200,"execution_time_ms":12.83,"response_size":9744,"memory_usage_mb":28.0,"memory_peak_mb":28.0,"user_id":15,"performance_category":"fast","response_headers":{"content_type":"application/json"}},"timestamp":"2025-10-03T01:10:47.010277Z"} 
[2025-10-02 18:10:47] local.ERROR: System Error {"error":"Suspicious Activity Detected","context":"Security","user_id":15,"ip_address":"::1","data":{"indicators":["high_request_volume"],"ip_address":"::1","user_id":15,"user_agent":"Mozilla/5.0 (Windows NT 10.0; Win64; x64) AppleWebKit/537.36 (KHTML, like Gecko) Chrome/140.0.0.0 Safari/537.36","path":"api/proveedores/4/solicitudes-pago","request_count":199},"timestamp":"2025-10-03T01:10:47.013305Z"} 
[2025-10-02 18:10:56] local.INFO: User Action {"action":"request_start","model":"API_Request","model_id":0,"user_id":15,"user_email":"proveedor@materialesconstruccion.mx","ip_address":"::1","user_agent":"Mozilla/5.0 (Windows NT 10.0; Win64; x64) AppleWebKit/537.36 (KHTML, like Gecko) Chrome/140.0.0.0 Safari/537.36","data":{"request_id":"req_68df22a0e97811.68341591","method":"GET","path":"api/auth/me","full_url":"http://localhost:8080/api/auth/me","ip_address":"::1","user_agent":"Mozilla/5.0 (Windows NT 10.0; Win64; x64) AppleWebKit/537.36 (KHTML, like Gecko) Chrome/140.0.0.0 Safari/537.36","referer":"http://localhost:4200/","user_id":15,"user_email":"proveedor@materialesconstruccion.mx","headers":{"host":["localhost:8080"],"connection":["keep-alive"],"sec-ch-ua-platform":["\"Windows\""],"authorization":"[HIDDEN]","sec-ch-ua":["\"Chromium\";v=\"140\", \"Not=A?Brand\";v=\"24\", \"Google Chrome\";v=\"140\""],"sec-ch-ua-mobile":["?0"],"access-control-allow-credentials":["true"],"user-agent":["Mozilla/5.0 (Windows NT 10.0; Win64; x64) AppleWebKit/537.36 (KHTML, like Gecko) Chrome/140.0.0.0 Safari/537.36"],"accept":["application/json"],"content-type":["application/json"],"origin":["http://localhost:4200"],"sec-fetch-site":["same-site"],"sec-fetch-mode":["cors"],"sec-fetch-dest":["empty"],"referer":["http://localhost:4200/"],"accept-encoding":["gzip, deflate, br, zstd"],"accept-language":["es-419,es;q=0.9"]},"query_params":[],"request_data":[],"request_size":0,"timestamp":"2025-10-03T01:10:56.956413Z"},"timestamp":"2025-10-03T01:10:56.956809Z"} 
[2025-10-02 18:10:56] local.INFO: User Action {"action":"request_end","model":"API_Request","model_id":0,"user_id":15,"user_email":"proveedor@materialesconstruccion.mx","ip_address":"::1","user_agent":"Mozilla/5.0 (Windows NT 10.0; Win64; x64) AppleWebKit/537.36 (KHTML, like Gecko) Chrome/140.0.0.0 Safari/537.36","data":{"request_id":"req_68df22a0e97811.68341591","method":"GET","path":"api/auth/me","status_code":200,"execution_time_ms":11.43,"response_size":1979,"memory_usage_mb":28.0,"memory_peak_mb":28.0,"user_id":15,"performance_category":"fast","response_headers":{"content_type":"application/json"}},"timestamp":"2025-10-03T01:10:56.967788Z"} 
[2025-10-02 18:10:56] local.ERROR: System Error {"error":"Suspicious Activity Detected","context":"Security","user_id":15,"ip_address":"::1","data":{"indicators":["high_request_volume"],"ip_address":"::1","user_id":15,"user_agent":"Mozilla/5.0 (Windows NT 10.0; Win64; x64) AppleWebKit/537.36 (KHTML, like Gecko) Chrome/140.0.0.0 Safari/537.36","path":"api/auth/me","request_count":200},"timestamp":"2025-10-03T01:10:56.971186Z"} 
[2025-10-02 18:10:57] local.INFO: User Action {"action":"request_start","model":"API_Request","model_id":0,"user_id":15,"user_email":"proveedor@materialesconstruccion.mx","ip_address":"::1","user_agent":"Mozilla/5.0 (Windows NT 10.0; Win64; x64) AppleWebKit/537.36 (KHTML, like Gecko) Chrome/140.0.0.0 Safari/537.36","data":{"request_id":"req_68df22a19c0225.53965637","method":"GET","path":"api/notifications","full_url":"http://localhost:8080/api/notifications","ip_address":"::1","user_agent":"Mozilla/5.0 (Windows NT 10.0; Win64; x64) AppleWebKit/537.36 (KHTML, like Gecko) Chrome/140.0.0.0 Safari/537.36","referer":"http://localhost:4200/","user_id":15,"user_email":"proveedor@materialesconstruccion.mx","headers":{"host":["localhost:8080"],"connection":["keep-alive"],"sec-ch-ua-platform":["\"Windows\""],"authorization":"[HIDDEN]","sec-ch-ua":["\"Chromium\";v=\"140\", \"Not=A?Brand\";v=\"24\", \"Google Chrome\";v=\"140\""],"sec-ch-ua-mobile":["?0"],"access-control-allow-credentials":["true"],"user-agent":["Mozilla/5.0 (Windows NT 10.0; Win64; x64) AppleWebKit/537.36 (KHTML, like Gecko) Chrome/140.0.0.0 Safari/537.36"],"accept":["application/json, text/plain, */*"],"content-type":["application/json"],"origin":["http://localhost:4200"],"sec-fetch-site":["same-site"],"sec-fetch-mode":["cors"],"sec-fetch-dest":["empty"],"referer":["http://localhost:4200/"],"accept-encoding":["gzip, deflate, br, zstd"],"accept-language":["es-419,es;q=0.9"]},"query_params":[],"request_data":[],"request_size":0,"timestamp":"2025-10-03T01:10:57.639126Z"},"timestamp":"2025-10-03T01:10:57.639498Z"} 
[2025-10-02 18:10:57] local.INFO: User Action {"action":"request_end","model":"API_Request","model_id":0,"user_id":15,"user_email":"proveedor@materialesconstruccion.mx","ip_address":"::1","user_agent":"Mozilla/5.0 (Windows NT 10.0; Win64; x64) AppleWebKit/537.36 (KHTML, like Gecko) Chrome/140.0.0.0 Safari/537.36","data":{"request_id":"req_68df22a19c0225.53965637","method":"GET","path":"api/notifications","status_code":200,"execution_time_ms":7.15,"response_size":558,"memory_usage_mb":26.0,"memory_peak_mb":26.0,"user_id":15,"performance_category":"fast","response_headers":{"content_type":"application/json"}},"timestamp":"2025-10-03T01:10:57.646269Z"} 
[2025-10-02 18:10:57] local.ERROR: System Error {"error":"Suspicious Activity Detected","context":"Security","user_id":15,"ip_address":"::1","data":{"indicators":["high_request_volume"],"ip_address":"::1","user_id":15,"user_agent":"Mozilla/5.0 (Windows NT 10.0; Win64; x64) AppleWebKit/537.36 (KHTML, like Gecko) Chrome/140.0.0.0 Safari/537.36","path":"api/notifications","request_count":201},"timestamp":"2025-10-03T01:10:57.652547Z"} 
[2025-10-02 18:10:57] local.INFO: User Action {"action":"request_start","model":"API_Request","model_id":0,"user_id":15,"user_email":"proveedor@materialesconstruccion.mx","ip_address":"::1","user_agent":"Mozilla/5.0 (Windows NT 10.0; Win64; x64) AppleWebKit/537.36 (KHTML, like Gecko) Chrome/140.0.0.0 Safari/537.36","data":{"request_id":"req_68df22a1c5bbf0.40061650","method":"GET","path":"api/proveedores/user/15","full_url":"http://localhost:8080/api/proveedores/user/15","ip_address":"::1","user_agent":"Mozilla/5.0 (Windows NT 10.0; Win64; x64) AppleWebKit/537.36 (KHTML, like Gecko) Chrome/140.0.0.0 Safari/537.36","referer":"http://localhost:4200/","user_id":15,"user_email":"proveedor@materialesconstruccion.mx","headers":{"host":["localhost:8080"],"connection":["keep-alive"],"sec-ch-ua-platform":["\"Windows\""],"authorization":"[HIDDEN]","sec-ch-ua":["\"Chromium\";v=\"140\", \"Not=A?Brand\";v=\"24\", \"Google Chrome\";v=\"140\""],"sec-ch-ua-mobile":["?0"],"access-control-allow-credentials":["true"],"user-agent":["Mozilla/5.0 (Windows NT 10.0; Win64; x64) AppleWebKit/537.36 (KHTML, like Gecko) Chrome/140.0.0.0 Safari/537.36"],"accept":["application/json, text/plain, */*"],"content-type":["application/json"],"origin":["http://localhost:4200"],"sec-fetch-site":["same-site"],"sec-fetch-mode":["cors"],"sec-fetch-dest":["empty"],"referer":["http://localhost:4200/"],"accept-encoding":["gzip, deflate, br, zstd"],"accept-language":["es-419,es;q=0.9"]},"query_params":[],"request_data":[],"request_size":0,"timestamp":"2025-10-03T01:10:57.810022Z"},"timestamp":"2025-10-03T01:10:57.810398Z"} 
[2025-10-02 18:10:57] local.INFO: User Action {"action":"request_end","model":"API_Request","model_id":0,"user_id":15,"user_email":"proveedor@materialesconstruccion.mx","ip_address":"::1","user_agent":"Mozilla/5.0 (Windows NT 10.0; Win64; x64) AppleWebKit/537.36 (KHTML, like Gecko) Chrome/140.0.0.0 Safari/537.36","data":{"request_id":"req_68df22a1c5bbf0.40061650","method":"GET","path":"api/proveedores/user/15","status_code":200,"execution_time_ms":12.59,"response_size":1566,"memory_usage_mb":28.0,"memory_peak_mb":28.0,"user_id":15,"performance_category":"fast","response_headers":{"content_type":"application/json"}},"timestamp":"2025-10-03T01:10:57.822585Z"} 
[2025-10-02 18:10:57] local.ERROR: System Error {"error":"Suspicious Activity Detected","context":"Security","user_id":15,"ip_address":"::1","data":{"indicators":["high_request_volume"],"ip_address":"::1","user_id":15,"user_agent":"Mozilla/5.0 (Windows NT 10.0; Win64; x64) AppleWebKit/537.36 (KHTML, like Gecko) Chrome/140.0.0.0 Safari/537.36","path":"api/proveedores/user/15","request_count":202},"timestamp":"2025-10-03T01:10:57.825984Z"} 
[2025-10-02 18:10:58] local.INFO: User Action {"action":"request_start","model":"API_Request","model_id":0,"user_id":15,"user_email":"proveedor@materialesconstruccion.mx","ip_address":"::1","user_agent":"Mozilla/5.0 (Windows NT 10.0; Win64; x64) AppleWebKit/537.36 (KHTML, like Gecko) Chrome/140.0.0.0 Safari/537.36","data":{"request_id":"req_68df22a2156b51.11424431","method":"GET","path":"api/auth/me","full_url":"http://localhost:8080/api/auth/me","ip_address":"::1","user_agent":"Mozilla/5.0 (Windows NT 10.0; Win64; x64) AppleWebKit/537.36 (KHTML, like Gecko) Chrome/140.0.0.0 Safari/537.36","referer":"http://localhost:4200/","user_id":15,"user_email":"proveedor@materialesconstruccion.mx","headers":{"host":["localhost:8080"],"connection":["keep-alive"],"sec-ch-ua-platform":["\"Windows\""],"authorization":"[HIDDEN]","sec-ch-ua":["\"Chromium\";v=\"140\", \"Not=A?Brand\";v=\"24\", \"Google Chrome\";v=\"140\""],"sec-ch-ua-mobile":["?0"],"access-control-allow-credentials":["true"],"user-agent":["Mozilla/5.0 (Windows NT 10.0; Win64; x64) AppleWebKit/537.36 (KHTML, like Gecko) Chrome/140.0.0.0 Safari/537.36"],"accept":["application/json"],"content-type":["application/json"],"origin":["http://localhost:4200"],"sec-fetch-site":["same-site"],"sec-fetch-mode":["cors"],"sec-fetch-dest":["empty"],"referer":["http://localhost:4200/"],"accept-encoding":["gzip, deflate, br, zstd"],"accept-language":["es-419,es;q=0.9"]},"query_params":[],"request_data":[],"request_size":0,"timestamp":"2025-10-03T01:10:58.088207Z"},"timestamp":"2025-10-03T01:10:58.089018Z"} 
[2025-10-02 18:10:58] local.INFO: User Action {"action":"request_end","model":"API_Request","model_id":0,"user_id":15,"user_email":"proveedor@materialesconstruccion.mx","ip_address":"::1","user_agent":"Mozilla/5.0 (Windows NT 10.0; Win64; x64) AppleWebKit/537.36 (KHTML, like Gecko) Chrome/140.0.0.0 Safari/537.36","data":{"request_id":"req_68df22a2156b51.11424431","method":"GET","path":"api/auth/me","status_code":200,"execution_time_ms":15.51,"response_size":1979,"memory_usage_mb":28.0,"memory_peak_mb":28.0,"user_id":15,"performance_category":"fast","response_headers":{"content_type":"application/json"}},"timestamp":"2025-10-03T01:10:58.103315Z"} 
[2025-10-02 18:10:58] local.ERROR: System Error {"error":"Suspicious Activity Detected","context":"Security","user_id":15,"ip_address":"::1","data":{"indicators":["high_request_volume"],"ip_address":"::1","user_id":15,"user_agent":"Mozilla/5.0 (Windows NT 10.0; Win64; x64) AppleWebKit/537.36 (KHTML, like Gecko) Chrome/140.0.0.0 Safari/537.36","path":"api/auth/me","request_count":203},"timestamp":"2025-10-03T01:10:58.106798Z"} 
[2025-10-02 18:10:58] local.INFO: User Action {"action":"request_start","model":"API_Request","model_id":0,"user_id":15,"user_email":"proveedor@materialesconstruccion.mx","ip_address":"::1","user_agent":"Mozilla/5.0 (Windows NT 10.0; Win64; x64) AppleWebKit/537.36 (KHTML, like Gecko) Chrome/140.0.0.0 Safari/537.36","data":{"request_id":"req_68df22a27d2253.97862908","method":"GET","path":"api/proveedores/4/solicitudes-pago","full_url":"http://localhost:8080/api/proveedores/4/solicitudes-pago?estado_solicitud=pendiente&order=desc&per_page=15&sort_by=fecha_registro_pendiente","ip_address":"::1","user_agent":"Mozilla/5.0 (Windows NT 10.0; Win64; x64) AppleWebKit/537.36 (KHTML, like Gecko) Chrome/140.0.0.0 Safari/537.36","referer":"http://localhost:4200/","user_id":15,"user_email":"proveedor@materialesconstruccion.mx","headers":{"host":["localhost:8080"],"connection":["keep-alive"],"sec-ch-ua-platform":["\"Windows\""],"authorization":"[HIDDEN]","sec-ch-ua":["\"Chromium\";v=\"140\", \"Not=A?Brand\";v=\"24\", \"Google Chrome\";v=\"140\""],"sec-ch-ua-mobile":["?0"],"access-control-allow-credentials":["true"],"user-agent":["Mozilla/5.0 (Windows NT 10.0; Win64; x64) AppleWebKit/537.36 (KHTML, like Gecko) Chrome/140.0.0.0 Safari/537.36"],"accept":["application/json, text/plain, */*"],"content-type":["application/json"],"origin":["http://localhost:4200"],"sec-fetch-site":["same-site"],"sec-fetch-mode":["cors"],"sec-fetch-dest":["empty"],"referer":["http://localhost:4200/"],"accept-encoding":["gzip, deflate, br, zstd"],"accept-language":["es-419,es;q=0.9"]},"query_params":{"estado_solicitud":"pendiente","per_page":"15","sort_by":"fecha_registro_pendiente","order":"desc"},"request_data":{"_proveedor_id":4,"_user_proveedor_relation":"PRINCIPAL","estado_solicitud":"pendiente","per_page":"15","sort_by":"fecha_registro_pendiente","order":"desc"},"request_size":0,"timestamp":"2025-10-03T01:10:58.512664Z"},"timestamp":"2025-10-03T01:10:58.513112Z"} 
[2025-10-02 18:10:58] local.INFO: User Action {"action":"request_end","model":"API_Request","model_id":0,"user_id":15,"user_email":"proveedor@materialesconstruccion.mx","ip_address":"::1","user_agent":"Mozilla/5.0 (Windows NT 10.0; Win64; x64) AppleWebKit/537.36 (KHTML, like Gecko) Chrome/140.0.0.0 Safari/537.36","data":{"request_id":"req_68df22a27d2253.97862908","method":"GET","path":"api/proveedores/4/solicitudes-pago","status_code":200,"execution_time_ms":15.14,"response_size":9744,"memory_usage_mb":28.0,"memory_peak_mb":28.0,"user_id":15,"performance_category":"fast","response_headers":{"content_type":"application/json"}},"timestamp":"2025-10-03T01:10:58.527946Z"} 
[2025-10-02 18:10:58] local.ERROR: System Error {"error":"Suspicious Activity Detected","context":"Security","user_id":15,"ip_address":"::1","data":{"indicators":["high_request_volume"],"ip_address":"::1","user_id":15,"user_agent":"Mozilla/5.0 (Windows NT 10.0; Win64; x64) AppleWebKit/537.36 (KHTML, like Gecko) Chrome/140.0.0.0 Safari/537.36","path":"api/proveedores/4/solicitudes-pago","request_count":204},"timestamp":"2025-10-03T01:10:58.531915Z"} 
[2025-10-02 18:13:02] local.INFO: User Action {"action":"request_start","model":"API_Request","model_id":0,"user_id":15,"user_email":"proveedor@materialesconstruccion.mx","ip_address":"::1","user_agent":"Mozilla/5.0 (iPhone; CPU iPhone OS 18_5 like Mac OS X) AppleWebKit/605.1.15 (KHTML, like Gecko) Version/18.5 Mobile/15E148 Safari/604.1","data":{"request_id":"req_68df231ed5c843.01115719","method":"GET","path":"api/auth/me","full_url":"http://localhost:8080/api/auth/me","ip_address":"::1","user_agent":"Mozilla/5.0 (iPhone; CPU iPhone OS 18_5 like Mac OS X) AppleWebKit/605.1.15 (KHTML, like Gecko) Version/18.5 Mobile/15E148 Safari/604.1","referer":"http://localhost:4200/","user_id":15,"user_email":"proveedor@materialesconstruccion.mx","headers":{"host":["localhost:8080"],"connection":["keep-alive"],"authorization":"[HIDDEN]","user-agent":["Mozilla/5.0 (iPhone; CPU iPhone OS 18_5 like Mac OS X) AppleWebKit/605.1.15 (KHTML, like Gecko) Version/18.5 Mobile/15E148 Safari/604.1"],"accept":["application/json"],"content-type":["application/json"],"access-control-allow-credentials":["true"],"origin":["http://localhost:4200"],"sec-fetch-site":["same-site"],"sec-fetch-mode":["cors"],"sec-fetch-dest":["empty"],"referer":["http://localhost:4200/"],"accept-encoding":["gzip, deflate, br, zstd"],"accept-language":["es-419,es;q=0.9"]},"query_params":[],"request_data":[],"request_size":0,"timestamp":"2025-10-03T01:13:02.875779Z"},"timestamp":"2025-10-03T01:13:02.876279Z"} 
[2025-10-02 18:13:02] local.INFO: User Action {"action":"request_end","model":"API_Request","model_id":0,"user_id":15,"user_email":"proveedor@materialesconstruccion.mx","ip_address":"::1","user_agent":"Mozilla/5.0 (iPhone; CPU iPhone OS 18_5 like Mac OS X) AppleWebKit/605.1.15 (KHTML, like Gecko) Version/18.5 Mobile/15E148 Safari/604.1","data":{"request_id":"req_68df231ed5c843.01115719","method":"GET","path":"api/auth/me","status_code":200,"execution_time_ms":12.21,"response_size":1979,"memory_usage_mb":28.0,"memory_peak_mb":28.0,"user_id":15,"performance_category":"fast","response_headers":{"content_type":"application/json"}},"timestamp":"2025-10-03T01:13:02.887945Z"} 
[2025-10-02 18:13:02] local.ERROR: System Error {"error":"Suspicious Activity Detected","context":"Security","user_id":15,"ip_address":"::1","data":{"indicators":["high_request_volume"],"ip_address":"::1","user_id":15,"user_agent":"Mozilla/5.0 (iPhone; CPU iPhone OS 18_5 like Mac OS X) AppleWebKit/605.1.15 (KHTML, like Gecko) Version/18.5 Mobile/15E148 Safari/604.1","path":"api/auth/me","request_count":205},"timestamp":"2025-10-03T01:13:02.892276Z"} 
[2025-10-02 18:13:03] local.INFO: User Action {"action":"request_start","model":"API_Request","model_id":0,"user_id":15,"user_email":"proveedor@materialesconstruccion.mx","ip_address":"::1","user_agent":"Mozilla/5.0 (iPhone; CPU iPhone OS 18_5 like Mac OS X) AppleWebKit/605.1.15 (KHTML, like Gecko) Version/18.5 Mobile/15E148 Safari/604.1","data":{"request_id":"req_68df231f26dd11.21589124","method":"GET","path":"api/notifications","full_url":"http://localhost:8080/api/notifications","ip_address":"::1","user_agent":"Mozilla/5.0 (iPhone; CPU iPhone OS 18_5 like Mac OS X) AppleWebKit/605.1.15 (KHTML, like Gecko) Version/18.5 Mobile/15E148 Safari/604.1","referer":"http://localhost:4200/","user_id":15,"user_email":"proveedor@materialesconstruccion.mx","headers":{"host":["localhost:8080"],"connection":["keep-alive"],"authorization":"[HIDDEN]","user-agent":["Mozilla/5.0 (iPhone; CPU iPhone OS 18_5 like Mac OS X) AppleWebKit/605.1.15 (KHTML, like Gecko) Version/18.5 Mobile/15E148 Safari/604.1"],"accept":["application/json, text/plain, */*"],"content-type":["application/json"],"access-control-allow-credentials":["true"],"origin":["http://localhost:4200"],"sec-fetch-site":["same-site"],"sec-fetch-mode":["cors"],"sec-fetch-dest":["empty"],"referer":["http://localhost:4200/"],"accept-encoding":["gzip, deflate, br, zstd"],"accept-language":["es-419,es;q=0.9"]},"query_params":[],"request_data":[],"request_size":0,"timestamp":"2025-10-03T01:13:03.159342Z"},"timestamp":"2025-10-03T01:13:03.159756Z"} 
[2025-10-02 18:13:03] local.INFO: User Action {"action":"request_end","model":"API_Request","model_id":0,"user_id":15,"user_email":"proveedor@materialesconstruccion.mx","ip_address":"::1","user_agent":"Mozilla/5.0 (iPhone; CPU iPhone OS 18_5 like Mac OS X) AppleWebKit/605.1.15 (KHTML, like Gecko) Version/18.5 Mobile/15E148 Safari/604.1","data":{"request_id":"req_68df231f26dd11.21589124","method":"GET","path":"api/notifications","status_code":200,"execution_time_ms":7.57,"response_size":558,"memory_usage_mb":28.0,"memory_peak_mb":28.0,"user_id":15,"performance_category":"fast","response_headers":{"content_type":"application/json"}},"timestamp":"2025-10-03T01:13:03.166828Z"} 
[2025-10-02 18:13:03] local.ERROR: System Error {"error":"Suspicious Activity Detected","context":"Security","user_id":15,"ip_address":"::1","data":{"indicators":["high_request_volume"],"ip_address":"::1","user_id":15,"user_agent":"Mozilla/5.0 (iPhone; CPU iPhone OS 18_5 like Mac OS X) AppleWebKit/605.1.15 (KHTML, like Gecko) Version/18.5 Mobile/15E148 Safari/604.1","path":"api/notifications","request_count":206},"timestamp":"2025-10-03T01:13:03.170670Z"} 
[2025-10-02 18:13:03] local.INFO: User Action {"action":"request_start","model":"API_Request","model_id":0,"user_id":15,"user_email":"proveedor@materialesconstruccion.mx","ip_address":"::1","user_agent":"Mozilla/5.0 (iPhone; CPU iPhone OS 18_5 like Mac OS X) AppleWebKit/605.1.15 (KHTML, like Gecko) Version/18.5 Mobile/15E148 Safari/604.1","data":{"request_id":"req_68df231f9bd1f7.76652972","method":"GET","path":"api/proveedores/user/15","full_url":"http://localhost:8080/api/proveedores/user/15","ip_address":"::1","user_agent":"Mozilla/5.0 (iPhone; CPU iPhone OS 18_5 like Mac OS X) AppleWebKit/605.1.15 (KHTML, like Gecko) Version/18.5 Mobile/15E148 Safari/604.1","referer":"http://localhost:4200/","user_id":15,"user_email":"proveedor@materialesconstruccion.mx","headers":{"host":["localhost:8080"],"connection":["keep-alive"],"authorization":"[HIDDEN]","user-agent":["Mozilla/5.0 (iPhone; CPU iPhone OS 18_5 like Mac OS X) AppleWebKit/605.1.15 (KHTML, like Gecko) Version/18.5 Mobile/15E148 Safari/604.1"],"accept":["application/json, text/plain, */*"],"content-type":["application/json"],"access-control-allow-credentials":["true"],"origin":["http://localhost:4200"],"sec-fetch-site":["same-site"],"sec-fetch-mode":["cors"],"sec-fetch-dest":["empty"],"referer":["http://localhost:4200/"],"accept-encoding":["gzip, deflate, br, zstd"],"accept-language":["es-419,es;q=0.9"]},"query_params":[],"request_data":[],"request_size":0,"timestamp":"2025-10-03T01:13:03.638349Z"},"timestamp":"2025-10-03T01:13:03.638812Z"} 
[2025-10-02 18:13:03] local.INFO: User Action {"action":"request_end","model":"API_Request","model_id":0,"user_id":15,"user_email":"proveedor@materialesconstruccion.mx","ip_address":"::1","user_agent":"Mozilla/5.0 (iPhone; CPU iPhone OS 18_5 like Mac OS X) AppleWebKit/605.1.15 (KHTML, like Gecko) Version/18.5 Mobile/15E148 Safari/604.1","data":{"request_id":"req_68df231f9bd1f7.76652972","method":"GET","path":"api/proveedores/user/15","status_code":200,"execution_time_ms":12.27,"response_size":1566,"memory_usage_mb":28.0,"memory_peak_mb":28.0,"user_id":15,"performance_category":"fast","response_headers":{"content_type":"application/json"}},"timestamp":"2025-10-03T01:13:03.650581Z"} 
[2025-10-02 18:13:03] local.ERROR: System Error {"error":"Suspicious Activity Detected","context":"Security","user_id":15,"ip_address":"::1","data":{"indicators":["high_request_volume"],"ip_address":"::1","user_id":15,"user_agent":"Mozilla/5.0 (iPhone; CPU iPhone OS 18_5 like Mac OS X) AppleWebKit/605.1.15 (KHTML, like Gecko) Version/18.5 Mobile/15E148 Safari/604.1","path":"api/proveedores/user/15","request_count":207},"timestamp":"2025-10-03T01:13:03.654793Z"} 
[2025-10-02 18:13:03] local.INFO: User Action {"action":"request_start","model":"API_Request","model_id":0,"user_id":15,"user_email":"proveedor@materialesconstruccion.mx","ip_address":"::1","user_agent":"Mozilla/5.0 (iPhone; CPU iPhone OS 18_5 like Mac OS X) AppleWebKit/605.1.15 (KHTML, like Gecko) Version/18.5 Mobile/15E148 Safari/604.1","data":{"request_id":"req_68df231fbe0682.45711165","method":"GET","path":"api/auth/me","full_url":"http://localhost:8080/api/auth/me","ip_address":"::1","user_agent":"Mozilla/5.0 (iPhone; CPU iPhone OS 18_5 like Mac OS X) AppleWebKit/605.1.15 (KHTML, like Gecko) Version/18.5 Mobile/15E148 Safari/604.1","referer":"http://localhost:4200/","user_id":15,"user_email":"proveedor@materialesconstruccion.mx","headers":{"host":["localhost:8080"],"connection":["keep-alive"],"authorization":"[HIDDEN]","user-agent":["Mozilla/5.0 (iPhone; CPU iPhone OS 18_5 like Mac OS X) AppleWebKit/605.1.15 (KHTML, like Gecko) Version/18.5 Mobile/15E148 Safari/604.1"],"accept":["application/json"],"content-type":["application/json"],"access-control-allow-credentials":["true"],"origin":["http://localhost:4200"],"sec-fetch-site":["same-site"],"sec-fetch-mode":["cors"],"sec-fetch-dest":["empty"],"referer":["http://localhost:4200/"],"accept-encoding":["gzip, deflate, br, zstd"],"accept-language":["es-419,es;q=0.9"]},"query_params":[],"request_data":[],"request_size":0,"timestamp":"2025-10-03T01:13:03.778453Z"},"timestamp":"2025-10-03T01:13:03.778813Z"} 
[2025-10-02 18:13:03] local.INFO: User Action {"action":"request_end","model":"API_Request","model_id":0,"user_id":15,"user_email":"proveedor@materialesconstruccion.mx","ip_address":"::1","user_agent":"Mozilla/5.0 (iPhone; CPU iPhone OS 18_5 like Mac OS X) AppleWebKit/605.1.15 (KHTML, like Gecko) Version/18.5 Mobile/15E148 Safari/604.1","data":{"request_id":"req_68df231fbe0682.45711165","method":"GET","path":"api/auth/me","status_code":200,"execution_time_ms":10.11,"response_size":1979,"memory_usage_mb":28.0,"memory_peak_mb":28.0,"user_id":15,"performance_category":"fast","response_headers":{"content_type":"application/json"}},"timestamp":"2025-10-03T01:13:03.788520Z"} 
[2025-10-02 18:13:03] local.ERROR: System Error {"error":"Suspicious Activity Detected","context":"Security","user_id":15,"ip_address":"::1","data":{"indicators":["high_request_volume"],"ip_address":"::1","user_id":15,"user_agent":"Mozilla/5.0 (iPhone; CPU iPhone OS 18_5 like Mac OS X) AppleWebKit/605.1.15 (KHTML, like Gecko) Version/18.5 Mobile/15E148 Safari/604.1","path":"api/auth/me","request_count":208},"timestamp":"2025-10-03T01:13:03.847792Z"} 
[2025-10-02 18:13:04] local.INFO: User Action {"action":"request_start","model":"API_Request","model_id":0,"user_id":15,"user_email":"proveedor@materialesconstruccion.mx","ip_address":"::1","user_agent":"Mozilla/5.0 (iPhone; CPU iPhone OS 18_5 like Mac OS X) AppleWebKit/605.1.15 (KHTML, like Gecko) Version/18.5 Mobile/15E148 Safari/604.1","data":{"request_id":"req_68df23204a5b94.06187166","method":"GET","path":"api/proveedores/4/solicitudes-pago","full_url":"http://localhost:8080/api/proveedores/4/solicitudes-pago?estado_solicitud=pendiente&order=desc&per_page=15&sort_by=fecha_registro_pendiente","ip_address":"::1","user_agent":"Mozilla/5.0 (iPhone; CPU iPhone OS 18_5 like Mac OS X) AppleWebKit/605.1.15 (KHTML, like Gecko) Version/18.5 Mobile/15E148 Safari/604.1","referer":"http://localhost:4200/","user_id":15,"user_email":"proveedor@materialesconstruccion.mx","headers":{"host":["localhost:8080"],"connection":["keep-alive"],"authorization":"[HIDDEN]","user-agent":["Mozilla/5.0 (iPhone; CPU iPhone OS 18_5 like Mac OS X) AppleWebKit/605.1.15 (KHTML, like Gecko) Version/18.5 Mobile/15E148 Safari/604.1"],"accept":["application/json, text/plain, */*"],"content-type":["application/json"],"access-control-allow-credentials":["true"],"origin":["http://localhost:4200"],"sec-fetch-site":["same-site"],"sec-fetch-mode":["cors"],"sec-fetch-dest":["empty"],"referer":["http://localhost:4200/"],"accept-encoding":["gzip, deflate, br, zstd"],"accept-language":["es-419,es;q=0.9"]},"query_params":{"estado_solicitud":"pendiente","per_page":"15","sort_by":"fecha_registro_pendiente","order":"desc"},"request_data":{"_proveedor_id":4,"_user_proveedor_relation":"PRINCIPAL","estado_solicitud":"pendiente","per_page":"15","sort_by":"fecha_registro_pendiente","order":"desc"},"request_size":0,"timestamp":"2025-10-03T01:13:04.304674Z"},"timestamp":"2025-10-03T01:13:04.305089Z"} 
[2025-10-02 18:13:04] local.INFO: User Action {"action":"request_end","model":"API_Request","model_id":0,"user_id":15,"user_email":"proveedor@materialesconstruccion.mx","ip_address":"::1","user_agent":"Mozilla/5.0 (iPhone; CPU iPhone OS 18_5 like Mac OS X) AppleWebKit/605.1.15 (KHTML, like Gecko) Version/18.5 Mobile/15E148 Safari/604.1","data":{"request_id":"req_68df23204a5b94.06187166","method":"GET","path":"api/proveedores/4/solicitudes-pago","status_code":200,"execution_time_ms":14.72,"response_size":9744,"memory_usage_mb":28.0,"memory_peak_mb":28.0,"user_id":15,"performance_category":"fast","response_headers":{"content_type":"application/json"}},"timestamp":"2025-10-03T01:13:04.319387Z"} 
[2025-10-02 18:13:04] local.ERROR: System Error {"error":"Suspicious Activity Detected","context":"Security","user_id":15,"ip_address":"::1","data":{"indicators":["high_request_volume"],"ip_address":"::1","user_id":15,"user_agent":"Mozilla/5.0 (iPhone; CPU iPhone OS 18_5 like Mac OS X) AppleWebKit/605.1.15 (KHTML, like Gecko) Version/18.5 Mobile/15E148 Safari/604.1","path":"api/proveedores/4/solicitudes-pago","request_count":209},"timestamp":"2025-10-03T01:13:04.322327Z"} 
[2025-10-02 18:13:49] local.INFO: User Action {"action":"request_start","model":"API_Request","model_id":0,"user_id":15,"user_email":"proveedor@materialesconstruccion.mx","ip_address":"::1","user_agent":"Mozilla/5.0 (Windows NT 10.0; Win64; x64) AppleWebKit/537.36 (KHTML, like Gecko) Chrome/140.0.0.0 Safari/537.36","data":{"request_id":"req_68df234d4a2f12.43717135","method":"GET","path":"api/proveedores/4/solicitudes-pago/54","full_url":"http://localhost:8080/api/proveedores/4/solicitudes-pago/54","ip_address":"::1","user_agent":"Mozilla/5.0 (Windows NT 10.0; Win64; x64) AppleWebKit/537.36 (KHTML, like Gecko) Chrome/140.0.0.0 Safari/537.36","referer":"http://localhost:4200/","user_id":15,"user_email":"proveedor@materialesconstruccion.mx","headers":{"host":["localhost:8080"],"connection":["keep-alive"],"sec-ch-ua-platform":["\"Windows\""],"authorization":"[HIDDEN]","sec-ch-ua":["\"Chromium\";v=\"140\", \"Not=A?Brand\";v=\"24\", \"Google Chrome\";v=\"140\""],"sec-ch-ua-mobile":["?0"],"access-control-allow-credentials":["true"],"user-agent":["Mozilla/5.0 (Windows NT 10.0; Win64; x64) AppleWebKit/537.36 (KHTML, like Gecko) Chrome/140.0.0.0 Safari/537.36"],"accept":["application/json, text/plain, */*"],"content-type":["application/json"],"origin":["http://localhost:4200"],"sec-fetch-site":["same-site"],"sec-fetch-mode":["cors"],"sec-fetch-dest":["empty"],"referer":["http://localhost:4200/"],"accept-encoding":["gzip, deflate, br, zstd"],"accept-language":["es-419,es;q=0.9"]},"query_params":[],"request_data":{"_proveedor_id":4,"_user_proveedor_relation":"PRINCIPAL"},"request_size":0,"timestamp":"2025-10-03T01:13:49.303928Z"},"timestamp":"2025-10-03T01:13:49.304441Z"} 
[2025-10-02 18:13:49] local.INFO: User Action {"action":"request_end","model":"API_Request","model_id":0,"user_id":15,"user_email":"proveedor@materialesconstruccion.mx","ip_address":"::1","user_agent":"Mozilla/5.0 (Windows NT 10.0; Win64; x64) AppleWebKit/537.36 (KHTML, like Gecko) Chrome/140.0.0.0 Safari/537.36","data":{"request_id":"req_68df234d4a2f12.43717135","method":"GET","path":"api/proveedores/4/solicitudes-pago/54","status_code":400,"execution_time_ms":5.54,"response_size":106,"memory_usage_mb":28.0,"memory_peak_mb":28.0,"user_id":15,"performance_category":"fast","response_headers":{"content_type":"application/json"}},"timestamp":"2025-10-03T01:13:49.309471Z"} 
[2025-10-02 18:13:49] local.ERROR: System Error {"error":"HTTP_400","context":"API_Error","user_id":15,"ip_address":"::1","data":{"request_id":"req_68df234d4a2f12.43717135","error_type":"client_error","status_code":400,"method":"GET","path":"api/proveedores/4/solicitudes-pago/54","error_data":{"status":"ERROR","code":400,"message":"Solicitud no pertenece a este proveedor","data":null,"errors":403},"user_id":15,"ip_address":"::1","user_agent":"Mozilla/5.0 (Windows NT 10.0; Win64; x64) AppleWebKit/537.36 (KHTML, like Gecko) Chrome/140.0.0.0 Safari/537.36","request_data":{"_proveedor_id":4,"_user_proveedor_relation":"PRINCIPAL"}},"timestamp":"2025-10-03T01:13:49.309678Z"} 
[2025-10-02 18:13:49] local.ERROR: System Error {"error":"Suspicious Activity Detected","context":"Security","user_id":15,"ip_address":"::1","data":{"indicators":["high_request_volume"],"ip_address":"::1","user_id":15,"user_agent":"Mozilla/5.0 (Windows NT 10.0; Win64; x64) AppleWebKit/537.36 (KHTML, like Gecko) Chrome/140.0.0.0 Safari/537.36","path":"api/proveedores/4/solicitudes-pago/54","request_count":210},"timestamp":"2025-10-03T01:13:49.312904Z"} 
[2025-10-02 18:13:51] local.INFO: User Action {"action":"request_start","model":"API_Request","model_id":0,"user_id":15,"user_email":"proveedor@materialesconstruccion.mx","ip_address":"::1","user_agent":"Mozilla/5.0 (Windows NT 10.0; Win64; x64) AppleWebKit/537.36 (KHTML, like Gecko) Chrome/140.0.0.0 Safari/537.36","data":{"request_id":"req_68df234f5729d4.54587844","method":"GET","path":"api/proveedores/4/solicitudes-pago/54","full_url":"http://localhost:8080/api/proveedores/4/solicitudes-pago/54","ip_address":"::1","user_agent":"Mozilla/5.0 (Windows NT 10.0; Win64; x64) AppleWebKit/537.36 (KHTML, like Gecko) Chrome/140.0.0.0 Safari/537.36","referer":"http://localhost:4200/","user_id":15,"user_email":"proveedor@materialesconstruccion.mx","headers":{"host":["localhost:8080"],"connection":["keep-alive"],"sec-ch-ua-platform":["\"Windows\""],"authorization":"[HIDDEN]","sec-ch-ua":["\"Chromium\";v=\"140\", \"Not=A?Brand\";v=\"24\", \"Google Chrome\";v=\"140\""],"sec-ch-ua-mobile":["?0"],"access-control-allow-credentials":["true"],"user-agent":["Mozilla/5.0 (Windows NT 10.0; Win64; x64) AppleWebKit/537.36 (KHTML, like Gecko) Chrome/140.0.0.0 Safari/537.36"],"accept":["application/json, text/plain, */*"],"content-type":["application/json"],"origin":["http://localhost:4200"],"sec-fetch-site":["same-site"],"sec-fetch-mode":["cors"],"sec-fetch-dest":["empty"],"referer":["http://localhost:4200/"],"accept-encoding":["gzip, deflate, br, zstd"],"accept-language":["es-419,es;q=0.9"]},"query_params":[],"request_data":{"_proveedor_id":4,"_user_proveedor_relation":"PRINCIPAL"},"request_size":0,"timestamp":"2025-10-03T01:13:51.357103Z"},"timestamp":"2025-10-03T01:13:51.357507Z"} 
[2025-10-02 18:13:51] local.INFO: User Action {"action":"request_end","model":"API_Request","model_id":0,"user_id":15,"user_email":"proveedor@materialesconstruccion.mx","ip_address":"::1","user_agent":"Mozilla/5.0 (Windows NT 10.0; Win64; x64) AppleWebKit/537.36 (KHTML, like Gecko) Chrome/140.0.0.0 Safari/537.36","data":{"request_id":"req_68df234f5729d4.54587844","method":"GET","path":"api/proveedores/4/solicitudes-pago/54","status_code":400,"execution_time_ms":4.77,"response_size":106,"memory_usage_mb":28.0,"memory_peak_mb":28.0,"user_id":15,"performance_category":"fast","response_headers":{"content_type":"application/json"}},"timestamp":"2025-10-03T01:13:51.361864Z"} 
[2025-10-02 18:13:51] local.ERROR: System Error {"error":"HTTP_400","context":"API_Error","user_id":15,"ip_address":"::1","data":{"request_id":"req_68df234f5729d4.54587844","error_type":"client_error","status_code":400,"method":"GET","path":"api/proveedores/4/solicitudes-pago/54","error_data":{"status":"ERROR","code":400,"message":"Solicitud no pertenece a este proveedor","data":null,"errors":403},"user_id":15,"ip_address":"::1","user_agent":"Mozilla/5.0 (Windows NT 10.0; Win64; x64) AppleWebKit/537.36 (KHTML, like Gecko) Chrome/140.0.0.0 Safari/537.36","request_data":{"_proveedor_id":4,"_user_proveedor_relation":"PRINCIPAL"}},"timestamp":"2025-10-03T01:13:51.362060Z"} 
[2025-10-02 18:13:51] local.ERROR: System Error {"error":"Suspicious Activity Detected","context":"Security","user_id":15,"ip_address":"::1","data":{"indicators":["high_request_volume"],"ip_address":"::1","user_id":15,"user_agent":"Mozilla/5.0 (Windows NT 10.0; Win64; x64) AppleWebKit/537.36 (KHTML, like Gecko) Chrome/140.0.0.0 Safari/537.36","path":"api/proveedores/4/solicitudes-pago/54","request_count":211},"timestamp":"2025-10-03T01:13:51.364971Z"} 
[2025-10-02 18:13:53] local.INFO: User Action {"action":"request_start","model":"API_Request","model_id":0,"user_id":15,"user_email":"proveedor@materialesconstruccion.mx","ip_address":"::1","user_agent":"Mozilla/5.0 (Windows NT 10.0; Win64; x64) AppleWebKit/537.36 (KHTML, like Gecko) Chrome/140.0.0.0 Safari/537.36","data":{"request_id":"req_68df23512242b4.49640497","method":"GET","path":"api/proveedores/4/solicitudes-pago/54","full_url":"http://localhost:8080/api/proveedores/4/solicitudes-pago/54","ip_address":"::1","user_agent":"Mozilla/5.0 (Windows NT 10.0; Win64; x64) AppleWebKit/537.36 (KHTML, like Gecko) Chrome/140.0.0.0 Safari/537.36","referer":"http://localhost:4200/","user_id":15,"user_email":"proveedor@materialesconstruccion.mx","headers":{"host":["localhost:8080"],"connection":["keep-alive"],"sec-ch-ua-platform":["\"Windows\""],"authorization":"[HIDDEN]","sec-ch-ua":["\"Chromium\";v=\"140\", \"Not=A?Brand\";v=\"24\", \"Google Chrome\";v=\"140\""],"sec-ch-ua-mobile":["?0"],"access-control-allow-credentials":["true"],"user-agent":["Mozilla/5.0 (Windows NT 10.0; Win64; x64) AppleWebKit/537.36 (KHTML, like Gecko) Chrome/140.0.0.0 Safari/537.36"],"accept":["application/json, text/plain, */*"],"content-type":["application/json"],"origin":["http://localhost:4200"],"sec-fetch-site":["same-site"],"sec-fetch-mode":["cors"],"sec-fetch-dest":["empty"],"referer":["http://localhost:4200/"],"accept-encoding":["gzip, deflate, br, zstd"],"accept-language":["es-419,es;q=0.9"]},"query_params":[],"request_data":{"_proveedor_id":4,"_user_proveedor_relation":"PRINCIPAL"},"request_size":0,"timestamp":"2025-10-03T01:13:53.140413Z"},"timestamp":"2025-10-03T01:13:53.140813Z"} 
[2025-10-02 18:13:53] local.INFO: User Action {"action":"request_end","model":"API_Request","model_id":0,"user_id":15,"user_email":"proveedor@materialesconstruccion.mx","ip_address":"::1","user_agent":"Mozilla/5.0 (Windows NT 10.0; Win64; x64) AppleWebKit/537.36 (KHTML, like Gecko) Chrome/140.0.0.0 Safari/537.36","data":{"request_id":"req_68df23512242b4.49640497","method":"GET","path":"api/proveedores/4/solicitudes-pago/54","status_code":400,"execution_time_ms":4.79,"response_size":106,"memory_usage_mb":28.0,"memory_peak_mb":28.0,"user_id":15,"performance_category":"fast","response_headers":{"content_type":"application/json"}},"timestamp":"2025-10-03T01:13:53.145195Z"} 
[2025-10-02 18:13:53] local.ERROR: System Error {"error":"HTTP_400","context":"API_Error","user_id":15,"ip_address":"::1","data":{"request_id":"req_68df23512242b4.49640497","error_type":"client_error","status_code":400,"method":"GET","path":"api/proveedores/4/solicitudes-pago/54","error_data":{"status":"ERROR","code":400,"message":"Solicitud no pertenece a este proveedor","data":null,"errors":403},"user_id":15,"ip_address":"::1","user_agent":"Mozilla/5.0 (Windows NT 10.0; Win64; x64) AppleWebKit/537.36 (KHTML, like Gecko) Chrome/140.0.0.0 Safari/537.36","request_data":{"_proveedor_id":4,"_user_proveedor_relation":"PRINCIPAL"}},"timestamp":"2025-10-03T01:13:53.145441Z"} 
[2025-10-02 18:13:53] local.ERROR: System Error {"error":"Suspicious Activity Detected","context":"Security","user_id":15,"ip_address":"::1","data":{"indicators":["high_request_volume"],"ip_address":"::1","user_id":15,"user_agent":"Mozilla/5.0 (Windows NT 10.0; Win64; x64) AppleWebKit/537.36 (KHTML, like Gecko) Chrome/140.0.0.0 Safari/537.36","path":"api/proveedores/4/solicitudes-pago/54","request_count":212},"timestamp":"2025-10-03T01:13:53.149660Z"} 
[2025-10-02 18:13:56] local.INFO: User Action {"action":"request_start","model":"API_Request","model_id":0,"user_id":15,"user_email":"proveedor@materialesconstruccion.mx","ip_address":"::1","user_agent":"Mozilla/5.0 (Windows NT 10.0; Win64; x64) AppleWebKit/537.36 (KHTML, like Gecko) Chrome/140.0.0.0 Safari/537.36","data":{"request_id":"req_68df2354007f21.77022331","method":"GET","path":"api/auth/me","full_url":"http://localhost:8080/api/auth/me","ip_address":"::1","user_agent":"Mozilla/5.0 (Windows NT 10.0; Win64; x64) AppleWebKit/537.36 (KHTML, like Gecko) Chrome/140.0.0.0 Safari/537.36","referer":"http://localhost:4200/","user_id":15,"user_email":"proveedor@materialesconstruccion.mx","headers":{"host":["localhost:8080"],"connection":["keep-alive"],"sec-ch-ua-platform":["\"Windows\""],"authorization":"[HIDDEN]","sec-ch-ua":["\"Chromium\";v=\"140\", \"Not=A?Brand\";v=\"24\", \"Google Chrome\";v=\"140\""],"sec-ch-ua-mobile":["?0"],"access-control-allow-credentials":["true"],"user-agent":["Mozilla/5.0 (Windows NT 10.0; Win64; x64) AppleWebKit/537.36 (KHTML, like Gecko) Chrome/140.0.0.0 Safari/537.36"],"accept":["application/json"],"content-type":["application/json"],"origin":["http://localhost:4200"],"sec-fetch-site":["same-site"],"sec-fetch-mode":["cors"],"sec-fetch-dest":["empty"],"referer":["http://localhost:4200/"],"accept-encoding":["gzip, deflate, br, zstd"],"accept-language":["es-419,es;q=0.9"]},"query_params":[],"request_data":[],"request_size":0,"timestamp":"2025-10-03T01:13:56.002138Z"},"timestamp":"2025-10-03T01:13:56.002506Z"} 
[2025-10-02 18:13:56] local.INFO: User Action {"action":"request_end","model":"API_Request","model_id":0,"user_id":15,"user_email":"proveedor@materialesconstruccion.mx","ip_address":"::1","user_agent":"Mozilla/5.0 (Windows NT 10.0; Win64; x64) AppleWebKit/537.36 (KHTML, like Gecko) Chrome/140.0.0.0 Safari/537.36","data":{"request_id":"req_68df2354007f21.77022331","method":"GET","path":"api/auth/me","status_code":200,"execution_time_ms":10.84,"response_size":1979,"memory_usage_mb":28.0,"memory_peak_mb":28.0,"user_id":15,"performance_category":"fast","response_headers":{"content_type":"application/json"}},"timestamp":"2025-10-03T01:13:56.012932Z"} 
[2025-10-02 18:13:56] local.ERROR: System Error {"error":"Suspicious Activity Detected","context":"Security","user_id":15,"ip_address":"::1","data":{"indicators":["high_request_volume"],"ip_address":"::1","user_id":15,"user_agent":"Mozilla/5.0 (Windows NT 10.0; Win64; x64) AppleWebKit/537.36 (KHTML, like Gecko) Chrome/140.0.0.0 Safari/537.36","path":"api/auth/me","request_count":213},"timestamp":"2025-10-03T01:13:56.015746Z"} 
[2025-10-02 18:13:56] local.INFO: User Action {"action":"request_start","model":"API_Request","model_id":0,"user_id":15,"user_email":"proveedor@materialesconstruccion.mx","ip_address":"::1","user_agent":"Mozilla/5.0 (Windows NT 10.0; Win64; x64) AppleWebKit/537.36 (KHTML, like Gecko) Chrome/140.0.0.0 Safari/537.36","data":{"request_id":"req_68df2354957aa6.59122000","method":"GET","path":"api/notifications","full_url":"http://localhost:8080/api/notifications","ip_address":"::1","user_agent":"Mozilla/5.0 (Windows NT 10.0; Win64; x64) AppleWebKit/537.36 (KHTML, like Gecko) Chrome/140.0.0.0 Safari/537.36","referer":"http://localhost:4200/","user_id":15,"user_email":"proveedor@materialesconstruccion.mx","headers":{"host":["localhost:8080"],"connection":["keep-alive"],"sec-ch-ua-platform":["\"Windows\""],"authorization":"[HIDDEN]","sec-ch-ua":["\"Chromium\";v=\"140\", \"Not=A?Brand\";v=\"24\", \"Google Chrome\";v=\"140\""],"sec-ch-ua-mobile":["?0"],"access-control-allow-credentials":["true"],"user-agent":["Mozilla/5.0 (Windows NT 10.0; Win64; x64) AppleWebKit/537.36 (KHTML, like Gecko) Chrome/140.0.0.0 Safari/537.36"],"accept":["application/json, text/plain, */*"],"content-type":["application/json"],"origin":["http://localhost:4200"],"sec-fetch-site":["same-site"],"sec-fetch-mode":["cors"],"sec-fetch-dest":["empty"],"referer":["http://localhost:4200/"],"accept-encoding":["gzip, deflate, br, zstd"],"accept-language":["es-419,es;q=0.9"]},"query_params":[],"request_data":[],"request_size":0,"timestamp":"2025-10-03T01:13:56.612375Z"},"timestamp":"2025-10-03T01:13:56.612718Z"} 
[2025-10-02 18:13:56] local.INFO: User Action {"action":"request_end","model":"API_Request","model_id":0,"user_id":15,"user_email":"proveedor@materialesconstruccion.mx","ip_address":"::1","user_agent":"Mozilla/5.0 (Windows NT 10.0; Win64; x64) AppleWebKit/537.36 (KHTML, like Gecko) Chrome/140.0.0.0 Safari/537.36","data":{"request_id":"req_68df2354957aa6.59122000","method":"GET","path":"api/notifications","status_code":200,"execution_time_ms":7.08,"response_size":558,"memory_usage_mb":26.0,"memory_peak_mb":26.0,"user_id":15,"performance_category":"fast","response_headers":{"content_type":"application/json"}},"timestamp":"2025-10-03T01:13:56.619423Z"} 
[2025-10-02 18:13:56] local.ERROR: System Error {"error":"Suspicious Activity Detected","context":"Security","user_id":15,"ip_address":"::1","data":{"indicators":["high_request_volume"],"ip_address":"::1","user_id":15,"user_agent":"Mozilla/5.0 (Windows NT 10.0; Win64; x64) AppleWebKit/537.36 (KHTML, like Gecko) Chrome/140.0.0.0 Safari/537.36","path":"api/notifications","request_count":214},"timestamp":"2025-10-03T01:13:56.623043Z"} 
[2025-10-02 18:13:56] local.INFO: User Action {"action":"request_start","model":"API_Request","model_id":0,"user_id":15,"user_email":"proveedor@materialesconstruccion.mx","ip_address":"::1","user_agent":"Mozilla/5.0 (Windows NT 10.0; Win64; x64) AppleWebKit/537.36 (KHTML, like Gecko) Chrome/140.0.0.0 Safari/537.36","data":{"request_id":"req_68df2354b52204.61614881","method":"GET","path":"api/proveedores/user/15","full_url":"http://localhost:8080/api/proveedores/user/15","ip_address":"::1","user_agent":"Mozilla/5.0 (Windows NT 10.0; Win64; x64) AppleWebKit/537.36 (KHTML, like Gecko) Chrome/140.0.0.0 Safari/537.36","referer":"http://localhost:4200/","user_id":15,"user_email":"proveedor@materialesconstruccion.mx","headers":{"host":["localhost:8080"],"connection":["keep-alive"],"sec-ch-ua-platform":["\"Windows\""],"authorization":"[HIDDEN]","sec-ch-ua":["\"Chromium\";v=\"140\", \"Not=A?Brand\";v=\"24\", \"Google Chrome\";v=\"140\""],"sec-ch-ua-mobile":["?0"],"access-control-allow-credentials":["true"],"user-agent":["Mozilla/5.0 (Windows NT 10.0; Win64; x64) AppleWebKit/537.36 (KHTML, like Gecko) Chrome/140.0.0.0 Safari/537.36"],"accept":["application/json, text/plain, */*"],"content-type":["application/json"],"origin":["http://localhost:4200"],"sec-fetch-site":["same-site"],"sec-fetch-mode":["cors"],"sec-fetch-dest":["empty"],"referer":["http://localhost:4200/"],"accept-encoding":["gzip, deflate, br, zstd"],"accept-language":["es-419,es;q=0.9"]},"query_params":[],"request_data":[],"request_size":0,"timestamp":"2025-10-03T01:13:56.742013Z"},"timestamp":"2025-10-03T01:13:56.742366Z"} 
[2025-10-02 18:13:56] local.INFO: User Action {"action":"request_end","model":"API_Request","model_id":0,"user_id":15,"user_email":"proveedor@materialesconstruccion.mx","ip_address":"::1","user_agent":"Mozilla/5.0 (Windows NT 10.0; Win64; x64) AppleWebKit/537.36 (KHTML, like Gecko) Chrome/140.0.0.0 Safari/537.36","data":{"request_id":"req_68df2354b52204.61614881","method":"GET","path":"api/proveedores/user/15","status_code":200,"execution_time_ms":10.26,"response_size":1566,"memory_usage_mb":28.0,"memory_peak_mb":28.0,"user_id":15,"performance_category":"fast","response_headers":{"content_type":"application/json"}},"timestamp":"2025-10-03T01:13:56.752249Z"} 
[2025-10-02 18:13:56] local.ERROR: System Error {"error":"Suspicious Activity Detected","context":"Security","user_id":15,"ip_address":"::1","data":{"indicators":["high_request_volume"],"ip_address":"::1","user_id":15,"user_agent":"Mozilla/5.0 (Windows NT 10.0; Win64; x64) AppleWebKit/537.36 (KHTML, like Gecko) Chrome/140.0.0.0 Safari/537.36","path":"api/proveedores/user/15","request_count":215},"timestamp":"2025-10-03T01:13:56.755212Z"} 
[2025-10-02 18:13:56] local.INFO: User Action {"action":"request_start","model":"API_Request","model_id":0,"user_id":15,"user_email":"proveedor@materialesconstruccion.mx","ip_address":"::1","user_agent":"Mozilla/5.0 (Windows NT 10.0; Win64; x64) AppleWebKit/537.36 (KHTML, like Gecko) Chrome/140.0.0.0 Safari/537.36","data":{"request_id":"req_68df2354dc8864.62164565","method":"GET","path":"api/auth/me","full_url":"http://localhost:8080/api/auth/me","ip_address":"::1","user_agent":"Mozilla/5.0 (Windows NT 10.0; Win64; x64) AppleWebKit/537.36 (KHTML, like Gecko) Chrome/140.0.0.0 Safari/537.36","referer":"http://localhost:4200/","user_id":15,"user_email":"proveedor@materialesconstruccion.mx","headers":{"host":["localhost:8080"],"connection":["keep-alive"],"sec-ch-ua-platform":["\"Windows\""],"authorization":"[HIDDEN]","sec-ch-ua":["\"Chromium\";v=\"140\", \"Not=A?Brand\";v=\"24\", \"Google Chrome\";v=\"140\""],"sec-ch-ua-mobile":["?0"],"access-control-allow-credentials":["true"],"user-agent":["Mozilla/5.0 (Windows NT 10.0; Win64; x64) AppleWebKit/537.36 (KHTML, like Gecko) Chrome/140.0.0.0 Safari/537.36"],"accept":["application/json"],"content-type":["application/json"],"origin":["http://localhost:4200"],"sec-fetch-site":["same-site"],"sec-fetch-mode":["cors"],"sec-fetch-dest":["empty"],"referer":["http://localhost:4200/"],"accept-encoding":["gzip, deflate, br, zstd"],"accept-language":["es-419,es;q=0.9"]},"query_params":[],"request_data":[],"request_size":0,"timestamp":"2025-10-03T01:13:56.903417Z"},"timestamp":"2025-10-03T01:13:56.903796Z"} 
[2025-10-02 18:13:56] local.INFO: User Action {"action":"request_end","model":"API_Request","model_id":0,"user_id":15,"user_email":"proveedor@materialesconstruccion.mx","ip_address":"::1","user_agent":"Mozilla/5.0 (Windows NT 10.0; Win64; x64) AppleWebKit/537.36 (KHTML, like Gecko) Chrome/140.0.0.0 Safari/537.36","data":{"request_id":"req_68df2354dc8864.62164565","method":"GET","path":"api/auth/me","status_code":200,"execution_time_ms":12.26,"response_size":1979,"memory_usage_mb":28.0,"memory_peak_mb":28.0,"user_id":15,"performance_category":"fast","response_headers":{"content_type":"application/json"}},"timestamp":"2025-10-03T01:13:56.915662Z"} 
[2025-10-02 18:13:56] local.ERROR: System Error {"error":"Suspicious Activity Detected","context":"Security","user_id":15,"ip_address":"::1","data":{"indicators":["high_request_volume"],"ip_address":"::1","user_id":15,"user_agent":"Mozilla/5.0 (Windows NT 10.0; Win64; x64) AppleWebKit/537.36 (KHTML, like Gecko) Chrome/140.0.0.0 Safari/537.36","path":"api/auth/me","request_count":216},"timestamp":"2025-10-03T01:13:56.920992Z"} 
[2025-10-02 18:13:57] local.INFO: User Action {"action":"request_start","model":"API_Request","model_id":0,"user_id":15,"user_email":"proveedor@materialesconstruccion.mx","ip_address":"::1","user_agent":"Mozilla/5.0 (Windows NT 10.0; Win64; x64) AppleWebKit/537.36 (KHTML, like Gecko) Chrome/140.0.0.0 Safari/537.36","data":{"request_id":"req_68df23556a1308.19411978","method":"GET","path":"api/proveedores/4/solicitudes-pago","full_url":"http://localhost:8080/api/proveedores/4/solicitudes-pago?estado_solicitud=pendiente&order=desc&per_page=15&sort_by=fecha_registro_pendiente","ip_address":"::1","user_agent":"Mozilla/5.0 (Windows NT 10.0; Win64; x64) AppleWebKit/537.36 (KHTML, like Gecko) Chrome/140.0.0.0 Safari/537.36","referer":"http://localhost:4200/","user_id":15,"user_email":"proveedor@materialesconstruccion.mx","headers":{"host":["localhost:8080"],"connection":["keep-alive"],"sec-ch-ua-platform":["\"Windows\""],"authorization":"[HIDDEN]","sec-ch-ua":["\"Chromium\";v=\"140\", \"Not=A?Brand\";v=\"24\", \"Google Chrome\";v=\"140\""],"sec-ch-ua-mobile":["?0"],"access-control-allow-credentials":["true"],"user-agent":["Mozilla/5.0 (Windows NT 10.0; Win64; x64) AppleWebKit/537.36 (KHTML, like Gecko) Chrome/140.0.0.0 Safari/537.36"],"accept":["application/json, text/plain, */*"],"content-type":["application/json"],"origin":["http://localhost:4200"],"sec-fetch-site":["same-site"],"sec-fetch-mode":["cors"],"sec-fetch-dest":["empty"],"referer":["http://localhost:4200/"],"accept-encoding":["gzip, deflate, br, zstd"],"accept-language":["es-419,es;q=0.9"]},"query_params":{"estado_solicitud":"pendiente","per_page":"15","sort_by":"fecha_registro_pendiente","order":"desc"},"request_data":{"_proveedor_id":4,"_user_proveedor_relation":"PRINCIPAL","estado_solicitud":"pendiente","per_page":"15","sort_by":"fecha_registro_pendiente","order":"desc"},"request_size":0,"timestamp":"2025-10-03T01:13:57.434568Z"},"timestamp":"2025-10-03T01:13:57.434907Z"} 
[2025-10-02 18:13:57] local.INFO: User Action {"action":"request_end","model":"API_Request","model_id":0,"user_id":15,"user_email":"proveedor@materialesconstruccion.mx","ip_address":"::1","user_agent":"Mozilla/5.0 (Windows NT 10.0; Win64; x64) AppleWebKit/537.36 (KHTML, like Gecko) Chrome/140.0.0.0 Safari/537.36","data":{"request_id":"req_68df23556a1308.19411978","method":"GET","path":"api/proveedores/4/solicitudes-pago","status_code":200,"execution_time_ms":13.72,"response_size":9744,"memory_usage_mb":28.0,"memory_peak_mb":28.0,"user_id":15,"performance_category":"fast","response_headers":{"content_type":"application/json"}},"timestamp":"2025-10-03T01:13:57.448280Z"} 
[2025-10-02 18:13:57] local.ERROR: System Error {"error":"Suspicious Activity Detected","context":"Security","user_id":15,"ip_address":"::1","data":{"indicators":["high_request_volume"],"ip_address":"::1","user_id":15,"user_agent":"Mozilla/5.0 (Windows NT 10.0; Win64; x64) AppleWebKit/537.36 (KHTML, like Gecko) Chrome/140.0.0.0 Safari/537.36","path":"api/proveedores/4/solicitudes-pago","request_count":217},"timestamp":"2025-10-03T01:13:57.451895Z"} 
[2025-10-02 18:14:00] local.INFO: User Action {"action":"request_start","model":"API_Request","model_id":0,"user_id":15,"user_email":"proveedor@materialesconstruccion.mx","ip_address":"::1","user_agent":"Mozilla/5.0 (Windows NT 10.0; Win64; x64) AppleWebKit/537.36 (KHTML, like Gecko) Chrome/140.0.0.0 Safari/537.36","data":{"request_id":"req_68df23580d07d7.80931331","method":"GET","path":"api/proveedores/4/solicitudes-pago/6","full_url":"http://localhost:8080/api/proveedores/4/solicitudes-pago/6","ip_address":"::1","user_agent":"Mozilla/5.0 (Windows NT 10.0; Win64; x64) AppleWebKit/537.36 (KHTML, like Gecko) Chrome/140.0.0.0 Safari/537.36","referer":"http://localhost:4200/","user_id":15,"user_email":"proveedor@materialesconstruccion.mx","headers":{"host":["localhost:8080"],"connection":["keep-alive"],"sec-ch-ua-platform":["\"Windows\""],"authorization":"[HIDDEN]","sec-ch-ua":["\"Chromium\";v=\"140\", \"Not=A?Brand\";v=\"24\", \"Google Chrome\";v=\"140\""],"sec-ch-ua-mobile":["?0"],"access-control-allow-credentials":["true"],"user-agent":["Mozilla/5.0 (Windows NT 10.0; Win64; x64) AppleWebKit/537.36 (KHTML, like Gecko) Chrome/140.0.0.0 Safari/537.36"],"accept":["application/json, text/plain, */*"],"content-type":["application/json"],"origin":["http://localhost:4200"],"sec-fetch-site":["same-site"],"sec-fetch-mode":["cors"],"sec-fetch-dest":["empty"],"referer":["http://localhost:4200/"],"accept-encoding":["gzip, deflate, br, zstd"],"accept-language":["es-419,es;q=0.9"]},"query_params":[],"request_data":{"_proveedor_id":4,"_user_proveedor_relation":"PRINCIPAL"},"request_size":0,"timestamp":"2025-10-03T01:14:00.053447Z"},"timestamp":"2025-10-03T01:14:00.053803Z"} 
[2025-10-02 18:14:00] local.INFO: User Action {"action":"request_end","model":"API_Request","model_id":0,"user_id":15,"user_email":"proveedor@materialesconstruccion.mx","ip_address":"::1","user_agent":"Mozilla/5.0 (Windows NT 10.0; Win64; x64) AppleWebKit/537.36 (KHTML, like Gecko) Chrome/140.0.0.0 Safari/537.36","data":{"request_id":"req_68df23580d07d7.80931331","method":"GET","path":"api/proveedores/4/solicitudes-pago/6","status_code":400,"execution_time_ms":5.04,"response_size":106,"memory_usage_mb":28.0,"memory_peak_mb":28.0,"user_id":15,"performance_category":"fast","response_headers":{"content_type":"application/json"}},"timestamp":"2025-10-03T01:14:00.058500Z"} 
[2025-10-02 18:14:00] local.ERROR: System Error {"error":"HTTP_400","context":"API_Error","user_id":15,"ip_address":"::1","data":{"request_id":"req_68df23580d07d7.80931331","error_type":"client_error","status_code":400,"method":"GET","path":"api/proveedores/4/solicitudes-pago/6","error_data":{"status":"ERROR","code":400,"message":"Solicitud no pertenece a este proveedor","data":null,"errors":403},"user_id":15,"ip_address":"::1","user_agent":"Mozilla/5.0 (Windows NT 10.0; Win64; x64) AppleWebKit/537.36 (KHTML, like Gecko) Chrome/140.0.0.0 Safari/537.36","request_data":{"_proveedor_id":4,"_user_proveedor_relation":"PRINCIPAL"}},"timestamp":"2025-10-03T01:14:00.058716Z"} 
[2025-10-02 18:14:00] local.ERROR: System Error {"error":"Suspicious Activity Detected","context":"Security","user_id":15,"ip_address":"::1","data":{"indicators":["high_request_volume"],"ip_address":"::1","user_id":15,"user_agent":"Mozilla/5.0 (Windows NT 10.0; Win64; x64) AppleWebKit/537.36 (KHTML, like Gecko) Chrome/140.0.0.0 Safari/537.36","path":"api/proveedores/4/solicitudes-pago/6","request_count":218},"timestamp":"2025-10-03T01:14:00.061796Z"} 
[2025-10-02 18:14:08] local.INFO: User Action {"action":"request_start","model":"API_Request","model_id":0,"user_id":15,"user_email":"proveedor@materialesconstruccion.mx","ip_address":"::1","user_agent":"Mozilla/5.0 (Windows NT 10.0; Win64; x64) AppleWebKit/537.36 (KHTML, like Gecko) Chrome/140.0.0.0 Safari/537.36","data":{"request_id":"req_68df23600d97d0.32678078","method":"GET","path":"api/auth/me","full_url":"http://localhost:8080/api/auth/me","ip_address":"::1","user_agent":"Mozilla/5.0 (Windows NT 10.0; Win64; x64) AppleWebKit/537.36 (KHTML, like Gecko) Chrome/140.0.0.0 Safari/537.36","referer":"http://localhost:4200/","user_id":15,"user_email":"proveedor@materialesconstruccion.mx","headers":{"host":["localhost:8080"],"connection":["keep-alive"],"sec-ch-ua-platform":["\"Windows\""],"authorization":"[HIDDEN]","sec-ch-ua":["\"Chromium\";v=\"140\", \"Not=A?Brand\";v=\"24\", \"Google Chrome\";v=\"140\""],"sec-ch-ua-mobile":["?0"],"access-control-allow-credentials":["true"],"user-agent":["Mozilla/5.0 (Windows NT 10.0; Win64; x64) AppleWebKit/537.36 (KHTML, like Gecko) Chrome/140.0.0.0 Safari/537.36"],"accept":["application/json"],"content-type":["application/json"],"origin":["http://localhost:4200"],"sec-fetch-site":["same-site"],"sec-fetch-mode":["cors"],"sec-fetch-dest":["empty"],"referer":["http://localhost:4200/"],"accept-encoding":["gzip, deflate, br, zstd"],"accept-language":["es-419,es;q=0.9"]},"query_params":[],"request_data":[],"request_size":0,"timestamp":"2025-10-03T01:14:08.055910Z"},"timestamp":"2025-10-03T01:14:08.056695Z"} 
[2025-10-02 18:14:08] local.INFO: User Action {"action":"request_end","model":"API_Request","model_id":0,"user_id":15,"user_email":"proveedor@materialesconstruccion.mx","ip_address":"::1","user_agent":"Mozilla/5.0 (Windows NT 10.0; Win64; x64) AppleWebKit/537.36 (KHTML, like Gecko) Chrome/140.0.0.0 Safari/537.36","data":{"request_id":"req_68df23600d97d0.32678078","method":"GET","path":"api/auth/me","status_code":200,"execution_time_ms":12.56,"response_size":1979,"memory_usage_mb":28.0,"memory_peak_mb":28.0,"user_id":15,"performance_category":"fast","response_headers":{"content_type":"application/json"}},"timestamp":"2025-10-03T01:14:08.068305Z"} 
[2025-10-02 18:14:08] local.ERROR: System Error {"error":"Suspicious Activity Detected","context":"Security","user_id":15,"ip_address":"::1","data":{"indicators":["high_request_volume"],"ip_address":"::1","user_id":15,"user_agent":"Mozilla/5.0 (Windows NT 10.0; Win64; x64) AppleWebKit/537.36 (KHTML, like Gecko) Chrome/140.0.0.0 Safari/537.36","path":"api/auth/me","request_count":219},"timestamp":"2025-10-03T01:14:08.072118Z"} 
[2025-10-02 18:14:08] local.INFO: User Action {"action":"request_start","model":"API_Request","model_id":0,"user_id":15,"user_email":"proveedor@materialesconstruccion.mx","ip_address":"::1","user_agent":"Mozilla/5.0 (Windows NT 10.0; Win64; x64) AppleWebKit/537.36 (KHTML, like Gecko) Chrome/140.0.0.0 Safari/537.36","data":{"request_id":"req_68df2360ade3c4.75105477","method":"GET","path":"api/notifications","full_url":"http://localhost:8080/api/notifications","ip_address":"::1","user_agent":"Mozilla/5.0 (Windows NT 10.0; Win64; x64) AppleWebKit/537.36 (KHTML, like Gecko) Chrome/140.0.0.0 Safari/537.36","referer":"http://localhost:4200/","user_id":15,"user_email":"proveedor@materialesconstruccion.mx","headers":{"host":["localhost:8080"],"connection":["keep-alive"],"sec-ch-ua-platform":["\"Windows\""],"authorization":"[HIDDEN]","sec-ch-ua":["\"Chromium\";v=\"140\", \"Not=A?Brand\";v=\"24\", \"Google Chrome\";v=\"140\""],"sec-ch-ua-mobile":["?0"],"access-control-allow-credentials":["true"],"user-agent":["Mozilla/5.0 (Windows NT 10.0; Win64; x64) AppleWebKit/537.36 (KHTML, like Gecko) Chrome/140.0.0.0 Safari/537.36"],"accept":["application/json, text/plain, */*"],"content-type":["application/json"],"origin":["http://localhost:4200"],"sec-fetch-site":["same-site"],"sec-fetch-mode":["cors"],"sec-fetch-dest":["empty"],"referer":["http://localhost:4200/"],"accept-encoding":["gzip, deflate, br, zstd"],"accept-language":["es-419,es;q=0.9"]},"query_params":[],"request_data":[],"request_size":0,"timestamp":"2025-10-03T01:14:08.712364Z"},"timestamp":"2025-10-03T01:14:08.712722Z"} 
[2025-10-02 18:14:08] local.INFO: User Action {"action":"request_end","model":"API_Request","model_id":0,"user_id":15,"user_email":"proveedor@materialesconstruccion.mx","ip_address":"::1","user_agent":"Mozilla/5.0 (Windows NT 10.0; Win64; x64) AppleWebKit/537.36 (KHTML, like Gecko) Chrome/140.0.0.0 Safari/537.36","data":{"request_id":"req_68df2360ade3c4.75105477","method":"GET","path":"api/notifications","status_code":200,"execution_time_ms":7.59,"response_size":558,"memory_usage_mb":26.0,"memory_peak_mb":26.0,"user_id":15,"performance_category":"fast","response_headers":{"content_type":"application/json"}},"timestamp":"2025-10-03T01:14:08.719915Z"} 
[2025-10-02 18:14:08] local.ERROR: System Error {"error":"Suspicious Activity Detected","context":"Security","user_id":15,"ip_address":"::1","data":{"indicators":["high_request_volume"],"ip_address":"::1","user_id":15,"user_agent":"Mozilla/5.0 (Windows NT 10.0; Win64; x64) AppleWebKit/537.36 (KHTML, like Gecko) Chrome/140.0.0.0 Safari/537.36","path":"api/notifications","request_count":220},"timestamp":"2025-10-03T01:14:08.724855Z"} 
[2025-10-02 18:14:08] local.INFO: User Action {"action":"request_start","model":"API_Request","model_id":0,"user_id":15,"user_email":"proveedor@materialesconstruccion.mx","ip_address":"::1","user_agent":"Mozilla/5.0 (Windows NT 10.0; Win64; x64) AppleWebKit/537.36 (KHTML, like Gecko) Chrome/140.0.0.0 Safari/537.36","data":{"request_id":"req_68df2360cfbed5.47860112","method":"GET","path":"api/proveedores/user/15","full_url":"http://localhost:8080/api/proveedores/user/15","ip_address":"::1","user_agent":"Mozilla/5.0 (Windows NT 10.0; Win64; x64) AppleWebKit/537.36 (KHTML, like Gecko) Chrome/140.0.0.0 Safari/537.36","referer":"http://localhost:4200/","user_id":15,"user_email":"proveedor@materialesconstruccion.mx","headers":{"host":["localhost:8080"],"connection":["keep-alive"],"sec-ch-ua-platform":["\"Windows\""],"authorization":"[HIDDEN]","sec-ch-ua":["\"Chromium\";v=\"140\", \"Not=A?Brand\";v=\"24\", \"Google Chrome\";v=\"140\""],"sec-ch-ua-mobile":["?0"],"access-control-allow-credentials":["true"],"user-agent":["Mozilla/5.0 (Windows NT 10.0; Win64; x64) AppleWebKit/537.36 (KHTML, like Gecko) Chrome/140.0.0.0 Safari/537.36"],"accept":["application/json, text/plain, */*"],"content-type":["application/json"],"origin":["http://localhost:4200"],"sec-fetch-site":["same-site"],"sec-fetch-mode":["cors"],"sec-fetch-dest":["empty"],"referer":["http://localhost:4200/"],"accept-encoding":["gzip, deflate, br, zstd"],"accept-language":["es-419,es;q=0.9"]},"query_params":[],"request_data":[],"request_size":0,"timestamp":"2025-10-03T01:14:08.851017Z"},"timestamp":"2025-10-03T01:14:08.851379Z"} 
[2025-10-02 18:14:08] local.INFO: User Action {"action":"request_end","model":"API_Request","model_id":0,"user_id":15,"user_email":"proveedor@materialesconstruccion.mx","ip_address":"::1","user_agent":"Mozilla/5.0 (Windows NT 10.0; Win64; x64) AppleWebKit/537.36 (KHTML, like Gecko) Chrome/140.0.0.0 Safari/537.36","data":{"request_id":"req_68df2360cfbed5.47860112","method":"GET","path":"api/proveedores/user/15","status_code":200,"execution_time_ms":10.85,"response_size":1566,"memory_usage_mb":28.0,"memory_peak_mb":28.0,"user_id":15,"performance_category":"fast","response_headers":{"content_type":"application/json"}},"timestamp":"2025-10-03T01:14:08.861845Z"} 
[2025-10-02 18:14:08] local.ERROR: System Error {"error":"Suspicious Activity Detected","context":"Security","user_id":15,"ip_address":"::1","data":{"indicators":["high_request_volume"],"ip_address":"::1","user_id":15,"user_agent":"Mozilla/5.0 (Windows NT 10.0; Win64; x64) AppleWebKit/537.36 (KHTML, like Gecko) Chrome/140.0.0.0 Safari/537.36","path":"api/proveedores/user/15","request_count":221},"timestamp":"2025-10-03T01:14:08.864790Z"} 
[2025-10-02 18:14:08] local.INFO: User Action {"action":"request_start","model":"API_Request","model_id":0,"user_id":15,"user_email":"proveedor@materialesconstruccion.mx","ip_address":"::1","user_agent":"Mozilla/5.0 (Windows NT 10.0; Win64; x64) AppleWebKit/537.36 (KHTML, like Gecko) Chrome/140.0.0.0 Safari/537.36","data":{"request_id":"req_68df2360f19636.51611299","method":"GET","path":"api/auth/me","full_url":"http://localhost:8080/api/auth/me","ip_address":"::1","user_agent":"Mozilla/5.0 (Windows NT 10.0; Win64; x64) AppleWebKit/537.36 (KHTML, like Gecko) Chrome/140.0.0.0 Safari/537.36","referer":"http://localhost:4200/","user_id":15,"user_email":"proveedor@materialesconstruccion.mx","headers":{"host":["localhost:8080"],"connection":["keep-alive"],"sec-ch-ua-platform":["\"Windows\""],"authorization":"[HIDDEN]","sec-ch-ua":["\"Chromium\";v=\"140\", \"Not=A?Brand\";v=\"24\", \"Google Chrome\";v=\"140\""],"sec-ch-ua-mobile":["?0"],"access-control-allow-credentials":["true"],"user-agent":["Mozilla/5.0 (Windows NT 10.0; Win64; x64) AppleWebKit/537.36 (KHTML, like Gecko) Chrome/140.0.0.0 Safari/537.36"],"accept":["application/json"],"content-type":["application/json"],"origin":["http://localhost:4200"],"sec-fetch-site":["same-site"],"sec-fetch-mode":["cors"],"sec-fetch-dest":["empty"],"referer":["http://localhost:4200/"],"accept-encoding":["gzip, deflate, br, zstd"],"accept-language":["es-419,es;q=0.9"]},"query_params":[],"request_data":[],"request_size":0,"timestamp":"2025-10-03T01:14:08.989631Z"},"timestamp":"2025-10-03T01:14:08.989959Z"} 
[2025-10-02 18:14:08] local.INFO: User Action {"action":"request_end","model":"API_Request","model_id":0,"user_id":15,"user_email":"proveedor@materialesconstruccion.mx","ip_address":"::1","user_agent":"Mozilla/5.0 (Windows NT 10.0; Win64; x64) AppleWebKit/537.36 (KHTML, like Gecko) Chrome/140.0.0.0 Safari/537.36","data":{"request_id":"req_68df2360f19636.51611299","method":"GET","path":"api/auth/me","status_code":200,"execution_time_ms":9.63,"response_size":1979,"memory_usage_mb":28.0,"memory_peak_mb":28.0,"user_id":15,"performance_category":"fast","response_headers":{"content_type":"application/json"}},"timestamp":"2025-10-03T01:14:08.999227Z"} 
[2025-10-02 18:14:09] local.ERROR: System Error {"error":"Suspicious Activity Detected","context":"Security","user_id":15,"ip_address":"::1","data":{"indicators":["high_request_volume"],"ip_address":"::1","user_id":15,"user_agent":"Mozilla/5.0 (Windows NT 10.0; Win64; x64) AppleWebKit/537.36 (KHTML, like Gecko) Chrome/140.0.0.0 Safari/537.36","path":"api/auth/me","request_count":222},"timestamp":"2025-10-03T01:14:09.002816Z"} 
[2025-10-02 18:14:09] local.INFO: User Action {"action":"request_start","model":"API_Request","model_id":0,"user_id":15,"user_email":"proveedor@materialesconstruccion.mx","ip_address":"::1","user_agent":"Mozilla/5.0 (Windows NT 10.0; Win64; x64) AppleWebKit/537.36 (KHTML, like Gecko) Chrome/140.0.0.0 Safari/537.36","data":{"request_id":"req_68df23617b2fd6.42743091","method":"GET","path":"api/proveedores/4/solicitudes-pago","full_url":"http://localhost:8080/api/proveedores/4/solicitudes-pago?estado_solicitud=pendiente&order=desc&per_page=15&sort_by=fecha_registro_pendiente","ip_address":"::1","user_agent":"Mozilla/5.0 (Windows NT 10.0; Win64; x64) AppleWebKit/537.36 (KHTML, like Gecko) Chrome/140.0.0.0 Safari/537.36","referer":"http://localhost:4200/","user_id":15,"user_email":"proveedor@materialesconstruccion.mx","headers":{"host":["localhost:8080"],"connection":["keep-alive"],"sec-ch-ua-platform":["\"Windows\""],"authorization":"[HIDDEN]","sec-ch-ua":["\"Chromium\";v=\"140\", \"Not=A?Brand\";v=\"24\", \"Google Chrome\";v=\"140\""],"sec-ch-ua-mobile":["?0"],"access-control-allow-credentials":["true"],"user-agent":["Mozilla/5.0 (Windows NT 10.0; Win64; x64) AppleWebKit/537.36 (KHTML, like Gecko) Chrome/140.0.0.0 Safari/537.36"],"accept":["application/json, text/plain, */*"],"content-type":["application/json"],"origin":["http://localhost:4200"],"sec-fetch-site":["same-site"],"sec-fetch-mode":["cors"],"sec-fetch-dest":["empty"],"referer":["http://localhost:4200/"],"accept-encoding":["gzip, deflate, br, zstd"],"accept-language":["es-419,es;q=0.9"]},"query_params":{"estado_solicitud":"pendiente","per_page":"15","sort_by":"fecha_registro_pendiente","order":"desc"},"request_data":{"_proveedor_id":4,"_user_proveedor_relation":"PRINCIPAL","estado_solicitud":"pendiente","per_page":"15","sort_by":"fecha_registro_pendiente","order":"desc"},"request_size":0,"timestamp":"2025-10-03T01:14:09.504659Z"},"timestamp":"2025-10-03T01:14:09.505005Z"} 
[2025-10-02 18:14:09] local.INFO: User Action {"action":"request_end","model":"API_Request","model_id":0,"user_id":15,"user_email":"proveedor@materialesconstruccion.mx","ip_address":"::1","user_agent":"Mozilla/5.0 (Windows NT 10.0; Win64; x64) AppleWebKit/537.36 (KHTML, like Gecko) Chrome/140.0.0.0 Safari/537.36","data":{"request_id":"req_68df23617b2fd6.42743091","method":"GET","path":"api/proveedores/4/solicitudes-pago","status_code":200,"execution_time_ms":12.02,"response_size":9744,"memory_usage_mb":28.0,"memory_peak_mb":28.0,"user_id":15,"performance_category":"fast","response_headers":{"content_type":"application/json"}},"timestamp":"2025-10-03T01:14:09.516668Z"} 
[2025-10-02 18:14:09] local.ERROR: System Error {"error":"Suspicious Activity Detected","context":"Security","user_id":15,"ip_address":"::1","data":{"indicators":["high_request_volume"],"ip_address":"::1","user_id":15,"user_agent":"Mozilla/5.0 (Windows NT 10.0; Win64; x64) AppleWebKit/537.36 (KHTML, like Gecko) Chrome/140.0.0.0 Safari/537.36","path":"api/proveedores/4/solicitudes-pago","request_count":223},"timestamp":"2025-10-03T01:14:09.520359Z"} 
[2025-10-02 18:23:53] local.INFO: User Action {"action":"request_start","model":"API_Request","model_id":0,"user_id":15,"user_email":"proveedor@materialesconstruccion.mx","ip_address":"::1","user_agent":"Mozilla/5.0 (Windows NT 10.0; Win64; x64) AppleWebKit/537.36 (KHTML, like Gecko) Chrome/140.0.0.0 Safari/537.36","data":{"request_id":"req_68df25a9d554b5.99047344","method":"GET","path":"api/auth/me","full_url":"http://localhost:8080/api/auth/me","ip_address":"::1","user_agent":"Mozilla/5.0 (Windows NT 10.0; Win64; x64) AppleWebKit/537.36 (KHTML, like Gecko) Chrome/140.0.0.0 Safari/537.36","referer":"http://localhost:4200/","user_id":15,"user_email":"proveedor@materialesconstruccion.mx","headers":{"host":["localhost:8080"],"connection":["keep-alive"],"sec-ch-ua-platform":["\"Windows\""],"authorization":"[HIDDEN]","sec-ch-ua":["\"Chromium\";v=\"140\", \"Not=A?Brand\";v=\"24\", \"Google Chrome\";v=\"140\""],"sec-ch-ua-mobile":["?0"],"access-control-allow-credentials":["true"],"user-agent":["Mozilla/5.0 (Windows NT 10.0; Win64; x64) AppleWebKit/537.36 (KHTML, like Gecko) Chrome/140.0.0.0 Safari/537.36"],"accept":["application/json"],"content-type":["application/json"],"origin":["http://localhost:4200"],"sec-fetch-site":["same-site"],"sec-fetch-mode":["cors"],"sec-fetch-dest":["empty"],"referer":["http://localhost:4200/"],"accept-encoding":["gzip, deflate, br, zstd"],"accept-language":["es-419,es;q=0.9"]},"query_params":[],"request_data":[],"request_size":0,"timestamp":"2025-10-03T01:23:53.873921Z"},"timestamp":"2025-10-03T01:23:53.874417Z"} 
[2025-10-02 18:23:53] local.INFO: User Action {"action":"request_end","model":"API_Request","model_id":0,"user_id":15,"user_email":"proveedor@materialesconstruccion.mx","ip_address":"::1","user_agent":"Mozilla/5.0 (Windows NT 10.0; Win64; x64) AppleWebKit/537.36 (KHTML, like Gecko) Chrome/140.0.0.0 Safari/537.36","data":{"request_id":"req_68df25a9d554b5.99047344","method":"GET","path":"api/auth/me","status_code":200,"execution_time_ms":12.48,"response_size":1979,"memory_usage_mb":28.0,"memory_peak_mb":28.0,"user_id":15,"performance_category":"fast","response_headers":{"content_type":"application/json"}},"timestamp":"2025-10-03T01:23:53.886358Z"} 
[2025-10-02 18:23:53] local.ERROR: System Error {"error":"Suspicious Activity Detected","context":"Security","user_id":15,"ip_address":"::1","data":{"indicators":["high_request_volume"],"ip_address":"::1","user_id":15,"user_agent":"Mozilla/5.0 (Windows NT 10.0; Win64; x64) AppleWebKit/537.36 (KHTML, like Gecko) Chrome/140.0.0.0 Safari/537.36","path":"api/auth/me","request_count":224},"timestamp":"2025-10-03T01:23:53.889903Z"} 
[2025-10-02 18:23:54] local.INFO: User Action {"action":"request_start","model":"API_Request","model_id":0,"user_id":15,"user_email":"proveedor@materialesconstruccion.mx","ip_address":"::1","user_agent":"Mozilla/5.0 (Windows NT 10.0; Win64; x64) AppleWebKit/537.36 (KHTML, like Gecko) Chrome/140.0.0.0 Safari/537.36","data":{"request_id":"req_68df25aa28afb5.85203623","method":"GET","path":"api/notifications","full_url":"http://localhost:8080/api/notifications","ip_address":"::1","user_agent":"Mozilla/5.0 (Windows NT 10.0; Win64; x64) AppleWebKit/537.36 (KHTML, like Gecko) Chrome/140.0.0.0 Safari/537.36","referer":"http://localhost:4200/","user_id":15,"user_email":"proveedor@materialesconstruccion.mx","headers":{"host":["localhost:8080"],"connection":["keep-alive"],"sec-ch-ua-platform":["\"Windows\""],"authorization":"[HIDDEN]","sec-ch-ua":["\"Chromium\";v=\"140\", \"Not=A?Brand\";v=\"24\", \"Google Chrome\";v=\"140\""],"sec-ch-ua-mobile":["?0"],"access-control-allow-credentials":["true"],"user-agent":["Mozilla/5.0 (Windows NT 10.0; Win64; x64) AppleWebKit/537.36 (KHTML, like Gecko) Chrome/140.0.0.0 Safari/537.36"],"accept":["application/json, text/plain, */*"],"content-type":["application/json"],"origin":["http://localhost:4200"],"sec-fetch-site":["same-site"],"sec-fetch-mode":["cors"],"sec-fetch-dest":["empty"],"referer":["http://localhost:4200/"],"accept-encoding":["gzip, deflate, br, zstd"],"accept-language":["es-419,es;q=0.9"]},"query_params":[],"request_data":[],"request_size":0,"timestamp":"2025-10-03T01:23:54.166761Z"},"timestamp":"2025-10-03T01:23:54.167126Z"} 
[2025-10-02 18:23:54] local.INFO: User Action {"action":"request_end","model":"API_Request","model_id":0,"user_id":15,"user_email":"proveedor@materialesconstruccion.mx","ip_address":"::1","user_agent":"Mozilla/5.0 (Windows NT 10.0; Win64; x64) AppleWebKit/537.36 (KHTML, like Gecko) Chrome/140.0.0.0 Safari/537.36","data":{"request_id":"req_68df25aa28afb5.85203623","method":"GET","path":"api/notifications","status_code":200,"execution_time_ms":7.01,"response_size":558,"memory_usage_mb":26.0,"memory_peak_mb":26.0,"user_id":15,"performance_category":"fast","response_headers":{"content_type":"application/json"}},"timestamp":"2025-10-03T01:23:54.173723Z"} 
[2025-10-02 18:23:54] local.ERROR: System Error {"error":"Suspicious Activity Detected","context":"Security","user_id":15,"ip_address":"::1","data":{"indicators":["high_request_volume"],"ip_address":"::1","user_id":15,"user_agent":"Mozilla/5.0 (Windows NT 10.0; Win64; x64) AppleWebKit/537.36 (KHTML, like Gecko) Chrome/140.0.0.0 Safari/537.36","path":"api/notifications","request_count":225},"timestamp":"2025-10-03T01:23:54.176907Z"} 
[2025-10-02 18:23:54] local.INFO: User Action {"action":"request_start","model":"API_Request","model_id":0,"user_id":15,"user_email":"proveedor@materialesconstruccion.mx","ip_address":"::1","user_agent":"Mozilla/5.0 (Windows NT 10.0; Win64; x64) AppleWebKit/537.36 (KHTML, like Gecko) Chrome/140.0.0.0 Safari/537.36","data":{"request_id":"req_68df25aa992667.77622660","method":"GET","path":"api/proveedores/user/15","full_url":"http://localhost:8080/api/proveedores/user/15","ip_address":"::1","user_agent":"Mozilla/5.0 (Windows NT 10.0; Win64; x64) AppleWebKit/537.36 (KHTML, like Gecko) Chrome/140.0.0.0 Safari/537.36","referer":"http://localhost:4200/","user_id":15,"user_email":"proveedor@materialesconstruccion.mx","headers":{"host":["localhost:8080"],"connection":["keep-alive"],"sec-ch-ua-platform":["\"Windows\""],"authorization":"[HIDDEN]","sec-ch-ua":["\"Chromium\";v=\"140\", \"Not=A?Brand\";v=\"24\", \"Google Chrome\";v=\"140\""],"sec-ch-ua-mobile":["?0"],"access-control-allow-credentials":["true"],"user-agent":["Mozilla/5.0 (Windows NT 10.0; Win64; x64) AppleWebKit/537.36 (KHTML, like Gecko) Chrome/140.0.0.0 Safari/537.36"],"accept":["application/json, text/plain, */*"],"content-type":["application/json"],"origin":["http://localhost:4200"],"sec-fetch-site":["same-site"],"sec-fetch-mode":["cors"],"sec-fetch-dest":["empty"],"referer":["http://localhost:4200/"],"accept-encoding":["gzip, deflate, br, zstd"],"accept-language":["es-419,es;q=0.9"]},"query_params":[],"request_data":[],"request_size":0,"timestamp":"2025-10-03T01:23:54.627386Z"},"timestamp":"2025-10-03T01:23:54.627753Z"} 
[2025-10-02 18:23:54] local.INFO: User Action {"action":"request_end","model":"API_Request","model_id":0,"user_id":15,"user_email":"proveedor@materialesconstruccion.mx","ip_address":"::1","user_agent":"Mozilla/5.0 (Windows NT 10.0; Win64; x64) AppleWebKit/537.36 (KHTML, like Gecko) Chrome/140.0.0.0 Safari/537.36","data":{"request_id":"req_68df25aa992667.77622660","method":"GET","path":"api/proveedores/user/15","status_code":200,"execution_time_ms":9.62,"response_size":1566,"memory_usage_mb":28.0,"memory_peak_mb":28.0,"user_id":15,"performance_category":"fast","response_headers":{"content_type":"application/json"}},"timestamp":"2025-10-03T01:23:54.636977Z"} 
[2025-10-02 18:23:54] local.ERROR: System Error {"error":"Suspicious Activity Detected","context":"Security","user_id":15,"ip_address":"::1","data":{"indicators":["high_request_volume"],"ip_address":"::1","user_id":15,"user_agent":"Mozilla/5.0 (Windows NT 10.0; Win64; x64) AppleWebKit/537.36 (KHTML, like Gecko) Chrome/140.0.0.0 Safari/537.36","path":"api/proveedores/user/15","request_count":226},"timestamp":"2025-10-03T01:23:54.640298Z"} 
[2025-10-02 18:23:54] local.INFO: User Action {"action":"request_start","model":"API_Request","model_id":0,"user_id":15,"user_email":"proveedor@materialesconstruccion.mx","ip_address":"::1","user_agent":"Mozilla/5.0 (Windows NT 10.0; Win64; x64) AppleWebKit/537.36 (KHTML, like Gecko) Chrome/140.0.0.0 Safari/537.36","data":{"request_id":"req_68df25aabb8e99.53394119","method":"GET","path":"api/auth/me","full_url":"http://localhost:8080/api/auth/me","ip_address":"::1","user_agent":"Mozilla/5.0 (Windows NT 10.0; Win64; x64) AppleWebKit/537.36 (KHTML, like Gecko) Chrome/140.0.0.0 Safari/537.36","referer":"http://localhost:4200/","user_id":15,"user_email":"proveedor@materialesconstruccion.mx","headers":{"host":["localhost:8080"],"connection":["keep-alive"],"sec-ch-ua-platform":["\"Windows\""],"authorization":"[HIDDEN]","sec-ch-ua":["\"Chromium\";v=\"140\", \"Not=A?Brand\";v=\"24\", \"Google Chrome\";v=\"140\""],"sec-ch-ua-mobile":["?0"],"access-control-allow-credentials":["true"],"user-agent":["Mozilla/5.0 (Windows NT 10.0; Win64; x64) AppleWebKit/537.36 (KHTML, like Gecko) Chrome/140.0.0.0 Safari/537.36"],"accept":["application/json"],"content-type":["application/json"],"origin":["http://localhost:4200"],"sec-fetch-site":["same-site"],"sec-fetch-mode":["cors"],"sec-fetch-dest":["empty"],"referer":["http://localhost:4200/"],"accept-encoding":["gzip, deflate, br, zstd"],"accept-language":["es-419,es;q=0.9"]},"query_params":[],"request_data":[],"request_size":0,"timestamp":"2025-10-03T01:23:54.768323Z"},"timestamp":"2025-10-03T01:23:54.768644Z"} 
[2025-10-02 18:23:54] local.INFO: User Action {"action":"request_end","model":"API_Request","model_id":0,"user_id":15,"user_email":"proveedor@materialesconstruccion.mx","ip_address":"::1","user_agent":"Mozilla/5.0 (Windows NT 10.0; Win64; x64) AppleWebKit/537.36 (KHTML, like Gecko) Chrome/140.0.0.0 Safari/537.36","data":{"request_id":"req_68df25aabb8e99.53394119","method":"GET","path":"api/auth/me","status_code":200,"execution_time_ms":9.58,"response_size":1979,"memory_usage_mb":28.0,"memory_peak_mb":28.0,"user_id":15,"performance_category":"fast","response_headers":{"content_type":"application/json"}},"timestamp":"2025-10-03T01:23:54.777881Z"} 
[2025-10-02 18:23:54] local.ERROR: System Error {"error":"Suspicious Activity Detected","context":"Security","user_id":15,"ip_address":"::1","data":{"indicators":["high_request_volume"],"ip_address":"::1","user_id":15,"user_agent":"Mozilla/5.0 (Windows NT 10.0; Win64; x64) AppleWebKit/537.36 (KHTML, like Gecko) Chrome/140.0.0.0 Safari/537.36","path":"api/auth/me","request_count":227},"timestamp":"2025-10-03T01:23:54.781692Z"} 
[2025-10-02 18:23:55] local.INFO: User Action {"action":"request_start","model":"API_Request","model_id":0,"user_id":15,"user_email":"proveedor@materialesconstruccion.mx","ip_address":"::1","user_agent":"Mozilla/5.0 (Windows NT 10.0; Win64; x64) AppleWebKit/537.36 (KHTML, like Gecko) Chrome/140.0.0.0 Safari/537.36","data":{"request_id":"req_68df25ab3ac5d9.59453342","method":"GET","path":"api/proveedores/4/solicitudes-pago","full_url":"http://localhost:8080/api/proveedores/4/solicitudes-pago?estado_solicitud=pendiente&order=desc&per_page=15&sort_by=fecha_registro_pendiente","ip_address":"::1","user_agent":"Mozilla/5.0 (Windows NT 10.0; Win64; x64) AppleWebKit/537.36 (KHTML, like Gecko) Chrome/140.0.0.0 Safari/537.36","referer":"http://localhost:4200/","user_id":15,"user_email":"proveedor@materialesconstruccion.mx","headers":{"host":["localhost:8080"],"connection":["keep-alive"],"sec-ch-ua-platform":["\"Windows\""],"authorization":"[HIDDEN]","sec-ch-ua":["\"Chromium\";v=\"140\", \"Not=A?Brand\";v=\"24\", \"Google Chrome\";v=\"140\""],"sec-ch-ua-mobile":["?0"],"access-control-allow-credentials":["true"],"user-agent":["Mozilla/5.0 (Windows NT 10.0; Win64; x64) AppleWebKit/537.36 (KHTML, like Gecko) Chrome/140.0.0.0 Safari/537.36"],"accept":["application/json, text/plain, */*"],"content-type":["application/json"],"origin":["http://localhost:4200"],"sec-fetch-site":["same-site"],"sec-fetch-mode":["cors"],"sec-fetch-dest":["empty"],"referer":["http://localhost:4200/"],"accept-encoding":["gzip, deflate, br, zstd"],"accept-language":["es-419,es;q=0.9"]},"query_params":{"estado_solicitud":"pendiente","per_page":"15","sort_by":"fecha_registro_pendiente","order":"desc"},"request_data":{"_proveedor_id":4,"_user_proveedor_relation":"PRINCIPAL","estado_solicitud":"pendiente","per_page":"15","sort_by":"fecha_registro_pendiente","order":"desc"},"request_size":0,"timestamp":"2025-10-03T01:23:55.240840Z"},"timestamp":"2025-10-03T01:23:55.241262Z"} 
[2025-10-02 18:23:55] local.INFO: User Action {"action":"request_end","model":"API_Request","model_id":0,"user_id":15,"user_email":"proveedor@materialesconstruccion.mx","ip_address":"::1","user_agent":"Mozilla/5.0 (Windows NT 10.0; Win64; x64) AppleWebKit/537.36 (KHTML, like Gecko) Chrome/140.0.0.0 Safari/537.36","data":{"request_id":"req_68df25ab3ac5d9.59453342","method":"GET","path":"api/proveedores/4/solicitudes-pago","status_code":200,"execution_time_ms":12.23,"response_size":9744,"memory_usage_mb":28.0,"memory_peak_mb":28.0,"user_id":15,"performance_category":"fast","response_headers":{"content_type":"application/json"}},"timestamp":"2025-10-03T01:23:55.253021Z"} 
[2025-10-02 18:23:55] local.ERROR: System Error {"error":"Suspicious Activity Detected","context":"Security","user_id":15,"ip_address":"::1","data":{"indicators":["high_request_volume"],"ip_address":"::1","user_id":15,"user_agent":"Mozilla/5.0 (Windows NT 10.0; Win64; x64) AppleWebKit/537.36 (KHTML, like Gecko) Chrome/140.0.0.0 Safari/537.36","path":"api/proveedores/4/solicitudes-pago","request_count":228},"timestamp":"2025-10-03T01:23:55.255844Z"} 
[2025-10-02 18:25:35] local.INFO: User Action {"action":"request_start","model":"API_Request","model_id":0,"user_id":null,"user_email":null,"ip_address":"::1","user_agent":"vscode-restclient","data":{"request_id":"req_68df260f9140d2.67483199","method":"POST","path":"api/auth/login","full_url":"http://localhost:8080/api/auth/login","ip_address":"::1","user_agent":"vscode-restclient","referer":null,"user_id":null,"user_email":null,"headers":{"user-agent":["vscode-restclient"],"content-type":["application/json"],"accept":["application/json"],"accept-encoding":["gzip, deflate"],"content-length":["78"],"host":["localhost:8080"],"connection":["close"]},"query_params":[],"request_data":[],"request_size":78,"timestamp":"2025-10-03T01:25:35.596881Z"},"timestamp":"2025-10-03T01:25:35.597386Z"} 
[2025-10-02 18:25:35] local.INFO: User Action {"action":"request_end","model":"API_Request","model_id":0,"user_id":null,"user_email":null,"ip_address":"::1","user_agent":"vscode-restclient","data":{"request_id":"req_68df260f9140d2.67483199","method":"POST","path":"api/auth/login","status_code":422,"execution_time_ms":61.49,"response_size":192,"memory_usage_mb":26.0,"memory_peak_mb":26.0,"user_id":null,"performance_category":"fast","response_headers":{"content_type":"application/json"}},"timestamp":"2025-10-03T01:25:35.656504Z"} 
[2025-10-02 18:25:35] local.ERROR: System Error {"error":"HTTP_422","context":"API_Error","user_id":null,"ip_address":"::1","data":{"request_id":"req_68df260f9140d2.67483199","error_type":"client_error","status_code":422,"method":"POST","path":"api/auth/login","error_data":{"success":false,"message":"Datos de entrada inválidos","errors":{"email":["The email field is required."],"password":["The password field is required."]},"error_code":"VALIDATION_ERROR"},"user_id":null,"ip_address":"::1","user_agent":"vscode-restclient","request_data":[]},"timestamp":"2025-10-03T01:25:35.656757Z"} 
[2025-10-02 18:25:35] local.WARNING: Sensitive Data Change {"model":"Critical_API_Action","model_id":0,"changes":{"request_id":"req_68df260f9140d2.67483199","action_type":"authentication","method":"POST","path":"api/auth/login","status_code":422,"user_id":null,"user_email":null,"ip_address":"::1","request_data":[],"success":false},"user_id":null,"timestamp":"2025-10-03T01:25:35.656910Z"} 
[2025-10-02 18:25:59] local.INFO: User Action {"action":"request_start","model":"API_Request","model_id":0,"user_id":null,"user_email":null,"ip_address":"::1","user_agent":"vscode-restclient","data":{"request_id":"req_68df2627115138.09909677","method":"POST","path":"api/auth/login","full_url":"http://localhost:8080/api/auth/login","ip_address":"::1","user_agent":"vscode-restclient","referer":null,"user_id":null,"user_email":null,"headers":{"user-agent":["vscode-restclient"],"content-type":["application/json"],"accept":["application/json"],"accept-encoding":["gzip, deflate"],"content-length":["77"],"host":["localhost:8080"],"connection":["close"]},"query_params":[],"request_data":[],"request_size":77,"timestamp":"2025-10-03T01:25:59.073335Z"},"timestamp":"2025-10-03T01:25:59.073706Z"} 
[2025-10-02 18:25:59] local.INFO: User Action {"action":"request_end","model":"API_Request","model_id":0,"user_id":null,"user_email":null,"ip_address":"::1","user_agent":"vscode-restclient","data":{"request_id":"req_68df2627115138.09909677","method":"POST","path":"api/auth/login","status_code":422,"execution_time_ms":10.94,"response_size":192,"memory_usage_mb":26.0,"memory_peak_mb":26.0,"user_id":null,"performance_category":"fast","response_headers":{"content_type":"application/json"}},"timestamp":"2025-10-03T01:25:59.081921Z"} 
[2025-10-02 18:25:59] local.ERROR: System Error {"error":"HTTP_422","context":"API_Error","user_id":null,"ip_address":"::1","data":{"request_id":"req_68df2627115138.09909677","error_type":"client_error","status_code":422,"method":"POST","path":"api/auth/login","error_data":{"success":false,"message":"Datos de entrada inválidos","errors":{"email":["The email field is required."],"password":["The password field is required."]},"error_code":"VALIDATION_ERROR"},"user_id":null,"ip_address":"::1","user_agent":"vscode-restclient","request_data":[]},"timestamp":"2025-10-03T01:25:59.082105Z"} 
[2025-10-02 18:25:59] local.WARNING: Sensitive Data Change {"model":"Critical_API_Action","model_id":0,"changes":{"request_id":"req_68df2627115138.09909677","action_type":"authentication","method":"POST","path":"api/auth/login","status_code":422,"user_id":null,"user_email":null,"ip_address":"::1","request_data":[],"success":false},"user_id":null,"timestamp":"2025-10-03T01:25:59.082245Z"} 
[2025-10-02 18:28:22] local.INFO: User Action {"action":"request_start","model":"API_Request","model_id":0,"user_id":15,"user_email":"proveedor@materialesconstruccion.mx","ip_address":"::1","user_agent":"Mozilla/5.0 (Windows NT 10.0; Win64; x64) AppleWebKit/537.36 (KHTML, like Gecko) Chrome/140.0.0.0 Safari/537.36","data":{"request_id":"req_68df26b6834412.82845210","method":"GET","path":"api/proveedores/4/solicitudes-pago/6","full_url":"http://localhost:8080/api/proveedores/4/solicitudes-pago/6","ip_address":"::1","user_agent":"Mozilla/5.0 (Windows NT 10.0; Win64; x64) AppleWebKit/537.36 (KHTML, like Gecko) Chrome/140.0.0.0 Safari/537.36","referer":"http://localhost:4200/","user_id":15,"user_email":"proveedor@materialesconstruccion.mx","headers":{"host":["localhost:8080"],"connection":["keep-alive"],"sec-ch-ua-platform":["\"Windows\""],"authorization":"[HIDDEN]","sec-ch-ua":["\"Chromium\";v=\"140\", \"Not=A?Brand\";v=\"24\", \"Google Chrome\";v=\"140\""],"sec-ch-ua-mobile":["?0"],"access-control-allow-credentials":["true"],"user-agent":["Mozilla/5.0 (Windows NT 10.0; Win64; x64) AppleWebKit/537.36 (KHTML, like Gecko) Chrome/140.0.0.0 Safari/537.36"],"accept":["application/json, text/plain, */*"],"content-type":["application/json"],"origin":["http://localhost:4200"],"sec-fetch-site":["same-site"],"sec-fetch-mode":["cors"],"sec-fetch-dest":["empty"],"referer":["http://localhost:4200/"],"accept-encoding":["gzip, deflate, br, zstd"],"accept-language":["es-419,es;q=0.9"]},"query_params":[],"request_data":{"_proveedor_id":4,"_user_proveedor_relation":"PRINCIPAL"},"request_size":0,"timestamp":"2025-10-03T01:28:22.537743Z"},"timestamp":"2025-10-03T01:28:22.538202Z"} 
[2025-10-02 18:28:22] local.INFO: User Action {"action":"request_end","model":"API_Request","model_id":0,"user_id":15,"user_email":"proveedor@materialesconstruccion.mx","ip_address":"::1","user_agent":"Mozilla/5.0 (Windows NT 10.0; Win64; x64) AppleWebKit/537.36 (KHTML, like Gecko) Chrome/140.0.0.0 Safari/537.36","data":{"request_id":"req_68df26b6834412.82845210","method":"GET","path":"api/proveedores/4/solicitudes-pago/6","status_code":400,"execution_time_ms":5.4,"response_size":106,"memory_usage_mb":28.0,"memory_peak_mb":28.0,"user_id":15,"performance_category":"fast","response_headers":{"content_type":"application/json"}},"timestamp":"2025-10-03T01:28:22.543125Z"} 
[2025-10-02 18:28:22] local.ERROR: System Error {"error":"HTTP_400","context":"API_Error","user_id":15,"ip_address":"::1","data":{"request_id":"req_68df26b6834412.82845210","error_type":"client_error","status_code":400,"method":"GET","path":"api/proveedores/4/solicitudes-pago/6","error_data":{"status":"ERROR","code":400,"message":"Solicitud no pertenece a este proveedor","data":null,"errors":403},"user_id":15,"ip_address":"::1","user_agent":"Mozilla/5.0 (Windows NT 10.0; Win64; x64) AppleWebKit/537.36 (KHTML, like Gecko) Chrome/140.0.0.0 Safari/537.36","request_data":{"_proveedor_id":4,"_user_proveedor_relation":"PRINCIPAL"}},"timestamp":"2025-10-03T01:28:22.543347Z"} 
[2025-10-02 18:28:22] local.ERROR: System Error {"error":"Suspicious Activity Detected","context":"Security","user_id":15,"ip_address":"::1","data":{"indicators":["high_request_volume"],"ip_address":"::1","user_id":15,"user_agent":"Mozilla/5.0 (Windows NT 10.0; Win64; x64) AppleWebKit/537.36 (KHTML, like Gecko) Chrome/140.0.0.0 Safari/537.36","path":"api/proveedores/4/solicitudes-pago/6","request_count":229},"timestamp":"2025-10-03T01:28:22.547366Z"} 
[2025-10-02 18:31:52] local.INFO: User Action {"action":"request_start","model":"API_Request","model_id":0,"user_id":null,"user_email":null,"ip_address":"::1","user_agent":"vscode-restclient","data":{"request_id":"req_68df27889e7ba9.17756066","method":"POST","path":"api/auth/login","full_url":"http://localhost:8080/api/auth/login","ip_address":"::1","user_agent":"vscode-restclient","referer":null,"user_id":null,"user_email":null,"headers":{"user-agent":["vscode-restclient"],"content-type":["application/json"],"accept":["application/json"],"accept-encoding":["gzip, deflate"],"content-length":["81"],"host":["localhost:8080"],"connection":["close"]},"query_params":[],"request_data":{"email":"proveedor@materialesconstruccion.mx","password":"[HIDDEN]"},"request_size":81,"timestamp":"2025-10-03T01:31:52.651884Z"},"timestamp":"2025-10-03T01:31:52.652279Z"} 
[2025-10-02 18:31:52] local.INFO: User Action {"action":"request_end","model":"API_Request","model_id":0,"user_id":null,"user_email":null,"ip_address":"::1","user_agent":"vscode-restclient","data":{"request_id":"req_68df27889e7ba9.17756066","method":"POST","path":"api/auth/login","status_code":201,"execution_time_ms":303.5,"response_size":533,"memory_usage_mb":28.0,"memory_peak_mb":28.0,"user_id":null,"performance_category":"normal","response_headers":{"content_type":"application/json"}},"timestamp":"2025-10-03T01:31:52.952705Z"} 
[2025-10-02 18:31:52] local.WARNING: Sensitive Data Change {"model":"Critical_API_Action","model_id":0,"changes":{"request_id":"req_68df27889e7ba9.17756066","action_type":"authentication","method":"POST","path":"api/auth/login","status_code":201,"user_id":null,"user_email":null,"ip_address":"::1","request_data":{"email":"proveedor@materialesconstruccion.mx","password":"[HIDDEN]"},"success":true},"user_id":null,"timestamp":"2025-10-03T01:31:52.952946Z"} 
[2025-10-02 18:33:01] local.INFO: User Action {"action":"request_start","model":"API_Request","model_id":0,"user_id":null,"user_email":null,"ip_address":"::1","user_agent":"vscode-restclient","data":{"request_id":"req_68df27cd4500a4.17215622","method":"POST","path":"api/auth/login","full_url":"http://localhost:8080/api/auth/login","ip_address":"::1","user_agent":"vscode-restclient","referer":null,"user_id":null,"user_email":null,"headers":{"user-agent":["vscode-restclient"],"content-type":["application/json"],"accept":["application/json"],"accept-encoding":["gzip, deflate"],"content-length":["150"],"host":["localhost:8080"],"connection":["close"]},"query_params":[],"request_data":[],"request_size":150,"timestamp":"2025-10-03T01:33:01.284527Z"},"timestamp":"2025-10-03T01:33:01.284827Z"} 
[2025-10-02 18:33:01] local.INFO: User Action {"action":"request_end","model":"API_Request","model_id":0,"user_id":null,"user_email":null,"ip_address":"::1","user_agent":"vscode-restclient","data":{"request_id":"req_68df27cd4500a4.17215622","method":"POST","path":"api/auth/login","status_code":422,"execution_time_ms":10.27,"response_size":192,"memory_usage_mb":26.0,"memory_peak_mb":26.0,"user_id":null,"performance_category":"fast","response_headers":{"content_type":"application/json"}},"timestamp":"2025-10-03T01:33:01.292961Z"} 
[2025-10-02 18:33:01] local.ERROR: System Error {"error":"HTTP_422","context":"API_Error","user_id":null,"ip_address":"::1","data":{"request_id":"req_68df27cd4500a4.17215622","error_type":"client_error","status_code":422,"method":"POST","path":"api/auth/login","error_data":{"success":false,"message":"Datos de entrada inválidos","errors":{"email":["The email field is required."],"password":["The password field is required."]},"error_code":"VALIDATION_ERROR"},"user_id":null,"ip_address":"::1","user_agent":"vscode-restclient","request_data":[]},"timestamp":"2025-10-03T01:33:01.293148Z"} 
[2025-10-02 18:33:01] local.WARNING: Sensitive Data Change {"model":"Critical_API_Action","model_id":0,"changes":{"request_id":"req_68df27cd4500a4.17215622","action_type":"authentication","method":"POST","path":"api/auth/login","status_code":422,"user_id":null,"user_email":null,"ip_address":"::1","request_data":[],"success":false},"user_id":null,"timestamp":"2025-10-03T01:33:01.293288Z"} 
[2025-10-02 18:33:24] local.INFO: User Action {"action":"request_start","model":"API_Request","model_id":0,"user_id":null,"user_email":null,"ip_address":"::1","user_agent":"vscode-restclient","data":{"request_id":"req_68df27e4d5c141.54199613","method":"POST","path":"api/auth/login","full_url":"http://localhost:8080/api/auth/login","ip_address":"::1","user_agent":"vscode-restclient","referer":null,"user_id":null,"user_email":null,"headers":{"user-agent":["vscode-restclient"],"content-type":["application/json"],"accept":["application/json"],"accept-encoding":["gzip, deflate"],"content-length":["81"],"host":["localhost:8080"],"connection":["close"]},"query_params":[],"request_data":{"email":"proveedor@materialesconstruccion.mx","password":"[HIDDEN]"},"request_size":81,"timestamp":"2025-10-03T01:33:24.877539Z"},"timestamp":"2025-10-03T01:33:24.877850Z"} 
[2025-10-02 18:33:25] local.INFO: User Action {"action":"request_end","model":"API_Request","model_id":0,"user_id":null,"user_email":null,"ip_address":"::1","user_agent":"vscode-restclient","data":{"request_id":"req_68df27e4d5c141.54199613","method":"POST","path":"api/auth/login","status_code":201,"execution_time_ms":211.33,"response_size":533,"memory_usage_mb":28.0,"memory_peak_mb":28.0,"user_id":null,"performance_category":"normal","response_headers":{"content_type":"application/json"}},"timestamp":"2025-10-03T01:33:25.086922Z"} 
[2025-10-02 18:33:25] local.WARNING: Sensitive Data Change {"model":"Critical_API_Action","model_id":0,"changes":{"request_id":"req_68df27e4d5c141.54199613","action_type":"authentication","method":"POST","path":"api/auth/login","status_code":201,"user_id":null,"user_email":null,"ip_address":"::1","request_data":{"email":"proveedor@materialesconstruccion.mx","password":"[HIDDEN]"},"success":true},"user_id":null,"timestamp":"2025-10-03T01:33:25.087122Z"} 
[2025-10-02 18:33:42] local.WARNING: Unauthorized Proveedor Access Attempt {"message":"No tienes permisos para acceder a los recursos de este proveedor.","request_url":"http://localhost:8080/api/proveedores/3/solicitudes-pago","request_method":"GET","ip_address":"::1","user_agent":"vscode-restclient","timestamp":"2025-10-02 18:33:42"} 
[2025-10-02 18:34:00] local.INFO: User Action {"action":"request_start","model":"API_Request","model_id":0,"user_id":null,"user_email":null,"ip_address":"::1","user_agent":"vscode-restclient","data":{"request_id":"req_68df2808b08b90.04584728","method":"POST","path":"api/auth/login","full_url":"http://localhost:8080/api/auth/login","ip_address":"::1","user_agent":"vscode-restclient","referer":null,"user_id":null,"user_email":null,"headers":{"user-agent":["vscode-restclient"],"content-type":["application/json"],"accept":["application/json"],"accept-encoding":["gzip, deflate"],"content-length":["81"],"host":["localhost:8080"],"connection":["close"]},"query_params":[],"request_data":{"email":"proveedor@materialesconstruccion.mx","password":"[HIDDEN]"},"request_size":81,"timestamp":"2025-10-03T01:34:00.725990Z"},"timestamp":"2025-10-03T01:34:00.726390Z"} 
[2025-10-02 18:34:00] local.INFO: User Action {"action":"request_end","model":"API_Request","model_id":0,"user_id":null,"user_email":null,"ip_address":"::1","user_agent":"vscode-restclient","data":{"request_id":"req_68df2808b08b90.04584728","method":"POST","path":"api/auth/login","status_code":201,"execution_time_ms":211.04,"response_size":533,"memory_usage_mb":28.0,"memory_peak_mb":28.0,"user_id":null,"performance_category":"normal","response_headers":{"content_type":"application/json"}},"timestamp":"2025-10-03T01:34:00.934248Z"} 
[2025-10-02 18:34:00] local.WARNING: Sensitive Data Change {"model":"Critical_API_Action","model_id":0,"changes":{"request_id":"req_68df2808b08b90.04584728","action_type":"authentication","method":"POST","path":"api/auth/login","status_code":201,"user_id":null,"user_email":null,"ip_address":"::1","request_data":{"email":"proveedor@materialesconstruccion.mx","password":"[HIDDEN]"},"success":true},"user_id":null,"timestamp":"2025-10-03T01:34:00.934571Z"} 
[2025-10-02 18:34:34] local.INFO: User Action {"action":"request_start","model":"API_Request","model_id":0,"user_id":15,"user_email":"proveedor@materialesconstruccion.mx","ip_address":"::1","user_agent":"vscode-restclient","data":{"request_id":"req_68df282a4774e9.63665120","method":"GET","path":"api/auth/me","full_url":"http://localhost:8080/api/auth/me","ip_address":"::1","user_agent":"vscode-restclient","referer":null,"user_id":15,"user_email":"proveedor@materialesconstruccion.mx","headers":{"user-agent":["vscode-restclient"],"authorization":"[HIDDEN]","accept":["application/json"],"accept-encoding":["gzip, deflate"],"host":["localhost:8080"],"connection":["close"]},"query_params":[],"request_data":[],"request_size":0,"timestamp":"2025-10-03T01:34:34.292794Z"},"timestamp":"2025-10-03T01:34:34.293141Z"} 
[2025-10-02 18:34:34] local.INFO: User Action {"action":"request_end","model":"API_Request","model_id":0,"user_id":15,"user_email":"proveedor@materialesconstruccion.mx","ip_address":"::1","user_agent":"vscode-restclient","data":{"request_id":"req_68df282a4774e9.63665120","method":"GET","path":"api/auth/me","status_code":200,"execution_time_ms":9.56,"response_size":1979,"memory_usage_mb":28.0,"memory_peak_mb":28.0,"user_id":15,"performance_category":"fast","response_headers":{"content_type":"application/json"}},"timestamp":"2025-10-03T01:34:34.302304Z"} 
[2025-10-02 18:34:34] local.ERROR: System Error {"error":"Suspicious Activity Detected","context":"Security","user_id":15,"ip_address":"::1","data":{"indicators":["high_request_volume"],"ip_address":"::1","user_id":15,"user_agent":"vscode-restclient","path":"api/auth/me","request_count":230},"timestamp":"2025-10-03T01:34:34.306425Z"} 
[2025-10-02 18:34:58] local.INFO: User Action {"action":"request_start","model":"API_Request","model_id":0,"user_id":15,"user_email":"proveedor@materialesconstruccion.mx","ip_address":"::1","user_agent":"vscode-restclient","data":{"request_id":"req_68df28425863a0.71764977","method":"GET","path":"api/proveedores/4/solicitudes-pago","full_url":"http://localhost:8080/api/proveedores/4/solicitudes-pago","ip_address":"::1","user_agent":"vscode-restclient","referer":null,"user_id":15,"user_email":"proveedor@materialesconstruccion.mx","headers":{"user-agent":["vscode-restclient"],"authorization":"[HIDDEN]","accept":["application/json"],"accept-encoding":["gzip, deflate"],"host":["localhost:8080"],"connection":["close"]},"query_params":{"_proveedor_id":4,"_user_proveedor_relation":"PRINCIPAL"},"request_data":{"_proveedor_id":4,"_user_proveedor_relation":"PRINCIPAL"},"request_size":0,"timestamp":"2025-10-03T01:34:58.362133Z"},"timestamp":"2025-10-03T01:34:58.362531Z"} 
[2025-10-02 18:34:58] local.INFO: User Action {"action":"request_end","model":"API_Request","model_id":0,"user_id":15,"user_email":"proveedor@materialesconstruccion.mx","ip_address":"::1","user_agent":"vscode-restclient","data":{"request_id":"req_68df28425863a0.71764977","method":"GET","path":"api/proveedores/4/solicitudes-pago","status_code":200,"execution_time_ms":12.98,"response_size":8375,"memory_usage_mb":28.0,"memory_peak_mb":28.0,"user_id":15,"performance_category":"fast","response_headers":{"content_type":"application/json"}},"timestamp":"2025-10-03T01:34:58.375095Z"} 
[2025-10-02 18:34:58] local.ERROR: System Error {"error":"Suspicious Activity Detected","context":"Security","user_id":15,"ip_address":"::1","data":{"indicators":["high_request_volume"],"ip_address":"::1","user_id":15,"user_agent":"vscode-restclient","path":"api/proveedores/4/solicitudes-pago","request_count":231},"timestamp":"2025-10-03T01:34:58.377982Z"} 
[2025-10-02 18:35:31] local.INFO: User Action {"action":"request_start","model":"API_Request","model_id":0,"user_id":15,"user_email":"proveedor@materialesconstruccion.mx","ip_address":"::1","user_agent":"Mozilla/5.0 (Windows NT 10.0; Win64; x64) AppleWebKit/537.36 (KHTML, like Gecko) Chrome/140.0.0.0 Safari/537.36","data":{"request_id":"req_68df2863a79170.80686100","method":"GET","path":"api/auth/me","full_url":"http://localhost:8080/api/auth/me","ip_address":"::1","user_agent":"Mozilla/5.0 (Windows NT 10.0; Win64; x64) AppleWebKit/537.36 (KHTML, like Gecko) Chrome/140.0.0.0 Safari/537.36","referer":"http://localhost:4200/","user_id":15,"user_email":"proveedor@materialesconstruccion.mx","headers":{"host":["localhost:8080"],"connection":["keep-alive"],"pragma":["no-cache"],"cache-control":["no-cache"],"sec-ch-ua-platform":["\"Windows\""],"authorization":"[HIDDEN]","sec-ch-ua":["\"Chromium\";v=\"140\", \"Not=A?Brand\";v=\"24\", \"Google Chrome\";v=\"140\""],"sec-ch-ua-mobile":["?0"],"access-control-allow-credentials":["true"],"user-agent":["Mozilla/5.0 (Windows NT 10.0; Win64; x64) AppleWebKit/537.36 (KHTML, like Gecko) Chrome/140.0.0.0 Safari/537.36"],"accept":["application/json"],"content-type":["application/json"],"origin":["http://localhost:4200"],"sec-fetch-site":["same-site"],"sec-fetch-mode":["cors"],"sec-fetch-dest":["empty"],"referer":["http://localhost:4200/"],"accept-encoding":["gzip, deflate, br, zstd"],"accept-language":["es-419,es;q=0.9"]},"query_params":[],"request_data":[],"request_size":0,"timestamp":"2025-10-03T01:35:31.686498Z"},"timestamp":"2025-10-03T01:35:31.687114Z"} 
[2025-10-02 18:35:31] local.INFO: User Action {"action":"request_end","model":"API_Request","model_id":0,"user_id":15,"user_email":"proveedor@materialesconstruccion.mx","ip_address":"::1","user_agent":"Mozilla/5.0 (Windows NT 10.0; Win64; x64) AppleWebKit/537.36 (KHTML, like Gecko) Chrome/140.0.0.0 Safari/537.36","data":{"request_id":"req_68df2863a79170.80686100","method":"GET","path":"api/auth/me","status_code":200,"execution_time_ms":15.5,"response_size":1979,"memory_usage_mb":28.0,"memory_peak_mb":28.0,"user_id":15,"performance_category":"fast","response_headers":{"content_type":"application/json"}},"timestamp":"2025-10-03T01:35:31.701942Z"} 
[2025-10-02 18:35:31] local.ERROR: System Error {"error":"Suspicious Activity Detected","context":"Security","user_id":15,"ip_address":"::1","data":{"indicators":["high_request_volume"],"ip_address":"::1","user_id":15,"user_agent":"Mozilla/5.0 (Windows NT 10.0; Win64; x64) AppleWebKit/537.36 (KHTML, like Gecko) Chrome/140.0.0.0 Safari/537.36","path":"api/auth/me","request_count":232},"timestamp":"2025-10-03T01:35:31.706166Z"} 
[2025-10-02 18:35:32] local.INFO: User Action {"action":"request_start","model":"API_Request","model_id":0,"user_id":15,"user_email":"proveedor@materialesconstruccion.mx","ip_address":"::1","user_agent":"Mozilla/5.0 (Windows NT 10.0; Win64; x64) AppleWebKit/537.36 (KHTML, like Gecko) Chrome/140.0.0.0 Safari/537.36","data":{"request_id":"req_68df28644f38e0.79111536","method":"GET","path":"api/notifications","full_url":"http://localhost:8080/api/notifications","ip_address":"::1","user_agent":"Mozilla/5.0 (Windows NT 10.0; Win64; x64) AppleWebKit/537.36 (KHTML, like Gecko) Chrome/140.0.0.0 Safari/537.36","referer":"http://localhost:4200/","user_id":15,"user_email":"proveedor@materialesconstruccion.mx","headers":{"host":["localhost:8080"],"connection":["keep-alive"],"sec-ch-ua-platform":["\"Windows\""],"authorization":"[HIDDEN]","sec-ch-ua":["\"Chromium\";v=\"140\", \"Not=A?Brand\";v=\"24\", \"Google Chrome\";v=\"140\""],"sec-ch-ua-mobile":["?0"],"access-control-allow-credentials":["true"],"user-agent":["Mozilla/5.0 (Windows NT 10.0; Win64; x64) AppleWebKit/537.36 (KHTML, like Gecko) Chrome/140.0.0.0 Safari/537.36"],"accept":["application/json, text/plain, */*"],"content-type":["application/json"],"origin":["http://localhost:4200"],"sec-fetch-site":["same-site"],"sec-fetch-mode":["cors"],"sec-fetch-dest":["empty"],"referer":["http://localhost:4200/"],"accept-encoding":["gzip, deflate, br, zstd"],"accept-language":["es-419,es;q=0.9"]},"query_params":[],"request_data":[],"request_size":0,"timestamp":"2025-10-03T01:35:32.324797Z"},"timestamp":"2025-10-03T01:35:32.325184Z"} 
[2025-10-02 18:35:32] local.INFO: User Action {"action":"request_end","model":"API_Request","model_id":0,"user_id":15,"user_email":"proveedor@materialesconstruccion.mx","ip_address":"::1","user_agent":"Mozilla/5.0 (Windows NT 10.0; Win64; x64) AppleWebKit/537.36 (KHTML, like Gecko) Chrome/140.0.0.0 Safari/537.36","data":{"request_id":"req_68df28644f38e0.79111536","method":"GET","path":"api/notifications","status_code":200,"execution_time_ms":7.04,"response_size":558,"memory_usage_mb":26.0,"memory_peak_mb":26.0,"user_id":15,"performance_category":"fast","response_headers":{"content_type":"application/json"}},"timestamp":"2025-10-03T01:35:32.331588Z"} 
[2025-10-02 18:35:32] local.ERROR: System Error {"error":"Suspicious Activity Detected","context":"Security","user_id":15,"ip_address":"::1","data":{"indicators":["high_request_volume"],"ip_address":"::1","user_id":15,"user_agent":"Mozilla/5.0 (Windows NT 10.0; Win64; x64) AppleWebKit/537.36 (KHTML, like Gecko) Chrome/140.0.0.0 Safari/537.36","path":"api/notifications","request_count":233},"timestamp":"2025-10-03T01:35:32.336207Z"} 
[2025-10-02 18:35:32] local.INFO: User Action {"action":"request_start","model":"API_Request","model_id":0,"user_id":15,"user_email":"proveedor@materialesconstruccion.mx","ip_address":"::1","user_agent":"Mozilla/5.0 (Windows NT 10.0; Win64; x64) AppleWebKit/537.36 (KHTML, like Gecko) Chrome/140.0.0.0 Safari/537.36","data":{"request_id":"req_68df28647289d4.51434623","method":"GET","path":"api/proveedores/user/15","full_url":"http://localhost:8080/api/proveedores/user/15","ip_address":"::1","user_agent":"Mozilla/5.0 (Windows NT 10.0; Win64; x64) AppleWebKit/537.36 (KHTML, like Gecko) Chrome/140.0.0.0 Safari/537.36","referer":"http://localhost:4200/","user_id":15,"user_email":"proveedor@materialesconstruccion.mx","headers":{"host":["localhost:8080"],"connection":["keep-alive"],"sec-ch-ua-platform":["\"Windows\""],"authorization":"[HIDDEN]","sec-ch-ua":["\"Chromium\";v=\"140\", \"Not=A?Brand\";v=\"24\", \"Google Chrome\";v=\"140\""],"sec-ch-ua-mobile":["?0"],"access-control-allow-credentials":["true"],"user-agent":["Mozilla/5.0 (Windows NT 10.0; Win64; x64) AppleWebKit/537.36 (KHTML, like Gecko) Chrome/140.0.0.0 Safari/537.36"],"accept":["application/json, text/plain, */*"],"content-type":["application/json"],"origin":["http://localhost:4200"],"sec-fetch-site":["same-site"],"sec-fetch-mode":["cors"],"sec-fetch-dest":["empty"],"referer":["http://localhost:4200/"],"accept-encoding":["gzip, deflate, br, zstd"],"accept-language":["es-419,es;q=0.9"]},"query_params":[],"request_data":[],"request_size":0,"timestamp":"2025-10-03T01:35:32.469242Z"},"timestamp":"2025-10-03T01:35:32.469601Z"} 
[2025-10-02 18:35:32] local.INFO: User Action {"action":"request_end","model":"API_Request","model_id":0,"user_id":15,"user_email":"proveedor@materialesconstruccion.mx","ip_address":"::1","user_agent":"Mozilla/5.0 (Windows NT 10.0; Win64; x64) AppleWebKit/537.36 (KHTML, like Gecko) Chrome/140.0.0.0 Safari/537.36","data":{"request_id":"req_68df28647289d4.51434623","method":"GET","path":"api/proveedores/user/15","status_code":200,"execution_time_ms":10.81,"response_size":1566,"memory_usage_mb":28.0,"memory_peak_mb":28.0,"user_id":15,"performance_category":"fast","response_headers":{"content_type":"application/json"}},"timestamp":"2025-10-03T01:35:32.480024Z"} 
[2025-10-02 18:35:32] local.ERROR: System Error {"error":"Suspicious Activity Detected","context":"Security","user_id":15,"ip_address":"::1","data":{"indicators":["high_request_volume"],"ip_address":"::1","user_id":15,"user_agent":"Mozilla/5.0 (Windows NT 10.0; Win64; x64) AppleWebKit/537.36 (KHTML, like Gecko) Chrome/140.0.0.0 Safari/537.36","path":"api/proveedores/user/15","request_count":234},"timestamp":"2025-10-03T01:35:32.484687Z"} 
[2025-10-02 18:35:32] local.INFO: User Action {"action":"request_start","model":"API_Request","model_id":0,"user_id":15,"user_email":"proveedor@materialesconstruccion.mx","ip_address":"::1","user_agent":"Mozilla/5.0 (Windows NT 10.0; Win64; x64) AppleWebKit/537.36 (KHTML, like Gecko) Chrome/140.0.0.0 Safari/537.36","data":{"request_id":"req_68df286495ac21.14489215","method":"GET","path":"api/auth/me","full_url":"http://localhost:8080/api/auth/me","ip_address":"::1","user_agent":"Mozilla/5.0 (Windows NT 10.0; Win64; x64) AppleWebKit/537.36 (KHTML, like Gecko) Chrome/140.0.0.0 Safari/537.36","referer":"http://localhost:4200/","user_id":15,"user_email":"proveedor@materialesconstruccion.mx","headers":{"host":["localhost:8080"],"connection":["keep-alive"],"sec-ch-ua-platform":["\"Windows\""],"authorization":"[HIDDEN]","sec-ch-ua":["\"Chromium\";v=\"140\", \"Not=A?Brand\";v=\"24\", \"Google Chrome\";v=\"140\""],"sec-ch-ua-mobile":["?0"],"access-control-allow-credentials":["true"],"user-agent":["Mozilla/5.0 (Windows NT 10.0; Win64; x64) AppleWebKit/537.36 (KHTML, like Gecko) Chrome/140.0.0.0 Safari/537.36"],"accept":["application/json"],"content-type":["application/json"],"origin":["http://localhost:4200"],"sec-fetch-site":["same-site"],"sec-fetch-mode":["cors"],"sec-fetch-dest":["empty"],"referer":["http://localhost:4200/"],"accept-encoding":["gzip, deflate, br, zstd"],"accept-language":["es-419,es;q=0.9"]},"query_params":[],"request_data":[],"request_size":0,"timestamp":"2025-10-03T01:35:32.613305Z"},"timestamp":"2025-10-03T01:35:32.614074Z"} 
[2025-10-02 18:35:32] local.INFO: User Action {"action":"request_end","model":"API_Request","model_id":0,"user_id":15,"user_email":"proveedor@materialesconstruccion.mx","ip_address":"::1","user_agent":"Mozilla/5.0 (Windows NT 10.0; Win64; x64) AppleWebKit/537.36 (KHTML, like Gecko) Chrome/140.0.0.0 Safari/537.36","data":{"request_id":"req_68df286495ac21.14489215","method":"GET","path":"api/auth/me","status_code":200,"execution_time_ms":11.47,"response_size":1979,"memory_usage_mb":28.0,"memory_peak_mb":28.0,"user_id":15,"performance_category":"fast","response_headers":{"content_type":"application/json"}},"timestamp":"2025-10-03T01:35:32.624614Z"} 
[2025-10-02 18:35:32] local.ERROR: System Error {"error":"Suspicious Activity Detected","context":"Security","user_id":15,"ip_address":"::1","data":{"indicators":["high_request_volume"],"ip_address":"::1","user_id":15,"user_agent":"Mozilla/5.0 (Windows NT 10.0; Win64; x64) AppleWebKit/537.36 (KHTML, like Gecko) Chrome/140.0.0.0 Safari/537.36","path":"api/auth/me","request_count":235},"timestamp":"2025-10-03T01:35:32.628830Z"} 
[2025-10-02 18:35:33] local.INFO: User Action {"action":"request_start","model":"API_Request","model_id":0,"user_id":15,"user_email":"proveedor@materialesconstruccion.mx","ip_address":"::1","user_agent":"Mozilla/5.0 (Windows NT 10.0; Win64; x64) AppleWebKit/537.36 (KHTML, like Gecko) Chrome/140.0.0.0 Safari/537.36","data":{"request_id":"req_68df28651b31c1.20886412","method":"GET","path":"api/proveedores/4/solicitudes-pago","full_url":"http://localhost:8080/api/proveedores/4/solicitudes-pago?estado_solicitud=pendiente&order=desc&per_page=15&sort_by=fecha_registro_pendiente","ip_address":"::1","user_agent":"Mozilla/5.0 (Windows NT 10.0; Win64; x64) AppleWebKit/537.36 (KHTML, like Gecko) Chrome/140.0.0.0 Safari/537.36","referer":"http://localhost:4200/","user_id":15,"user_email":"proveedor@materialesconstruccion.mx","headers":{"host":["localhost:8080"],"connection":["keep-alive"],"sec-ch-ua-platform":["\"Windows\""],"authorization":"[HIDDEN]","sec-ch-ua":["\"Chromium\";v=\"140\", \"Not=A?Brand\";v=\"24\", \"Google Chrome\";v=\"140\""],"sec-ch-ua-mobile":["?0"],"access-control-allow-credentials":["true"],"user-agent":["Mozilla/5.0 (Windows NT 10.0; Win64; x64) AppleWebKit/537.36 (KHTML, like Gecko) Chrome/140.0.0.0 Safari/537.36"],"accept":["application/json, text/plain, */*"],"content-type":["application/json"],"origin":["http://localhost:4200"],"sec-fetch-site":["same-site"],"sec-fetch-mode":["cors"],"sec-fetch-dest":["empty"],"referer":["http://localhost:4200/"],"accept-encoding":["gzip, deflate, br, zstd"],"accept-language":["es-419,es;q=0.9"]},"query_params":{"estado_solicitud":"pendiente","per_page":"15","sort_by":"fecha_registro_pendiente","order":"desc"},"request_data":{"_proveedor_id":4,"_user_proveedor_relation":"PRINCIPAL","estado_solicitud":"pendiente","per_page":"15","sort_by":"fecha_registro_pendiente","order":"desc"},"request_size":0,"timestamp":"2025-10-03T01:35:33.111478Z"},"timestamp":"2025-10-03T01:35:33.111821Z"} 
[2025-10-02 18:35:33] local.INFO: User Action {"action":"request_end","model":"API_Request","model_id":0,"user_id":15,"user_email":"proveedor@materialesconstruccion.mx","ip_address":"::1","user_agent":"Mozilla/5.0 (Windows NT 10.0; Win64; x64) AppleWebKit/537.36 (KHTML, like Gecko) Chrome/140.0.0.0 Safari/537.36","data":{"request_id":"req_68df28651b31c1.20886412","method":"GET","path":"api/proveedores/4/solicitudes-pago","status_code":200,"execution_time_ms":12.91,"response_size":9744,"memory_usage_mb":28.0,"memory_peak_mb":28.0,"user_id":15,"performance_category":"fast","response_headers":{"content_type":"application/json"}},"timestamp":"2025-10-03T01:35:33.124386Z"} 
[2025-10-02 18:35:33] local.ERROR: System Error {"error":"Suspicious Activity Detected","context":"Security","user_id":15,"ip_address":"::1","data":{"indicators":["high_request_volume"],"ip_address":"::1","user_id":15,"user_agent":"Mozilla/5.0 (Windows NT 10.0; Win64; x64) AppleWebKit/537.36 (KHTML, like Gecko) Chrome/140.0.0.0 Safari/537.36","path":"api/proveedores/4/solicitudes-pago","request_count":236},"timestamp":"2025-10-03T01:35:33.127714Z"} 
[2025-10-02 18:40:29] local.INFO: User Action {"action":"request_start","model":"API_Request","model_id":0,"user_id":15,"user_email":"proveedor@materialesconstruccion.mx","ip_address":"::1","user_agent":"Mozilla/5.0 (Windows NT 10.0; Win64; x64) AppleWebKit/537.36 (KHTML, like Gecko) Chrome/140.0.0.0 Safari/537.36","data":{"request_id":"req_68df298d4b9739.02275652","method":"GET","path":"api/auth/me","full_url":"http://localhost:8080/api/auth/me","ip_address":"::1","user_agent":"Mozilla/5.0 (Windows NT 10.0; Win64; x64) AppleWebKit/537.36 (KHTML, like Gecko) Chrome/140.0.0.0 Safari/537.36","referer":"http://localhost:4200/","user_id":15,"user_email":"proveedor@materialesconstruccion.mx","headers":{"host":["localhost:8080"],"connection":["keep-alive"],"sec-ch-ua-platform":["\"Windows\""],"authorization":"[HIDDEN]","sec-ch-ua":["\"Chromium\";v=\"140\", \"Not=A?Brand\";v=\"24\", \"Google Chrome\";v=\"140\""],"sec-ch-ua-mobile":["?0"],"access-control-allow-credentials":["true"],"user-agent":["Mozilla/5.0 (Windows NT 10.0; Win64; x64) AppleWebKit/537.36 (KHTML, like Gecko) Chrome/140.0.0.0 Safari/537.36"],"accept":["application/json"],"content-type":["application/json"],"origin":["http://localhost:4200"],"sec-fetch-site":["same-site"],"sec-fetch-mode":["cors"],"sec-fetch-dest":["empty"],"referer":["http://localhost:4200/"],"accept-encoding":["gzip, deflate, br, zstd"],"accept-language":["es-419,es;q=0.9"]},"query_params":[],"request_data":[],"request_size":0,"timestamp":"2025-10-03T01:40:29.309727Z"},"timestamp":"2025-10-03T01:40:29.310162Z"} 
[2025-10-02 18:40:29] local.INFO: User Action {"action":"request_end","model":"API_Request","model_id":0,"user_id":15,"user_email":"proveedor@materialesconstruccion.mx","ip_address":"::1","user_agent":"Mozilla/5.0 (Windows NT 10.0; Win64; x64) AppleWebKit/537.36 (KHTML, like Gecko) Chrome/140.0.0.0 Safari/537.36","data":{"request_id":"req_68df298d4b9739.02275652","method":"GET","path":"api/auth/me","status_code":200,"execution_time_ms":12.03,"response_size":1979,"memory_usage_mb":28.0,"memory_peak_mb":28.0,"user_id":15,"performance_category":"fast","response_headers":{"content_type":"application/json"}},"timestamp":"2025-10-03T01:40:29.321715Z"} 
[2025-10-02 18:40:29] local.ERROR: System Error {"error":"Suspicious Activity Detected","context":"Security","user_id":15,"ip_address":"::1","data":{"indicators":["high_request_volume"],"ip_address":"::1","user_id":15,"user_agent":"Mozilla/5.0 (Windows NT 10.0; Win64; x64) AppleWebKit/537.36 (KHTML, like Gecko) Chrome/140.0.0.0 Safari/537.36","path":"api/auth/me","request_count":237},"timestamp":"2025-10-03T01:40:29.325702Z"} 
[2025-10-02 18:40:30] local.INFO: User Action {"action":"request_start","model":"API_Request","model_id":0,"user_id":15,"user_email":"proveedor@materialesconstruccion.mx","ip_address":"::1","user_agent":"Mozilla/5.0 (Windows NT 10.0; Win64; x64) AppleWebKit/537.36 (KHTML, like Gecko) Chrome/140.0.0.0 Safari/537.36","data":{"request_id":"req_68df298e140b09.90294955","method":"GET","path":"api/notifications","full_url":"http://localhost:8080/api/notifications","ip_address":"::1","user_agent":"Mozilla/5.0 (Windows NT 10.0; Win64; x64) AppleWebKit/537.36 (KHTML, like Gecko) Chrome/140.0.0.0 Safari/537.36","referer":"http://localhost:4200/","user_id":15,"user_email":"proveedor@materialesconstruccion.mx","headers":{"host":["localhost:8080"],"connection":["keep-alive"],"sec-ch-ua-platform":["\"Windows\""],"authorization":"[HIDDEN]","sec-ch-ua":["\"Chromium\";v=\"140\", \"Not=A?Brand\";v=\"24\", \"Google Chrome\";v=\"140\""],"sec-ch-ua-mobile":["?0"],"access-control-allow-credentials":["true"],"user-agent":["Mozilla/5.0 (Windows NT 10.0; Win64; x64) AppleWebKit/537.36 (KHTML, like Gecko) Chrome/140.0.0.0 Safari/537.36"],"accept":["application/json, text/plain, */*"],"content-type":["application/json"],"origin":["http://localhost:4200"],"sec-fetch-site":["same-site"],"sec-fetch-mode":["cors"],"sec-fetch-dest":["empty"],"referer":["http://localhost:4200/"],"accept-encoding":["gzip, deflate, br, zstd"],"accept-language":["es-419,es;q=0.9"]},"query_params":[],"request_data":[],"request_size":0,"timestamp":"2025-10-03T01:40:30.082335Z"},"timestamp":"2025-10-03T01:40:30.083184Z"} 
[2025-10-02 18:40:30] local.INFO: User Action {"action":"request_end","model":"API_Request","model_id":0,"user_id":15,"user_email":"proveedor@materialesconstruccion.mx","ip_address":"::1","user_agent":"Mozilla/5.0 (Windows NT 10.0; Win64; x64) AppleWebKit/537.36 (KHTML, like Gecko) Chrome/140.0.0.0 Safari/537.36","data":{"request_id":"req_68df298e140b09.90294955","method":"GET","path":"api/notifications","status_code":200,"execution_time_ms":10.04,"response_size":558,"memory_usage_mb":26.0,"memory_peak_mb":26.0,"user_id":15,"performance_category":"fast","response_headers":{"content_type":"application/json"}},"timestamp":"2025-10-03T01:40:30.092221Z"} 
[2025-10-02 18:40:30] local.ERROR: System Error {"error":"Suspicious Activity Detected","context":"Security","user_id":15,"ip_address":"::1","data":{"indicators":["high_request_volume"],"ip_address":"::1","user_id":15,"user_agent":"Mozilla/5.0 (Windows NT 10.0; Win64; x64) AppleWebKit/537.36 (KHTML, like Gecko) Chrome/140.0.0.0 Safari/537.36","path":"api/notifications","request_count":238},"timestamp":"2025-10-03T01:40:30.098726Z"} 
[2025-10-02 18:40:30] local.INFO: User Action {"action":"request_start","model":"API_Request","model_id":0,"user_id":15,"user_email":"proveedor@materialesconstruccion.mx","ip_address":"::1","user_agent":"Mozilla/5.0 (Windows NT 10.0; Win64; x64) AppleWebKit/537.36 (KHTML, like Gecko) Chrome/140.0.0.0 Safari/537.36","data":{"request_id":"req_68df298e3c2d48.89792360","method":"GET","path":"api/proveedores/user/15","full_url":"http://localhost:8080/api/proveedores/user/15","ip_address":"::1","user_agent":"Mozilla/5.0 (Windows NT 10.0; Win64; x64) AppleWebKit/537.36 (KHTML, like Gecko) Chrome/140.0.0.0 Safari/537.36","referer":"http://localhost:4200/","user_id":15,"user_email":"proveedor@materialesconstruccion.mx","headers":{"host":["localhost:8080"],"connection":["keep-alive"],"sec-ch-ua-platform":["\"Windows\""],"authorization":"[HIDDEN]","sec-ch-ua":["\"Chromium\";v=\"140\", \"Not=A?Brand\";v=\"24\", \"Google Chrome\";v=\"140\""],"sec-ch-ua-mobile":["?0"],"access-control-allow-credentials":["true"],"user-agent":["Mozilla/5.0 (Windows NT 10.0; Win64; x64) AppleWebKit/537.36 (KHTML, like Gecko) Chrome/140.0.0.0 Safari/537.36"],"accept":["application/json, text/plain, */*"],"content-type":["application/json"],"origin":["http://localhost:4200"],"sec-fetch-site":["same-site"],"sec-fetch-mode":["cors"],"sec-fetch-dest":["empty"],"referer":["http://localhost:4200/"],"accept-encoding":["gzip, deflate, br, zstd"],"accept-language":["es-419,es;q=0.9"]},"query_params":[],"request_data":[],"request_size":0,"timestamp":"2025-10-03T01:40:30.246582Z"},"timestamp":"2025-10-03T01:40:30.246949Z"} 
[2025-10-02 18:40:30] local.INFO: User Action {"action":"request_end","model":"API_Request","model_id":0,"user_id":15,"user_email":"proveedor@materialesconstruccion.mx","ip_address":"::1","user_agent":"Mozilla/5.0 (Windows NT 10.0; Win64; x64) AppleWebKit/537.36 (KHTML, like Gecko) Chrome/140.0.0.0 Safari/537.36","data":{"request_id":"req_68df298e3c2d48.89792360","method":"GET","path":"api/proveedores/user/15","status_code":200,"execution_time_ms":11.1,"response_size":1566,"memory_usage_mb":28.0,"memory_peak_mb":28.0,"user_id":15,"performance_category":"fast","response_headers":{"content_type":"application/json"}},"timestamp":"2025-10-03T01:40:30.257652Z"} 
[2025-10-02 18:40:30] local.ERROR: System Error {"error":"Suspicious Activity Detected","context":"Security","user_id":15,"ip_address":"::1","data":{"indicators":["high_request_volume"],"ip_address":"::1","user_id":15,"user_agent":"Mozilla/5.0 (Windows NT 10.0; Win64; x64) AppleWebKit/537.36 (KHTML, like Gecko) Chrome/140.0.0.0 Safari/537.36","path":"api/proveedores/user/15","request_count":239},"timestamp":"2025-10-03T01:40:30.260598Z"} 
[2025-10-02 18:40:30] local.INFO: User Action {"action":"request_start","model":"API_Request","model_id":0,"user_id":15,"user_email":"proveedor@materialesconstruccion.mx","ip_address":"::1","user_agent":"Mozilla/5.0 (Windows NT 10.0; Win64; x64) AppleWebKit/537.36 (KHTML, like Gecko) Chrome/140.0.0.0 Safari/537.36","data":{"request_id":"req_68df298e6064e9.92909092","method":"GET","path":"api/auth/me","full_url":"http://localhost:8080/api/auth/me","ip_address":"::1","user_agent":"Mozilla/5.0 (Windows NT 10.0; Win64; x64) AppleWebKit/537.36 (KHTML, like Gecko) Chrome/140.0.0.0 Safari/537.36","referer":"http://localhost:4200/","user_id":15,"user_email":"proveedor@materialesconstruccion.mx","headers":{"host":["localhost:8080"],"connection":["keep-alive"],"sec-ch-ua-platform":["\"Windows\""],"authorization":"[HIDDEN]","sec-ch-ua":["\"Chromium\";v=\"140\", \"Not=A?Brand\";v=\"24\", \"Google Chrome\";v=\"140\""],"sec-ch-ua-mobile":["?0"],"access-control-allow-credentials":["true"],"user-agent":["Mozilla/5.0 (Windows NT 10.0; Win64; x64) AppleWebKit/537.36 (KHTML, like Gecko) Chrome/140.0.0.0 Safari/537.36"],"accept":["application/json"],"content-type":["application/json"],"origin":["http://localhost:4200"],"sec-fetch-site":["same-site"],"sec-fetch-mode":["cors"],"sec-fetch-dest":["empty"],"referer":["http://localhost:4200/"],"accept-encoding":["gzip, deflate, br, zstd"],"accept-language":["es-419,es;q=0.9"]},"query_params":[],"request_data":[],"request_size":0,"timestamp":"2025-10-03T01:40:30.394936Z"},"timestamp":"2025-10-03T01:40:30.395295Z"} 
[2025-10-02 18:40:30] local.INFO: User Action {"action":"request_end","model":"API_Request","model_id":0,"user_id":15,"user_email":"proveedor@materialesconstruccion.mx","ip_address":"::1","user_agent":"Mozilla/5.0 (Windows NT 10.0; Win64; x64) AppleWebKit/537.36 (KHTML, like Gecko) Chrome/140.0.0.0 Safari/537.36","data":{"request_id":"req_68df298e6064e9.92909092","method":"GET","path":"api/auth/me","status_code":200,"execution_time_ms":11.77,"response_size":1979,"memory_usage_mb":28.0,"memory_peak_mb":28.0,"user_id":15,"performance_category":"fast","response_headers":{"content_type":"application/json"}},"timestamp":"2025-10-03T01:40:30.406675Z"} 
[2025-10-02 18:40:30] local.ERROR: System Error {"error":"Suspicious Activity Detected","context":"Security","user_id":15,"ip_address":"::1","data":{"indicators":["high_request_volume"],"ip_address":"::1","user_id":15,"user_agent":"Mozilla/5.0 (Windows NT 10.0; Win64; x64) AppleWebKit/537.36 (KHTML, like Gecko) Chrome/140.0.0.0 Safari/537.36","path":"api/auth/me","request_count":240},"timestamp":"2025-10-03T01:40:30.409679Z"} 
[2025-10-02 18:40:30] local.INFO: User Action {"action":"request_start","model":"API_Request","model_id":0,"user_id":15,"user_email":"proveedor@materialesconstruccion.mx","ip_address":"::1","user_agent":"Mozilla/5.0 (Windows NT 10.0; Win64; x64) AppleWebKit/537.36 (KHTML, like Gecko) Chrome/140.0.0.0 Safari/537.36","data":{"request_id":"req_68df298edc6210.44700680","method":"GET","path":"api/proveedores/4/solicitudes-pago","full_url":"http://localhost:8080/api/proveedores/4/solicitudes-pago?estado_solicitud=pendiente&order=desc&per_page=15&sort_by=fecha_registro_pendiente","ip_address":"::1","user_agent":"Mozilla/5.0 (Windows NT 10.0; Win64; x64) AppleWebKit/537.36 (KHTML, like Gecko) Chrome/140.0.0.0 Safari/537.36","referer":"http://localhost:4200/","user_id":15,"user_email":"proveedor@materialesconstruccion.mx","headers":{"host":["localhost:8080"],"connection":["keep-alive"],"sec-ch-ua-platform":["\"Windows\""],"authorization":"[HIDDEN]","sec-ch-ua":["\"Chromium\";v=\"140\", \"Not=A?Brand\";v=\"24\", \"Google Chrome\";v=\"140\""],"sec-ch-ua-mobile":["?0"],"access-control-allow-credentials":["true"],"user-agent":["Mozilla/5.0 (Windows NT 10.0; Win64; x64) AppleWebKit/537.36 (KHTML, like Gecko) Chrome/140.0.0.0 Safari/537.36"],"accept":["application/json, text/plain, */*"],"content-type":["application/json"],"origin":["http://localhost:4200"],"sec-fetch-site":["same-site"],"sec-fetch-mode":["cors"],"sec-fetch-dest":["empty"],"referer":["http://localhost:4200/"],"accept-encoding":["gzip, deflate, br, zstd"],"accept-language":["es-419,es;q=0.9"]},"query_params":{"estado_solicitud":"pendiente","per_page":"15","sort_by":"fecha_registro_pendiente","order":"desc"},"request_data":{"_proveedor_id":4,"_user_proveedor_relation":"PRINCIPAL","estado_solicitud":"pendiente","per_page":"15","sort_by":"fecha_registro_pendiente","order":"desc"},"request_size":0,"timestamp":"2025-10-03T01:40:30.902837Z"},"timestamp":"2025-10-03T01:40:30.903278Z"} 
[2025-10-02 18:40:30] local.INFO: User Action {"action":"request_end","model":"API_Request","model_id":0,"user_id":15,"user_email":"proveedor@materialesconstruccion.mx","ip_address":"::1","user_agent":"Mozilla/5.0 (Windows NT 10.0; Win64; x64) AppleWebKit/537.36 (KHTML, like Gecko) Chrome/140.0.0.0 Safari/537.36","data":{"request_id":"req_68df298edc6210.44700680","method":"GET","path":"api/proveedores/4/solicitudes-pago","status_code":200,"execution_time_ms":13.72,"response_size":9744,"memory_usage_mb":28.0,"memory_peak_mb":28.0,"user_id":15,"performance_category":"fast","response_headers":{"content_type":"application/json"}},"timestamp":"2025-10-03T01:40:30.916484Z"} 
[2025-10-02 18:40:30] local.ERROR: System Error {"error":"Suspicious Activity Detected","context":"Security","user_id":15,"ip_address":"::1","data":{"indicators":["high_request_volume"],"ip_address":"::1","user_id":15,"user_agent":"Mozilla/5.0 (Windows NT 10.0; Win64; x64) AppleWebKit/537.36 (KHTML, like Gecko) Chrome/140.0.0.0 Safari/537.36","path":"api/proveedores/4/solicitudes-pago","request_count":241},"timestamp":"2025-10-03T01:40:30.919937Z"} 
[2025-10-02 18:44:43] local.INFO: User Action {"action":"request_start","model":"API_Request","model_id":0,"user_id":15,"user_email":"proveedor@materialesconstruccion.mx","ip_address":"::1","user_agent":"Mozilla/5.0 (Windows NT 10.0; Win64; x64) AppleWebKit/537.36 (KHTML, like Gecko) Chrome/140.0.0.0 Safari/537.36","data":{"request_id":"req_68df2a8b76b200.66150582","method":"GET","path":"api/auth/me","full_url":"http://localhost:8080/api/auth/me","ip_address":"::1","user_agent":"Mozilla/5.0 (Windows NT 10.0; Win64; x64) AppleWebKit/537.36 (KHTML, like Gecko) Chrome/140.0.0.0 Safari/537.36","referer":"http://localhost:4200/","user_id":15,"user_email":"proveedor@materialesconstruccion.mx","headers":{"host":["localhost:8080"],"connection":["keep-alive"],"sec-ch-ua-platform":["\"Windows\""],"authorization":"[HIDDEN]","sec-ch-ua":["\"Chromium\";v=\"140\", \"Not=A?Brand\";v=\"24\", \"Google Chrome\";v=\"140\""],"sec-ch-ua-mobile":["?0"],"access-control-allow-credentials":["true"],"user-agent":["Mozilla/5.0 (Windows NT 10.0; Win64; x64) AppleWebKit/537.36 (KHTML, like Gecko) Chrome/140.0.0.0 Safari/537.36"],"accept":["application/json"],"content-type":["application/json"],"origin":["http://localhost:4200"],"sec-fetch-site":["same-site"],"sec-fetch-mode":["cors"],"sec-fetch-dest":["empty"],"referer":["http://localhost:4200/"],"accept-encoding":["gzip, deflate, br, zstd"],"accept-language":["es-419,es;q=0.9"]},"query_params":[],"request_data":[],"request_size":0,"timestamp":"2025-10-03T01:44:43.486337Z"},"timestamp":"2025-10-03T01:44:43.487145Z"} 
[2025-10-02 18:44:43] local.INFO: User Action {"action":"request_end","model":"API_Request","model_id":0,"user_id":15,"user_email":"proveedor@materialesconstruccion.mx","ip_address":"::1","user_agent":"Mozilla/5.0 (Windows NT 10.0; Win64; x64) AppleWebKit/537.36 (KHTML, like Gecko) Chrome/140.0.0.0 Safari/537.36","data":{"request_id":"req_68df2a8b76b200.66150582","method":"GET","path":"api/auth/me","status_code":200,"execution_time_ms":18.07,"response_size":1979,"memory_usage_mb":28.0,"memory_peak_mb":28.0,"user_id":15,"performance_category":"fast","response_headers":{"content_type":"application/json"}},"timestamp":"2025-10-03T01:44:43.504319Z"} 
[2025-10-02 18:44:43] local.ERROR: System Error {"error":"Suspicious Activity Detected","context":"Security","user_id":15,"ip_address":"::1","data":{"indicators":["high_request_volume"],"ip_address":"::1","user_id":15,"user_agent":"Mozilla/5.0 (Windows NT 10.0; Win64; x64) AppleWebKit/537.36 (KHTML, like Gecko) Chrome/140.0.0.0 Safari/537.36","path":"api/auth/me","request_count":242},"timestamp":"2025-10-03T01:44:43.508412Z"} 
[2025-10-02 18:44:44] local.INFO: User Action {"action":"request_start","model":"API_Request","model_id":0,"user_id":15,"user_email":"proveedor@materialesconstruccion.mx","ip_address":"::1","user_agent":"Mozilla/5.0 (Windows NT 10.0; Win64; x64) AppleWebKit/537.36 (KHTML, like Gecko) Chrome/140.0.0.0 Safari/537.36","data":{"request_id":"req_68df2a8c221776.27709777","method":"GET","path":"api/notifications","full_url":"http://localhost:8080/api/notifications","ip_address":"::1","user_agent":"Mozilla/5.0 (Windows NT 10.0; Win64; x64) AppleWebKit/537.36 (KHTML, like Gecko) Chrome/140.0.0.0 Safari/537.36","referer":"http://localhost:4200/","user_id":15,"user_email":"proveedor@materialesconstruccion.mx","headers":{"host":["localhost:8080"],"connection":["keep-alive"],"sec-ch-ua-platform":["\"Windows\""],"authorization":"[HIDDEN]","sec-ch-ua":["\"Chromium\";v=\"140\", \"Not=A?Brand\";v=\"24\", \"Google Chrome\";v=\"140\""],"sec-ch-ua-mobile":["?0"],"access-control-allow-credentials":["true"],"user-agent":["Mozilla/5.0 (Windows NT 10.0; Win64; x64) AppleWebKit/537.36 (KHTML, like Gecko) Chrome/140.0.0.0 Safari/537.36"],"accept":["application/json, text/plain, */*"],"content-type":["application/json"],"origin":["http://localhost:4200"],"sec-fetch-site":["same-site"],"sec-fetch-mode":["cors"],"sec-fetch-dest":["empty"],"referer":["http://localhost:4200/"],"accept-encoding":["gzip, deflate, br, zstd"],"accept-language":["es-419,es;q=0.9"]},"query_params":[],"request_data":[],"request_size":0,"timestamp":"2025-10-03T01:44:44.139736Z"},"timestamp":"2025-10-03T01:44:44.140069Z"} 
[2025-10-02 18:44:44] local.INFO: User Action {"action":"request_end","model":"API_Request","model_id":0,"user_id":15,"user_email":"proveedor@materialesconstruccion.mx","ip_address":"::1","user_agent":"Mozilla/5.0 (Windows NT 10.0; Win64; x64) AppleWebKit/537.36 (KHTML, like Gecko) Chrome/140.0.0.0 Safari/537.36","data":{"request_id":"req_68df2a8c221776.27709777","method":"GET","path":"api/notifications","status_code":200,"execution_time_ms":8.01,"response_size":558,"memory_usage_mb":26.0,"memory_peak_mb":26.0,"user_id":15,"performance_category":"fast","response_headers":{"content_type":"application/json"}},"timestamp":"2025-10-03T01:44:44.147714Z"} 
[2025-10-02 18:44:44] local.ERROR: System Error {"error":"Suspicious Activity Detected","context":"Security","user_id":15,"ip_address":"::1","data":{"indicators":["high_request_volume"],"ip_address":"::1","user_id":15,"user_agent":"Mozilla/5.0 (Windows NT 10.0; Win64; x64) AppleWebKit/537.36 (KHTML, like Gecko) Chrome/140.0.0.0 Safari/537.36","path":"api/notifications","request_count":243},"timestamp":"2025-10-03T01:44:44.151441Z"} 
[2025-10-02 18:44:44] local.INFO: User Action {"action":"request_start","model":"API_Request","model_id":0,"user_id":15,"user_email":"proveedor@materialesconstruccion.mx","ip_address":"::1","user_agent":"Mozilla/5.0 (Windows NT 10.0; Win64; x64) AppleWebKit/537.36 (KHTML, like Gecko) Chrome/140.0.0.0 Safari/537.36","data":{"request_id":"req_68df2a8c43f2c2.26621207","method":"GET","path":"api/proveedores/user/15","full_url":"http://localhost:8080/api/proveedores/user/15","ip_address":"::1","user_agent":"Mozilla/5.0 (Windows NT 10.0; Win64; x64) AppleWebKit/537.36 (KHTML, like Gecko) Chrome/140.0.0.0 Safari/537.36","referer":"http://localhost:4200/","user_id":15,"user_email":"proveedor@materialesconstruccion.mx","headers":{"host":["localhost:8080"],"connection":["keep-alive"],"sec-ch-ua-platform":["\"Windows\""],"authorization":"[HIDDEN]","sec-ch-ua":["\"Chromium\";v=\"140\", \"Not=A?Brand\";v=\"24\", \"Google Chrome\";v=\"140\""],"sec-ch-ua-mobile":["?0"],"access-control-allow-credentials":["true"],"user-agent":["Mozilla/5.0 (Windows NT 10.0; Win64; x64) AppleWebKit/537.36 (KHTML, like Gecko) Chrome/140.0.0.0 Safari/537.36"],"accept":["application/json, text/plain, */*"],"content-type":["application/json"],"origin":["http://localhost:4200"],"sec-fetch-site":["same-site"],"sec-fetch-mode":["cors"],"sec-fetch-dest":["empty"],"referer":["http://localhost:4200/"],"accept-encoding":["gzip, deflate, br, zstd"],"accept-language":["es-419,es;q=0.9"]},"query_params":[],"request_data":[],"request_size":0,"timestamp":"2025-10-03T01:44:44.278498Z"},"timestamp":"2025-10-03T01:44:44.278975Z"} 
[2025-10-02 18:44:44] local.INFO: User Action {"action":"request_end","model":"API_Request","model_id":0,"user_id":15,"user_email":"proveedor@materialesconstruccion.mx","ip_address":"::1","user_agent":"Mozilla/5.0 (Windows NT 10.0; Win64; x64) AppleWebKit/537.36 (KHTML, like Gecko) Chrome/140.0.0.0 Safari/537.36","data":{"request_id":"req_68df2a8c43f2c2.26621207","method":"GET","path":"api/proveedores/user/15","status_code":200,"execution_time_ms":11.32,"response_size":1566,"memory_usage_mb":28.0,"memory_peak_mb":28.0,"user_id":15,"performance_category":"fast","response_headers":{"content_type":"application/json"}},"timestamp":"2025-10-03T01:44:44.289693Z"} 
[2025-10-02 18:44:44] local.ERROR: System Error {"error":"Suspicious Activity Detected","context":"Security","user_id":15,"ip_address":"::1","data":{"indicators":["high_request_volume"],"ip_address":"::1","user_id":15,"user_agent":"Mozilla/5.0 (Windows NT 10.0; Win64; x64) AppleWebKit/537.36 (KHTML, like Gecko) Chrome/140.0.0.0 Safari/537.36","path":"api/proveedores/user/15","request_count":244},"timestamp":"2025-10-03T01:44:44.294156Z"} 
[2025-10-02 18:44:44] local.INFO: User Action {"action":"request_start","model":"API_Request","model_id":0,"user_id":15,"user_email":"proveedor@materialesconstruccion.mx","ip_address":"::1","user_agent":"Mozilla/5.0 (Windows NT 10.0; Win64; x64) AppleWebKit/537.36 (KHTML, like Gecko) Chrome/140.0.0.0 Safari/537.36","data":{"request_id":"req_68df2a8c689ec2.46681413","method":"GET","path":"api/auth/me","full_url":"http://localhost:8080/api/auth/me","ip_address":"::1","user_agent":"Mozilla/5.0 (Windows NT 10.0; Win64; x64) AppleWebKit/537.36 (KHTML, like Gecko) Chrome/140.0.0.0 Safari/537.36","referer":"http://localhost:4200/","user_id":15,"user_email":"proveedor@materialesconstruccion.mx","headers":{"host":["localhost:8080"],"connection":["keep-alive"],"sec-ch-ua-platform":["\"Windows\""],"authorization":"[HIDDEN]","sec-ch-ua":["\"Chromium\";v=\"140\", \"Not=A?Brand\";v=\"24\", \"Google Chrome\";v=\"140\""],"sec-ch-ua-mobile":["?0"],"access-control-allow-credentials":["true"],"user-agent":["Mozilla/5.0 (Windows NT 10.0; Win64; x64) AppleWebKit/537.36 (KHTML, like Gecko) Chrome/140.0.0.0 Safari/537.36"],"accept":["application/json"],"content-type":["application/json"],"origin":["http://localhost:4200"],"sec-fetch-site":["same-site"],"sec-fetch-mode":["cors"],"sec-fetch-dest":["empty"],"referer":["http://localhost:4200/"],"accept-encoding":["gzip, deflate, br, zstd"],"accept-language":["es-419,es;q=0.9"]},"query_params":[],"request_data":[],"request_size":0,"timestamp":"2025-10-03T01:44:44.428636Z"},"timestamp":"2025-10-03T01:44:44.429029Z"} 
[2025-10-02 18:44:44] local.INFO: User Action {"action":"request_end","model":"API_Request","model_id":0,"user_id":15,"user_email":"proveedor@materialesconstruccion.mx","ip_address":"::1","user_agent":"Mozilla/5.0 (Windows NT 10.0; Win64; x64) AppleWebKit/537.36 (KHTML, like Gecko) Chrome/140.0.0.0 Safari/537.36","data":{"request_id":"req_68df2a8c689ec2.46681413","method":"GET","path":"api/auth/me","status_code":200,"execution_time_ms":11.07,"response_size":1979,"memory_usage_mb":28.0,"memory_peak_mb":28.0,"user_id":15,"performance_category":"fast","response_headers":{"content_type":"application/json"}},"timestamp":"2025-10-03T01:44:44.439735Z"} 
[2025-10-02 18:44:44] local.ERROR: System Error {"error":"Suspicious Activity Detected","context":"Security","user_id":15,"ip_address":"::1","data":{"indicators":["high_request_volume"],"ip_address":"::1","user_id":15,"user_agent":"Mozilla/5.0 (Windows NT 10.0; Win64; x64) AppleWebKit/537.36 (KHTML, like Gecko) Chrome/140.0.0.0 Safari/537.36","path":"api/auth/me","request_count":245},"timestamp":"2025-10-03T01:44:44.444081Z"} 
[2025-10-02 18:44:44] local.INFO: User Action {"action":"request_start","model":"API_Request","model_id":0,"user_id":15,"user_email":"proveedor@materialesconstruccion.mx","ip_address":"::1","user_agent":"Mozilla/5.0 (Windows NT 10.0; Win64; x64) AppleWebKit/537.36 (KHTML, like Gecko) Chrome/140.0.0.0 Safari/537.36","data":{"request_id":"req_68df2a8ce23f41.54046502","method":"GET","path":"api/proveedores/4/solicitudes-pago","full_url":"http://localhost:8080/api/proveedores/4/solicitudes-pago?estado_solicitud=pendiente&order=desc&per_page=15&sort_by=fecha_registro_pendiente","ip_address":"::1","user_agent":"Mozilla/5.0 (Windows NT 10.0; Win64; x64) AppleWebKit/537.36 (KHTML, like Gecko) Chrome/140.0.0.0 Safari/537.36","referer":"http://localhost:4200/","user_id":15,"user_email":"proveedor@materialesconstruccion.mx","headers":{"host":["localhost:8080"],"connection":["keep-alive"],"sec-ch-ua-platform":["\"Windows\""],"authorization":"[HIDDEN]","sec-ch-ua":["\"Chromium\";v=\"140\", \"Not=A?Brand\";v=\"24\", \"Google Chrome\";v=\"140\""],"sec-ch-ua-mobile":["?0"],"access-control-allow-credentials":["true"],"user-agent":["Mozilla/5.0 (Windows NT 10.0; Win64; x64) AppleWebKit/537.36 (KHTML, like Gecko) Chrome/140.0.0.0 Safari/537.36"],"accept":["application/json, text/plain, */*"],"content-type":["application/json"],"origin":["http://localhost:4200"],"sec-fetch-site":["same-site"],"sec-fetch-mode":["cors"],"sec-fetch-dest":["empty"],"referer":["http://localhost:4200/"],"accept-encoding":["gzip, deflate, br, zstd"],"accept-language":["es-419,es;q=0.9"]},"query_params":{"estado_solicitud":"pendiente","per_page":"15","sort_by":"fecha_registro_pendiente","order":"desc"},"request_data":{"_proveedor_id":4,"_user_proveedor_relation":"PRINCIPAL","estado_solicitud":"pendiente","per_page":"15","sort_by":"fecha_registro_pendiente","order":"desc"},"request_size":0,"timestamp":"2025-10-03T01:44:44.926803Z"},"timestamp":"2025-10-03T01:44:44.927201Z"} 
[2025-10-02 18:44:44] local.INFO: User Action {"action":"request_end","model":"API_Request","model_id":0,"user_id":15,"user_email":"proveedor@materialesconstruccion.mx","ip_address":"::1","user_agent":"Mozilla/5.0 (Windows NT 10.0; Win64; x64) AppleWebKit/537.36 (KHTML, like Gecko) Chrome/140.0.0.0 Safari/537.36","data":{"request_id":"req_68df2a8ce23f41.54046502","method":"GET","path":"api/proveedores/4/solicitudes-pago","status_code":200,"execution_time_ms":19.47,"response_size":9744,"memory_usage_mb":28.0,"memory_peak_mb":28.0,"user_id":15,"performance_category":"fast","response_headers":{"content_type":"application/json"}},"timestamp":"2025-10-03T01:44:44.946485Z"} 
[2025-10-02 18:44:44] local.ERROR: System Error {"error":"Suspicious Activity Detected","context":"Security","user_id":15,"ip_address":"::1","data":{"indicators":["high_request_volume"],"ip_address":"::1","user_id":15,"user_agent":"Mozilla/5.0 (Windows NT 10.0; Win64; x64) AppleWebKit/537.36 (KHTML, like Gecko) Chrome/140.0.0.0 Safari/537.36","path":"api/proveedores/4/solicitudes-pago","request_count":246},"timestamp":"2025-10-03T01:44:44.950252Z"} 
[2025-10-02 18:48:07] local.INFO: User Action {"action":"request_start","model":"API_Request","model_id":0,"user_id":15,"user_email":"proveedor@materialesconstruccion.mx","ip_address":"::1","user_agent":"Mozilla/5.0 (Windows NT 10.0; Win64; x64) AppleWebKit/537.36 (KHTML, like Gecko) Chrome/140.0.0.0 Safari/537.36","data":{"request_id":"req_68df2b57cfab61.00652242","method":"GET","path":"api/proveedores/4/solicitudes-pago/6","full_url":"http://localhost:8080/api/proveedores/4/solicitudes-pago/6","ip_address":"::1","user_agent":"Mozilla/5.0 (Windows NT 10.0; Win64; x64) AppleWebKit/537.36 (KHTML, like Gecko) Chrome/140.0.0.0 Safari/537.36","referer":"http://localhost:4200/","user_id":15,"user_email":"proveedor@materialesconstruccion.mx","headers":{"host":["localhost:8080"],"connection":["keep-alive"],"sec-ch-ua-platform":["\"Windows\""],"authorization":"[HIDDEN]","sec-ch-ua":["\"Chromium\";v=\"140\", \"Not=A?Brand\";v=\"24\", \"Google Chrome\";v=\"140\""],"sec-ch-ua-mobile":["?0"],"access-control-allow-credentials":["true"],"user-agent":["Mozilla/5.0 (Windows NT 10.0; Win64; x64) AppleWebKit/537.36 (KHTML, like Gecko) Chrome/140.0.0.0 Safari/537.36"],"accept":["application/json, text/plain, */*"],"content-type":["application/json"],"origin":["http://localhost:4200"],"sec-fetch-site":["same-site"],"sec-fetch-mode":["cors"],"sec-fetch-dest":["empty"],"referer":["http://localhost:4200/"],"accept-encoding":["gzip, deflate, br, zstd"],"accept-language":["es-419,es;q=0.9"]},"query_params":[],"request_data":{"_proveedor_id":4,"_user_proveedor_relation":"PRINCIPAL"},"request_size":0,"timestamp":"2025-10-03T01:48:07.850700Z"},"timestamp":"2025-10-03T01:48:07.851132Z"} 
[2025-10-02 18:48:07] local.INFO: User Action {"action":"request_end","model":"API_Request","model_id":0,"user_id":15,"user_email":"proveedor@materialesconstruccion.mx","ip_address":"::1","user_agent":"Mozilla/5.0 (Windows NT 10.0; Win64; x64) AppleWebKit/537.36 (KHTML, like Gecko) Chrome/140.0.0.0 Safari/537.36","data":{"request_id":"req_68df2b57cfab61.00652242","method":"GET","path":"api/proveedores/4/solicitudes-pago/6","status_code":400,"execution_time_ms":5.46,"response_size":106,"memory_usage_mb":28.0,"memory_peak_mb":28.0,"user_id":15,"performance_category":"fast","response_headers":{"content_type":"application/json"}},"timestamp":"2025-10-03T01:48:07.856149Z"} 
[2025-10-02 18:48:07] local.ERROR: System Error {"error":"HTTP_400","context":"API_Error","user_id":15,"ip_address":"::1","data":{"request_id":"req_68df2b57cfab61.00652242","error_type":"client_error","status_code":400,"method":"GET","path":"api/proveedores/4/solicitudes-pago/6","error_data":{"status":"ERROR","code":400,"message":"Solicitud no pertenece a este proveedor","data":null,"errors":403},"user_id":15,"ip_address":"::1","user_agent":"Mozilla/5.0 (Windows NT 10.0; Win64; x64) AppleWebKit/537.36 (KHTML, like Gecko) Chrome/140.0.0.0 Safari/537.36","request_data":{"_proveedor_id":4,"_user_proveedor_relation":"PRINCIPAL"}},"timestamp":"2025-10-03T01:48:07.856424Z"} 
[2025-10-02 18:48:07] local.ERROR: System Error {"error":"Suspicious Activity Detected","context":"Security","user_id":15,"ip_address":"::1","data":{"indicators":["high_request_volume"],"ip_address":"::1","user_id":15,"user_agent":"Mozilla/5.0 (Windows NT 10.0; Win64; x64) AppleWebKit/537.36 (KHTML, like Gecko) Chrome/140.0.0.0 Safari/537.36","path":"api/proveedores/4/solicitudes-pago/6","request_count":247},"timestamp":"2025-10-03T01:48:07.859148Z"} 
